-- MariaDB dump 10.19  Distrib 10.4.32-MariaDB, for Win64 (AMD64)
--
-- Host: 127.0.0.1    Database: timetable_app
-- ------------------------------------------------------
-- Server version	10.4.32-MariaDB

/*!40101 SET @OLD_CHARACTER_SET_CLIENT=@@CHARACTER_SET_CLIENT */;
/*!40101 SET @OLD_CHARACTER_SET_RESULTS=@@CHARACTER_SET_RESULTS */;
/*!40101 SET @OLD_COLLATION_CONNECTION=@@COLLATION_CONNECTION */;
/*!40101 SET NAMES utf8mb4 */;
/*!40103 SET @OLD_TIME_ZONE=@@TIME_ZONE */;
/*!40103 SET TIME_ZONE='+00:00' */;
/*!40014 SET @OLD_UNIQUE_CHECKS=@@UNIQUE_CHECKS, UNIQUE_CHECKS=0 */;
/*!40014 SET @OLD_FOREIGN_KEY_CHECKS=@@FOREIGN_KEY_CHECKS, FOREIGN_KEY_CHECKS=0 */;
/*!40101 SET @OLD_SQL_MODE=@@SQL_MODE, SQL_MODE='NO_AUTO_VALUE_ON_ZERO' */;
/*!40111 SET @OLD_SQL_NOTES=@@SQL_NOTES, SQL_NOTES=0 */;

--
-- Table structure for table `academic_years`
--

DROP TABLE IF EXISTS `academic_years`;
/*!40101 SET @saved_cs_client     = @@character_set_client */;
/*!40101 SET character_set_client = utf8 */;
CREATE TABLE `academic_years` (
  `id` int(10) unsigned NOT NULL AUTO_INCREMENT,
  `year_label` varchar(10) NOT NULL,
  `is_active` tinyint(1) NOT NULL DEFAULT 0,
  `created_at` timestamp NOT NULL DEFAULT current_timestamp(),
  PRIMARY KEY (`id`),
  UNIQUE KEY `year_label` (`year_label`)
) ENGINE=InnoDB AUTO_INCREMENT=3 DEFAULT CHARSET=utf8mb4 COLLATE=utf8mb4_general_ci;
/*!40101 SET character_set_client = @saved_cs_client */;

--
-- Dumping data for table `academic_years`
--

LOCK TABLES `academic_years` WRITE;
/*!40000 ALTER TABLE `academic_years` DISABLE KEYS */;
INSERT INTO `academic_years` VALUES (1,'2568',1,'2025-10-21 01:53:16'),(2,'2567',0,'2025-10-21 01:53:26');
/*!40000 ALTER TABLE `academic_years` ENABLE KEYS */;
UNLOCK TABLES;

--
-- Table structure for table `activity_classes`
--

DROP TABLE IF EXISTS `activity_classes`;
/*!40101 SET @saved_cs_client     = @@character_set_client */;
/*!40101 SET character_set_client = utf8 */;
CREATE TABLE `activity_classes` (
  `id` int(10) unsigned NOT NULL AUTO_INCREMENT,
  `activity_id` int(10) unsigned NOT NULL,
  `class_id` int(10) unsigned NOT NULL,
  PRIMARY KEY (`id`),
  UNIQUE KEY `uniq_activity_class` (`activity_id`,`class_id`),
  KEY `fk_ac_class` (`class_id`),
  CONSTRAINT `fk_ac_activity` FOREIGN KEY (`activity_id`) REFERENCES `activity_groups` (`id`) ON DELETE CASCADE,
  CONSTRAINT `fk_ac_class` FOREIGN KEY (`class_id`) REFERENCES `classes` (`id`) ON DELETE CASCADE
) ENGINE=InnoDB AUTO_INCREMENT=253 DEFAULT CHARSET=utf8mb4 COLLATE=utf8mb4_general_ci;
/*!40101 SET character_set_client = @saved_cs_client */;

--
-- Dumping data for table `activity_classes`
--

LOCK TABLES `activity_classes` WRITE;
/*!40000 ALTER TABLE `activity_classes` DISABLE KEYS */;
INSERT INTO `activity_classes` VALUES (182,11,10),(183,11,11),(184,11,56),(185,11,57),(186,11,58),(187,11,59),(188,11,60),(189,11,61),(190,12,6),(191,12,7),(192,12,8),(193,12,9),(194,12,22),(195,12,23),(196,12,24),(197,12,25),(198,12,26),(199,12,27),(200,12,28),(201,12,29),(202,13,30),(203,13,31),(204,13,32),(205,13,33),(206,13,34),(207,13,35),(208,13,36),(209,13,37),(210,13,38),(211,13,39),(212,13,40),(213,13,41),(104,14,1),(105,14,2),(106,14,3),(107,14,4),(108,14,5),(109,15,17),(110,15,18),(111,15,19),(112,15,20),(113,15,21),(114,16,12),(115,16,13),(116,16,14),(117,16,15),(118,16,16),(214,17,6),(215,17,7),(216,17,8),(217,17,9),(218,17,22),(219,17,23),(220,17,24),(221,17,25),(222,17,26),(223,17,27),(224,17,28),(225,17,29),(226,17,30),(227,17,31),(228,17,32),(229,17,33),(230,17,34),(231,17,35),(232,17,36),(233,17,37),(234,17,38),(235,17,39),(236,17,40),(237,17,41),(238,18,1),(239,18,2),(240,18,3),(241,18,4),(242,18,5),(248,18,12),(249,18,13),(250,18,14),(251,18,15),(252,18,16),(243,18,17),(244,18,18),(245,18,19),(246,18,20),(247,18,21),(158,19,6),(159,19,7),(160,19,8),(161,19,9),(162,19,22),(163,19,23),(164,19,24),(165,19,25),(166,19,26),(167,19,27),(168,19,28),(169,19,29),(170,19,30),(171,19,31),(172,19,32),(173,19,33),(174,19,34),(175,19,35),(176,19,36),(177,19,37),(178,19,38),(179,19,39),(180,19,40),(181,19,41);
/*!40000 ALTER TABLE `activity_classes` ENABLE KEYS */;
UNLOCK TABLES;

--
-- Table structure for table `activity_groups`
--

DROP TABLE IF EXISTS `activity_groups`;
/*!40101 SET @saved_cs_client     = @@character_set_client */;
/*!40101 SET character_set_client = utf8 */;
CREATE TABLE `activity_groups` (
  `id` int(10) unsigned NOT NULL AUTO_INCREMENT,
  `academic_year_id` int(10) unsigned NOT NULL,
  `term_no` tinyint(3) unsigned NOT NULL,
  `activity_name` varchar(200) NOT NULL,
  `day_of_week` tinyint(3) unsigned NOT NULL,
  `period_no` tinyint(3) unsigned NOT NULL,
  `room_id` int(10) unsigned DEFAULT NULL,
  `created_at` timestamp NOT NULL DEFAULT current_timestamp(),
  PRIMARY KEY (`id`),
  UNIQUE KEY `uniq_activity_time` (`academic_year_id`,`term_no`,`day_of_week`,`period_no`,`activity_name`),
  KEY `idx_year_term` (`academic_year_id`,`term_no`),
  KEY `fk_ag_room` (`room_id`),
  CONSTRAINT `fk_ag_room` FOREIGN KEY (`room_id`) REFERENCES `rooms` (`id`) ON DELETE SET NULL,
  CONSTRAINT `fk_ag_year` FOREIGN KEY (`academic_year_id`) REFERENCES `academic_years` (`id`) ON DELETE CASCADE
) ENGINE=InnoDB AUTO_INCREMENT=20 DEFAULT CHARSET=utf8mb4 COLLATE=utf8mb4_general_ci;
/*!40101 SET character_set_client = @saved_cs_client */;

--
-- Dumping data for table `activity_groups`
--

LOCK TABLES `activity_groups` WRITE;
/*!40000 ALTER TABLE `activity_groups` DISABLE KEYS */;
INSERT INTO `activity_groups` VALUES (11,1,2,'ลูกเสือ',1,1,NULL,'2025-11-14 08:26:02'),(12,1,2,'ลูกเสือ',1,2,NULL,'2025-11-14 08:28:30'),(13,1,2,'ลูกเสือ',1,3,NULL,'2025-11-14 08:31:32'),(14,1,2,'ลูกเสือ',1,6,NULL,'2025-11-14 08:35:04'),(15,1,2,'ลูกเสือ',1,7,NULL,'2025-11-14 08:37:37'),(16,1,2,'ลูกเสือ',1,8,NULL,'2025-11-14 08:39:58'),(17,1,2,'ชุมนุม',3,7,NULL,'2025-11-14 08:44:49'),(18,1,2,'ชุมนุม',5,9,NULL,'2025-11-14 08:49:18'),(19,1,2,'ซ่อมเสริม',5,9,NULL,'2025-11-14 08:50:53');
/*!40000 ALTER TABLE `activity_groups` ENABLE KEYS */;
UNLOCK TABLES;

--
-- Table structure for table `activity_logs`
--

DROP TABLE IF EXISTS `activity_logs`;
/*!40101 SET @saved_cs_client     = @@character_set_client */;
/*!40101 SET character_set_client = utf8 */;
CREATE TABLE `activity_logs` (
  `id` int(10) unsigned NOT NULL AUTO_INCREMENT,
  `user_id` int(10) unsigned DEFAULT NULL,
  `username` varchar(100) DEFAULT NULL,
  `action` varchar(100) NOT NULL,
  `table_name` varchar(100) DEFAULT NULL,
  `record_id` int(10) unsigned DEFAULT NULL,
  `old_values` text DEFAULT NULL,
  `new_values` text DEFAULT NULL,
  `ip_address` varchar(45) DEFAULT NULL,
  `user_agent` text DEFAULT NULL,
  `created_at` timestamp NOT NULL DEFAULT current_timestamp(),
  PRIMARY KEY (`id`),
  KEY `idx_user` (`user_id`),
  KEY `idx_action` (`action`),
  KEY `idx_table` (`table_name`),
  KEY `idx_created` (`created_at`)
) ENGINE=InnoDB AUTO_INCREMENT=809 DEFAULT CHARSET=utf8mb4 COLLATE=utf8mb4_unicode_ci;
/*!40101 SET character_set_client = @saved_cs_client */;

--
-- Dumping data for table `activity_logs`
--

LOCK TABLES `activity_logs` WRITE;
/*!40000 ALTER TABLE `activity_logs` DISABLE KEYS */;
INSERT INTO `activity_logs` VALUES (1,6,'t00241','create_loads','teaching_loads',NULL,NULL,'{\"year_label\":\"2568\",\"term_no\":2,\"teacher_name\":\"อ.ดร.ปรางศรี .\",\"subject\":\"ภาษาอังกฤษ - ภาษาอังกฤษ\",\"classes\":[\"ม4\\/1\",\"ม4\\/2\",\"ม4\\/3\",\"ม4\\/4\"],\"room_name\":\"-\",\"periods_per_week\":4,\"consecutive_slots\":2,\"inserted\":4,\"updated\":0,\"created_ids\":[190,191,192,193]}','192.168.8.4','Mozilla/5.0 (Windows NT 10.0; Win64; x64) AppleWebKit/537.36 (KHTML, like Gecko) Chrome/141.0.0.0 Safari/537.36 Edg/141.0.0.0','2025-11-14 05:23:20'),(2,6,'t00241','create_loads','teaching_loads',NULL,NULL,'{\"year_label\":\"2568\",\"term_no\":2,\"teacher_name\":\"อ.ดร.ปรางศรี .\",\"subject\":\"ภาษาอังกฤษ - ภาษาอังกฤษ\",\"classes\":[\"ม5\\/1\",\"ม5\\/2\",\"ม5\\/3\",\"ม5\\/4\",\"ม6\\/1\",\"ม6\\/2\",\"ม6\\/3\",\"ม6\\/4\"],\"room_name\":\"-\",\"periods_per_week\":2,\"consecutive_slots\":2,\"inserted\":8,\"updated\":0,\"created_ids\":[194,195,196,197,198,199,200,201]}','192.168.8.4','Mozilla/5.0 (Windows NT 10.0; Win64; x64) AppleWebKit/537.36 (KHTML, like Gecko) Chrome/141.0.0.0 Safari/537.36 Edg/141.0.0.0','2025-11-14 05:23:52'),(3,6,'t00241','add_timetable_slot','timetable_slots',NULL,NULL,'{\"view\":\"teacher\",\"year_label\":\"2568\",\"term_no\":2,\"class_name\":\"ม5\\/1\",\"day_of_week\":\"อังคาร\",\"period_start\":1,\"period_end\":2,\"span\":2,\"subject\":\"ภาษาอังกฤษ - ภาษาอังกฤษ\",\"teachers\":[\"อ.ดร.ปรางศรี .\"],\"room_name\":\"-\",\"source\":\"manual\",\"slot_ids\":[2735,2736]}','192.168.8.4','Mozilla/5.0 (Windows NT 10.0; Win64; x64) AppleWebKit/537.36 (KHTML, like Gecko) Chrome/141.0.0.0 Safari/537.36 Edg/141.0.0.0','2025-11-14 05:24:16'),(4,6,'t00241','add_timetable_slot','timetable_slots',NULL,NULL,'{\"view\":\"teacher\",\"year_label\":\"2568\",\"term_no\":2,\"class_name\":\"ม5\\/2\",\"day_of_week\":\"อังคาร\",\"period_start\":3,\"period_end\":4,\"span\":2,\"subject\":\"ภาษาอังกฤษ - ภาษาอังกฤษ\",\"teachers\":[\"อ.ดร.ปรางศรี .\"],\"room_name\":\"-\",\"source\":\"manual\",\"slot_ids\":[2737,2738]}','192.168.8.4','Mozilla/5.0 (Windows NT 10.0; Win64; x64) AppleWebKit/537.36 (KHTML, like Gecko) Chrome/141.0.0.0 Safari/537.36 Edg/141.0.0.0','2025-11-14 05:24:23'),(5,6,'t00241','add_timetable_slot','timetable_slots',NULL,NULL,'{\"view\":\"teacher\",\"year_label\":\"2568\",\"term_no\":2,\"class_name\":\"ม5\\/3\",\"day_of_week\":\"อังคาร\",\"period_start\":5,\"period_end\":5,\"span\":1,\"subject\":\"ภาษาอังกฤษ - ภาษาอังกฤษ\",\"teachers\":[\"อ.ดร.ปรางศรี .\"],\"room_name\":\"-\",\"source\":\"manual\",\"slot_ids\":[2739]}','192.168.8.4','Mozilla/5.0 (Windows NT 10.0; Win64; x64) AppleWebKit/537.36 (KHTML, like Gecko) Chrome/141.0.0.0 Safari/537.36 Edg/141.0.0.0','2025-11-14 05:24:32'),(6,6,'t00241','delete','timetable_slots',2739,'{\"view\":\"teacher\",\"year_label\":\"2568\",\"term_no\":2,\"class_name\":\"ม5\\/3\",\"day_of_week\":\"อังคาร\",\"period_no\":5,\"subject\":\"ภาษาอังกฤษ - ภาษาอังกฤษ\",\"teachers\":\"อ.ดร.ปรางศรี .\",\"room_name\":\"-\",\"source\":\"manual\"}',NULL,'192.168.8.4','Mozilla/5.0 (Windows NT 10.0; Win64; x64) AppleWebKit/537.36 (KHTML, like Gecko) Chrome/141.0.0.0 Safari/537.36 Edg/141.0.0.0','2025-11-14 05:24:50'),(7,6,'t00241','add_timetable_slot','timetable_slots',NULL,NULL,'{\"view\":\"teacher\",\"year_label\":\"2568\",\"term_no\":2,\"class_name\":\"ม5\\/3\",\"day_of_week\":\"อังคาร\",\"period_start\":5,\"period_end\":5,\"span\":1,\"subject\":\"ภาษาอังกฤษ - ภาษาอังกฤษ\",\"teachers\":[\"อ.ดร.ปรางศรี .\"],\"room_name\":\"-\",\"source\":\"manual\",\"slot_ids\":[2741]}','192.168.8.4','Mozilla/5.0 (Windows NT 10.0; Win64; x64) AppleWebKit/537.36 (KHTML, like Gecko) Chrome/141.0.0.0 Safari/537.36 Edg/141.0.0.0','2025-11-14 05:26:17'),(8,6,'t00241','add_timetable_slot','timetable_slots',NULL,NULL,'{\"view\":\"teacher\",\"year_label\":\"2568\",\"term_no\":2,\"class_name\":\"ม5\\/4\",\"day_of_week\":\"อังคาร\",\"period_start\":8,\"period_end\":9,\"span\":2,\"subject\":\"ภาษาอังกฤษ - ภาษาอังกฤษ\",\"teachers\":[\"อ.ดร.ปรางศรี .\"],\"room_name\":\"-\",\"source\":\"manual\",\"slot_ids\":[2742,2743]}','192.168.8.4','Mozilla/5.0 (Windows NT 10.0; Win64; x64) AppleWebKit/537.36 (KHTML, like Gecko) Chrome/141.0.0.0 Safari/537.36 Edg/141.0.0.0','2025-11-14 05:27:21'),(9,6,'t00241','add_timetable_slot','timetable_slots',NULL,NULL,'{\"view\":\"teacher\",\"year_label\":\"2568\",\"term_no\":2,\"class_name\":\"ม4\\/1\",\"day_of_week\":\"พุธ\",\"period_start\":1,\"period_end\":2,\"span\":2,\"subject\":\"ภาษาอังกฤษ - ภาษาอังกฤษ\",\"teachers\":[\"อ.ดร.ปรางศรี .\"],\"room_name\":\"-\",\"source\":\"manual\",\"slot_ids\":[2744,2745]}','192.168.8.4','Mozilla/5.0 (Windows NT 10.0; Win64; x64) AppleWebKit/537.36 (KHTML, like Gecko) Chrome/141.0.0.0 Safari/537.36 Edg/141.0.0.0','2025-11-14 05:27:27'),(10,6,'t00241','add_timetable_slot','timetable_slots',NULL,NULL,'{\"view\":\"teacher\",\"year_label\":\"2568\",\"term_no\":2,\"class_name\":\"ม4\\/2\",\"day_of_week\":\"พุธ\",\"period_start\":3,\"period_end\":4,\"span\":2,\"subject\":\"ภาษาอังกฤษ - ภาษาอังกฤษ\",\"teachers\":[\"อ.ดร.ปรางศรี .\"],\"room_name\":\"-\",\"source\":\"manual\",\"slot_ids\":[2746,2747]}','192.168.8.4','Mozilla/5.0 (Windows NT 10.0; Win64; x64) AppleWebKit/537.36 (KHTML, like Gecko) Chrome/141.0.0.0 Safari/537.36 Edg/141.0.0.0','2025-11-14 05:27:32'),(11,6,'t00241','add_timetable_slot','timetable_slots',NULL,NULL,'{\"view\":\"teacher\",\"year_label\":\"2568\",\"term_no\":2,\"class_name\":\"ม4\\/3\",\"day_of_week\":\"พุธ\",\"period_start\":6,\"period_end\":7,\"span\":2,\"subject\":\"ภาษาอังกฤษ - ภาษาอังกฤษ\",\"teachers\":[\"อ.ดร.ปรางศรี .\"],\"room_name\":\"-\",\"source\":\"manual\",\"slot_ids\":[2748,2749]}','192.168.8.4','Mozilla/5.0 (Windows NT 10.0; Win64; x64) AppleWebKit/537.36 (KHTML, like Gecko) Chrome/141.0.0.0 Safari/537.36 Edg/141.0.0.0','2025-11-14 05:27:37'),(12,6,'t00241','add_timetable_slot','timetable_slots',NULL,NULL,'{\"view\":\"teacher\",\"year_label\":\"2568\",\"term_no\":2,\"class_name\":\"ม4\\/4\",\"day_of_week\":\"พุธ\",\"period_start\":8,\"period_end\":9,\"span\":2,\"subject\":\"ภาษาอังกฤษ - ภาษาอังกฤษ\",\"teachers\":[\"อ.ดร.ปรางศรี .\"],\"room_name\":\"-\",\"source\":\"manual\",\"slot_ids\":[2750,2751]}','192.168.8.4','Mozilla/5.0 (Windows NT 10.0; Win64; x64) AppleWebKit/537.36 (KHTML, like Gecko) Chrome/141.0.0.0 Safari/537.36 Edg/141.0.0.0','2025-11-14 05:27:41'),(13,6,'t00241','add_timetable_slot','timetable_slots',NULL,NULL,'{\"view\":\"teacher\",\"year_label\":\"2568\",\"term_no\":2,\"class_name\":\"ม5\\/3\",\"day_of_week\":\"อังคาร\",\"period_start\":7,\"period_end\":7,\"span\":1,\"subject\":\"ภาษาอังกฤษ - ภาษาอังกฤษ\",\"teachers\":[\"อ.ดร.ปรางศรี .\"],\"room_name\":\"-\",\"source\":\"manual\",\"slot_ids\":[2752],\"forced\":\"yes\"}','192.168.8.4','Mozilla/5.0 (Windows NT 10.0; Win64; x64) AppleWebKit/537.36 (KHTML, like Gecko) Chrome/141.0.0.0 Safari/537.36 Edg/141.0.0.0','2025-11-14 05:34:11'),(14,6,'t00241','add_timetable_slot','timetable_slots',NULL,NULL,'{\"view\":\"teacher\",\"year_label\":\"2568\",\"term_no\":2,\"class_name\":\"ม6\\/1\",\"day_of_week\":\"ศุกร์\",\"period_start\":1,\"period_end\":2,\"span\":2,\"subject\":\"ภาษาอังกฤษ - ภาษาอังกฤษ\",\"teachers\":[\"อ.ดร.ปรางศรี .\"],\"room_name\":\"-\",\"source\":\"manual\",\"slot_ids\":[2753,2754],\"forced\":\"no\"}','192.168.8.4','Mozilla/5.0 (Windows NT 10.0; Win64; x64) AppleWebKit/537.36 (KHTML, like Gecko) Chrome/141.0.0.0 Safari/537.36 Edg/141.0.0.0','2025-11-14 05:34:27'),(15,6,'t00241','add_timetable_slot','timetable_slots',NULL,NULL,'{\"view\":\"teacher\",\"year_label\":\"2568\",\"term_no\":2,\"class_name\":\"ม6\\/2\",\"day_of_week\":\"ศุกร์\",\"period_start\":3,\"period_end\":4,\"span\":2,\"subject\":\"ภาษาอังกฤษ - ภาษาอังกฤษ\",\"teachers\":[\"อ.ดร.ปรางศรี .\"],\"room_name\":\"-\",\"source\":\"manual\",\"slot_ids\":[2755,2756],\"forced\":\"no\"}','192.168.8.4','Mozilla/5.0 (Windows NT 10.0; Win64; x64) AppleWebKit/537.36 (KHTML, like Gecko) Chrome/141.0.0.0 Safari/537.36 Edg/141.0.0.0','2025-11-14 05:34:33'),(16,6,'t00241','add_timetable_slot','timetable_slots',NULL,NULL,'{\"view\":\"teacher\",\"year_label\":\"2568\",\"term_no\":2,\"class_name\":\"ม6\\/3\",\"day_of_week\":\"ศุกร์\",\"period_start\":5,\"period_end\":5,\"span\":1,\"subject\":\"ภาษาอังกฤษ - ภาษาอังกฤษ\",\"teachers\":[\"อ.ดร.ปรางศรี .\"],\"room_name\":\"-\",\"source\":\"manual\",\"slot_ids\":[2757],\"forced\":\"no\"}','192.168.8.4','Mozilla/5.0 (Windows NT 10.0; Win64; x64) AppleWebKit/537.36 (KHTML, like Gecko) Chrome/141.0.0.0 Safari/537.36 Edg/141.0.0.0','2025-11-14 05:35:47'),(17,6,'t00241','add_timetable_slot','timetable_slots',NULL,NULL,'{\"view\":\"teacher\",\"year_label\":\"2568\",\"term_no\":2,\"class_name\":\"ม6\\/3\",\"day_of_week\":\"ศุกร์\",\"period_start\":7,\"period_end\":7,\"span\":1,\"subject\":\"ภาษาอังกฤษ - ภาษาอังกฤษ\",\"teachers\":[\"อ.ดร.ปรางศรี .\"],\"room_name\":\"-\",\"source\":\"manual\",\"slot_ids\":[2758],\"forced\":\"yes\"}','192.168.8.4','Mozilla/5.0 (Windows NT 10.0; Win64; x64) AppleWebKit/537.36 (KHTML, like Gecko) Chrome/141.0.0.0 Safari/537.36 Edg/141.0.0.0','2025-11-14 05:35:53'),(18,6,'t00241','add_timetable_slot','timetable_slots',NULL,NULL,'{\"view\":\"teacher\",\"year_label\":\"2568\",\"term_no\":2,\"class_name\":\"ม6\\/4\",\"day_of_week\":\"ศุกร์\",\"period_start\":8,\"period_end\":9,\"span\":2,\"subject\":\"ภาษาอังกฤษ - ภาษาอังกฤษ\",\"teachers\":[\"อ.ดร.ปรางศรี .\"],\"room_name\":\"-\",\"source\":\"manual\",\"slot_ids\":[2759,2760],\"forced\":\"no\"}','192.168.8.4','Mozilla/5.0 (Windows NT 10.0; Win64; x64) AppleWebKit/537.36 (KHTML, like Gecko) Chrome/141.0.0.0 Safari/537.36 Edg/141.0.0.0','2025-11-14 05:35:56'),(19,6,'t00241','add_timetable_slot','timetable_slots',NULL,NULL,'{\"view\":\"teacher\",\"year_label\":\"2568\",\"term_no\":2,\"class_name\":\"ม4\\/1\",\"day_of_week\":\"-\",\"period_start\":1,\"period_end\":2,\"span\":2,\"subject\":\"ภาษาอังกฤษ - ภาษาอังกฤษ\",\"teachers\":[\"อ.ดร.ปรางศรี .\"],\"room_name\":\"-\",\"source\":\"manual\",\"slot_ids\":[2761,2762],\"forced\":\"no\"}','192.168.8.4','Mozilla/5.0 (Windows NT 10.0; Win64; x64) AppleWebKit/537.36 (KHTML, like Gecko) Chrome/141.0.0.0 Safari/537.36 Edg/141.0.0.0','2025-11-14 05:36:06'),(20,6,'t00241','add_timetable_slot','timetable_slots',NULL,NULL,'{\"view\":\"teacher\",\"year_label\":\"2568\",\"term_no\":2,\"class_name\":\"ม4\\/2\",\"day_of_week\":\"-\",\"period_start\":3,\"period_end\":4,\"span\":2,\"subject\":\"ภาษาอังกฤษ - ภาษาอังกฤษ\",\"teachers\":[\"อ.ดร.ปรางศรี .\"],\"room_name\":\"-\",\"source\":\"manual\",\"slot_ids\":[2763,2764],\"forced\":\"no\"}','192.168.8.4','Mozilla/5.0 (Windows NT 10.0; Win64; x64) AppleWebKit/537.36 (KHTML, like Gecko) Chrome/141.0.0.0 Safari/537.36 Edg/141.0.0.0','2025-11-14 05:36:10'),(21,6,'t00241','add_timetable_slot','timetable_slots',NULL,NULL,'{\"view\":\"teacher\",\"year_label\":\"2568\",\"term_no\":2,\"class_name\":\"ม4\\/3\",\"day_of_week\":\"-\",\"period_start\":6,\"period_end\":7,\"span\":2,\"subject\":\"ภาษาอังกฤษ - ภาษาอังกฤษ\",\"teachers\":[\"อ.ดร.ปรางศรี .\"],\"room_name\":\"-\",\"source\":\"manual\",\"slot_ids\":[2765,2766],\"forced\":\"no\"}','192.168.8.4','Mozilla/5.0 (Windows NT 10.0; Win64; x64) AppleWebKit/537.36 (KHTML, like Gecko) Chrome/141.0.0.0 Safari/537.36 Edg/141.0.0.0','2025-11-14 05:36:15'),(22,6,'t00241','add_timetable_slot','timetable_slots',NULL,NULL,'{\"view\":\"teacher\",\"year_label\":\"2568\",\"term_no\":2,\"class_name\":\"ม4\\/4\",\"day_of_week\":\"-\",\"period_start\":8,\"period_end\":9,\"span\":2,\"subject\":\"ภาษาอังกฤษ - ภาษาอังกฤษ\",\"teachers\":[\"อ.ดร.ปรางศรี .\"],\"room_name\":\"-\",\"source\":\"manual\",\"slot_ids\":[2767,2768],\"forced\":\"no\"}','192.168.8.4','Mozilla/5.0 (Windows NT 10.0; Win64; x64) AppleWebKit/537.36 (KHTML, like Gecko) Chrome/141.0.0.0 Safari/537.36 Edg/141.0.0.0','2025-11-14 05:36:19'),(23,6,'t00241','create_loads','teaching_loads',NULL,NULL,'{\"year_label\":\"2568\",\"term_no\":2,\"teacher_name\":\"ณฐพล สุนทรกระจ่าง\",\"subject\":\"ศิลปะ - ศิลปะ\",\"classes\":[\"ม1\\/1\",\"ม1\\/2\",\"ม1\\/3\",\"ม1\\/4\",\"ม1\\/5\"],\"room_name\":\"-\",\"periods_per_week\":1,\"consecutive_slots\":1,\"inserted\":5,\"updated\":0,\"created_ids\":[202,203,204,205,206]}','192.168.8.4','Mozilla/5.0 (Windows NT 10.0; Win64; x64) AppleWebKit/537.36 (KHTML, like Gecko) Chrome/141.0.0.0 Safari/537.36 Edg/141.0.0.0','2025-11-14 05:44:33'),(24,6,'t00241','add_timetable_slot','timetable_slots',NULL,NULL,'{\"view\":\"teacher\",\"year_label\":\"2568\",\"term_no\":2,\"class_name\":\"ม1\\/5\",\"day_of_week\":\"พุธ\",\"period_start\":9,\"period_end\":9,\"span\":1,\"subject\":\"ศิลปะ - ศิลปะ\",\"teachers\":[\"ณฐพล สุนทรกระจ่าง\"],\"room_name\":\"-\",\"source\":\"manual\",\"slot_ids\":[2769],\"forced\":\"no\"}','192.168.8.4','Mozilla/5.0 (Windows NT 10.0; Win64; x64) AppleWebKit/537.36 (KHTML, like Gecko) Chrome/141.0.0.0 Safari/537.36 Edg/141.0.0.0','2025-11-14 05:45:11'),(25,6,'t00241','add_timetable_slot','timetable_slots',NULL,NULL,'{\"view\":\"teacher\",\"year_label\":\"2568\",\"term_no\":2,\"class_name\":\"ม1\\/4\",\"day_of_week\":\"พุธ\",\"period_start\":3,\"period_end\":3,\"span\":1,\"subject\":\"ศิลปะ - ศิลปะ\",\"teachers\":[\"ณฐพล สุนทรกระจ่าง\"],\"room_name\":\"-\",\"source\":\"manual\",\"slot_ids\":[2770],\"forced\":\"no\"}','192.168.8.4','Mozilla/5.0 (Windows NT 10.0; Win64; x64) AppleWebKit/537.36 (KHTML, like Gecko) Chrome/141.0.0.0 Safari/537.36 Edg/141.0.0.0','2025-11-14 05:45:20'),(26,6,'t00241','add_timetable_slot','timetable_slots',NULL,NULL,'{\"view\":\"teacher\",\"year_label\":\"2568\",\"term_no\":2,\"class_name\":\"ม1\\/1\",\"day_of_week\":\"ศุกร์\",\"period_start\":1,\"period_end\":1,\"span\":1,\"subject\":\"ศิลปะ - ศิลปะ\",\"teachers\":[\"ณฐพล สุนทรกระจ่าง\"],\"room_name\":\"-\",\"source\":\"manual\",\"slot_ids\":[2771],\"forced\":\"no\"}','192.168.8.4','Mozilla/5.0 (Windows NT 10.0; Win64; x64) AppleWebKit/537.36 (KHTML, like Gecko) Chrome/141.0.0.0 Safari/537.36 Edg/141.0.0.0','2025-11-14 05:45:37'),(27,6,'t00241','add_timetable_slot','timetable_slots',NULL,NULL,'{\"view\":\"teacher\",\"year_label\":\"2568\",\"term_no\":2,\"class_name\":\"ม1\\/2\",\"day_of_week\":\"ศุกร์\",\"period_start\":2,\"period_end\":2,\"span\":1,\"subject\":\"ศิลปะ - ศิลปะ\",\"teachers\":[\"ณฐพล สุนทรกระจ่าง\"],\"room_name\":\"-\",\"source\":\"manual\",\"slot_ids\":[2772],\"forced\":\"no\"}','192.168.8.4','Mozilla/5.0 (Windows NT 10.0; Win64; x64) AppleWebKit/537.36 (KHTML, like Gecko) Chrome/141.0.0.0 Safari/537.36 Edg/141.0.0.0','2025-11-14 05:45:42'),(28,6,'t00241','add_timetable_slot','timetable_slots',NULL,NULL,'{\"view\":\"teacher\",\"year_label\":\"2568\",\"term_no\":2,\"class_name\":\"ม1\\/3\",\"day_of_week\":\"ศุกร์\",\"period_start\":7,\"period_end\":7,\"span\":1,\"subject\":\"ศิลปะ - ศิลปะ\",\"teachers\":[\"ณฐพล สุนทรกระจ่าง\"],\"room_name\":\"-\",\"source\":\"manual\",\"slot_ids\":[2773],\"forced\":\"no\"}','192.168.8.4','Mozilla/5.0 (Windows NT 10.0; Win64; x64) AppleWebKit/537.36 (KHTML, like Gecko) Chrome/141.0.0.0 Safari/537.36 Edg/141.0.0.0','2025-11-14 05:46:54'),(29,6,'t00241','create_loads','teaching_loads',NULL,NULL,'{\"year_label\":\"2568\",\"term_no\":2,\"teacher_name\":\"ณฐพล สุนทรกระจ่าง\",\"subject\":\"แนะแนว - แนะแนว\",\"classes\":[\"ม1\\/2\"],\"room_name\":\"-\",\"periods_per_week\":1,\"consecutive_slots\":1,\"inserted\":1,\"updated\":0,\"created_ids\":[207]}','192.168.8.4','Mozilla/5.0 (Windows NT 10.0; Win64; x64) AppleWebKit/537.36 (KHTML, like Gecko) Chrome/141.0.0.0 Safari/537.36 Edg/141.0.0.0','2025-11-14 05:47:22'),(30,6,'t00241','add_timetable_slot','timetable_slots',NULL,NULL,'{\"view\":\"teacher\",\"year_label\":\"2568\",\"term_no\":2,\"class_name\":\"ม1\\/2\",\"day_of_week\":\"ศุกร์\",\"period_start\":8,\"period_end\":8,\"span\":1,\"subject\":\"แนะแนว - แนะแนว\",\"teachers\":[\"ณฐพล สุนทรกระจ่าง\"],\"room_name\":\"-\",\"source\":\"manual\",\"slot_ids\":[2774],\"forced\":\"no\"}','192.168.8.4','Mozilla/5.0 (Windows NT 10.0; Win64; x64) AppleWebKit/537.36 (KHTML, like Gecko) Chrome/141.0.0.0 Safari/537.36 Edg/141.0.0.0','2025-11-14 05:47:38'),(31,6,'t00241','create_loads','teaching_loads',NULL,NULL,'{\"year_label\":\"2568\",\"term_no\":2,\"teacher_name\":\"พัศภัสสรณ์ ปรุงเรือน\",\"subject\":\"โครงงาน - โครงงาน\",\"classes\":[\"ม2\\/1\",\"ม2\\/2\",\"ม2\\/3\",\"ม2\\/4\",\"ม2\\/5\",\"ม4\\/1\",\"ม4\\/2\",\"ม4\\/3\",\"ม4\\/4\",\"ม5\\/1\",\"ม5\\/2\",\"ม5\\/3\",\"ม5\\/4\"],\"room_name\":\"-\",\"periods_per_week\":1,\"consecutive_slots\":1,\"inserted\":13,\"updated\":0,\"created_ids\":[208,209,210,211,212,213,214,215,216,217,218,219,220]}','192.168.8.4','Mozilla/5.0 (Windows NT 10.0; Win64; x64) AppleWebKit/537.36 (KHTML, like Gecko) Chrome/141.0.0.0 Safari/537.36 Edg/141.0.0.0','2025-11-14 05:50:40'),(32,6,'t00241','create_loads','teaching_loads',NULL,NULL,'{\"year_label\":\"2568\",\"term_no\":2,\"teacher_name\":\"พัศภัสสรณ์ ปรุงเรือน\",\"subject\":\"วิทย์เสริม - วิทย์เสริม\",\"classes\":[\"ม2\\/1\",\"ม2\\/2\",\"ม2\\/3\",\"ม2\\/4\",\"ม2\\/5\"],\"room_name\":\"-\",\"periods_per_week\":1,\"consecutive_slots\":1,\"inserted\":5,\"updated\":0,\"created_ids\":[221,222,223,224,225]}','192.168.8.4','Mozilla/5.0 (Windows NT 10.0; Win64; x64) AppleWebKit/537.36 (KHTML, like Gecko) Chrome/141.0.0.0 Safari/537.36 Edg/141.0.0.0','2025-11-14 05:51:16'),(33,6,'t00241','create_loads','teaching_loads',NULL,NULL,'{\"year_label\":\"2568\",\"term_no\":2,\"teacher_name\":\"บัณฑิตา เอี๊ยะมณี\",\"subject\":\"โครงงาน - โครงงาน\",\"classes\":[\"ม4\\/1\",\"ม4\\/2\",\"ม4\\/3\",\"ม4\\/4\"],\"room_name\":\"-\",\"periods_per_week\":1,\"consecutive_slots\":1,\"inserted\":4,\"updated\":0,\"created_ids\":[226,227,228,229]}','192.168.8.4','Mozilla/5.0 (Windows NT 10.0; Win64; x64) AppleWebKit/537.36 (KHTML, like Gecko) Chrome/141.0.0.0 Safari/537.36 Edg/141.0.0.0','2025-11-14 05:53:13'),(34,6,'t00241','create_loads','teaching_loads',NULL,NULL,'{\"year_label\":\"2568\",\"term_no\":2,\"teacher_name\":\"บัณฑิตา เอี๊ยะมณี\",\"subject\":\"วิทยาศาสตร์ - วิทยาศาสตร์\",\"classes\":[\"ป6\\/1\",\"ป6\\/2\",\"ป6\\/3\",\"ป6\\/4\"],\"room_name\":\"-\",\"periods_per_week\":3,\"consecutive_slots\":1,\"inserted\":4,\"updated\":0,\"created_ids\":[230,231,232,233]}','192.168.8.4','Mozilla/5.0 (Windows NT 10.0; Win64; x64) AppleWebKit/537.36 (KHTML, like Gecko) Chrome/141.0.0.0 Safari/537.36 Edg/141.0.0.0','2025-11-14 05:53:59'),(35,6,'t00241','create_loads','teaching_loads',NULL,NULL,'{\"year_label\":\"2568\",\"term_no\":2,\"teacher_name\":\"บัณฑิตา เอี๊ยะมณี\",\"subject\":\"โครงงาน - โครงงาน\",\"classes\":[\"ป6\\/1\",\"ป6\\/2\",\"ป6\\/3\",\"ป6\\/4\"],\"room_name\":\"-\",\"periods_per_week\":1,\"consecutive_slots\":1,\"inserted\":4,\"updated\":0,\"created_ids\":[234,235,236,237]}','192.168.8.4','Mozilla/5.0 (Windows NT 10.0; Win64; x64) AppleWebKit/537.36 (KHTML, like Gecko) Chrome/141.0.0.0 Safari/537.36 Edg/141.0.0.0','2025-11-14 05:54:11'),(36,6,'t00241','create_loads','teaching_loads',NULL,NULL,'{\"year_label\":\"2568\",\"term_no\":2,\"teacher_name\":\"พรพิมล มอญถนอม\",\"subject\":\"โครงงาน - โครงงาน\",\"classes\":[\"ป5\\/1\",\"ป5\\/2\",\"ป5\\/3\",\"ป5\\/4\",\"ม5\\/2\",\"ม5\\/3\",\"ม5\\/4\"],\"room_name\":\"-\",\"periods_per_week\":1,\"consecutive_slots\":1,\"inserted\":7,\"updated\":0,\"created_ids\":[238,239,240,241,242,243,244]}','192.168.8.4','Mozilla/5.0 (Windows NT 10.0; Win64; x64) AppleWebKit/537.36 (KHTML, like Gecko) Chrome/141.0.0.0 Safari/537.36 Edg/141.0.0.0','2025-11-14 05:54:58'),(37,6,'t00241','create_loads','teaching_loads',NULL,NULL,'{\"year_label\":\"2568\",\"term_no\":2,\"teacher_name\":\"พรพิมล มอญถนอม\",\"subject\":\"วิทยาศาสตร์ - วิทยาศาสตร์\",\"classes\":[\"ป5\\/1\",\"ป5\\/2\",\"ป5\\/3\",\"ป5\\/4\"],\"room_name\":\"-\",\"periods_per_week\":3,\"consecutive_slots\":1,\"inserted\":4,\"updated\":0,\"created_ids\":[245,246,247,248]}','192.168.8.4','Mozilla/5.0 (Windows NT 10.0; Win64; x64) AppleWebKit/537.36 (KHTML, like Gecko) Chrome/141.0.0.0 Safari/537.36 Edg/141.0.0.0','2025-11-14 05:55:25'),(38,6,'t00241','add_timetable_slot','timetable_slots',NULL,NULL,'{\"view\":\"teacher\",\"year_label\":\"2568\",\"term_no\":2,\"class_name\":\"ม2\\/5\",\"day_of_week\":\"จันทร์\",\"period_start\":6,\"period_end\":6,\"span\":1,\"subject\":\"โครงงาน - โครงงาน\",\"teachers\":[\"พัศภัสสรณ์ ปรุงเรือน\"],\"room_name\":\"-\",\"source\":\"manual\",\"slot_ids\":[2775],\"forced\":\"no\"}','192.168.8.4','Mozilla/5.0 (Windows NT 10.0; Win64; x64) AppleWebKit/537.36 (KHTML, like Gecko) Chrome/141.0.0.0 Safari/537.36 Edg/141.0.0.0','2025-11-14 05:57:57'),(39,6,'t00241','add_timetable_slot','timetable_slots',NULL,NULL,'{\"view\":\"teacher\",\"year_label\":\"2568\",\"term_no\":2,\"class_name\":\"ม2\\/3\",\"day_of_week\":\"จันทร์\",\"period_start\":9,\"period_end\":9,\"span\":1,\"subject\":\"วิทย์เสริม - วิทย์เสริม\",\"teachers\":[\"พัศภัสสรณ์ ปรุงเรือน\"],\"room_name\":\"-\",\"source\":\"manual\",\"slot_ids\":[2776],\"forced\":\"no\"}','192.168.8.4','Mozilla/5.0 (Windows NT 10.0; Win64; x64) AppleWebKit/537.36 (KHTML, like Gecko) Chrome/141.0.0.0 Safari/537.36 Edg/141.0.0.0','2025-11-14 05:58:07'),(40,6,'t00241','add_timetable_slot','timetable_slots',NULL,NULL,'{\"view\":\"teacher\",\"year_label\":\"2568\",\"term_no\":2,\"class_name\":\"ม4\\/2\",\"day_of_week\":\"อังคาร\",\"period_start\":1,\"period_end\":1,\"span\":1,\"subject\":\"โครงงาน - โครงงาน\",\"teachers\":[\"พัศภัสสรณ์ ปรุงเรือน\",\"บัณฑิตา เอี๊ยะมณี\"],\"room_name\":\"-\",\"source\":\"manual\",\"slot_ids\":[2777],\"forced\":\"no\"}','192.168.8.4','Mozilla/5.0 (Windows NT 10.0; Win64; x64) AppleWebKit/537.36 (KHTML, like Gecko) Chrome/141.0.0.0 Safari/537.36 Edg/141.0.0.0','2025-11-14 05:58:13'),(41,6,'t00241','add_timetable_slot','timetable_slots',NULL,NULL,'{\"view\":\"teacher\",\"year_label\":\"2568\",\"term_no\":2,\"class_name\":\"ม4\\/3\",\"day_of_week\":\"อังคาร\",\"period_start\":3,\"period_end\":3,\"span\":1,\"subject\":\"โครงงาน - โครงงาน\",\"teachers\":[\"พัศภัสสรณ์ ปรุงเรือน\",\"บัณฑิตา เอี๊ยะมณี\"],\"room_name\":\"-\",\"source\":\"manual\",\"slot_ids\":[2778],\"forced\":\"no\"}','192.168.8.4','Mozilla/5.0 (Windows NT 10.0; Win64; x64) AppleWebKit/537.36 (KHTML, like Gecko) Chrome/141.0.0.0 Safari/537.36 Edg/141.0.0.0','2025-11-14 05:58:21'),(42,6,'t00241','add_timetable_slot','timetable_slots',NULL,NULL,'{\"view\":\"teacher\",\"year_label\":\"2568\",\"term_no\":2,\"class_name\":\"ม4\\/4\",\"day_of_week\":\"อังคาร\",\"period_start\":6,\"period_end\":6,\"span\":1,\"subject\":\"โครงงาน - โครงงาน\",\"teachers\":[\"พัศภัสสรณ์ ปรุงเรือน\",\"บัณฑิตา เอี๊ยะมณี\"],\"room_name\":\"-\",\"source\":\"manual\",\"slot_ids\":[2779],\"forced\":\"no\"}','192.168.8.4','Mozilla/5.0 (Windows NT 10.0; Win64; x64) AppleWebKit/537.36 (KHTML, like Gecko) Chrome/141.0.0.0 Safari/537.36 Edg/141.0.0.0','2025-11-14 05:58:31'),(43,6,'t00241','add_timetable_slot','timetable_slots',NULL,NULL,'{\"view\":\"teacher\",\"year_label\":\"2568\",\"term_no\":2,\"class_name\":\"ม4\\/1\",\"day_of_week\":\"อังคาร\",\"period_start\":8,\"period_end\":8,\"span\":1,\"subject\":\"โครงงาน - โครงงาน\",\"teachers\":[\"พัศภัสสรณ์ ปรุงเรือน\",\"บัณฑิตา เอี๊ยะมณี\"],\"room_name\":\"-\",\"source\":\"manual\",\"slot_ids\":[2780],\"forced\":\"no\"}','192.168.8.4','Mozilla/5.0 (Windows NT 10.0; Win64; x64) AppleWebKit/537.36 (KHTML, like Gecko) Chrome/141.0.0.0 Safari/537.36 Edg/141.0.0.0','2025-11-14 05:58:37'),(44,6,'t00241','add_timetable_slot','timetable_slots',NULL,NULL,'{\"view\":\"teacher\",\"year_label\":\"2568\",\"term_no\":2,\"class_name\":\"ม5\\/4\",\"day_of_week\":\"พุธ\",\"period_start\":3,\"period_end\":3,\"span\":1,\"subject\":\"โครงงาน - โครงงาน\",\"teachers\":[\"พัศภัสสรณ์ ปรุงเรือน\",\"พรพิมล มอญถนอม\"],\"room_name\":\"-\",\"source\":\"manual\",\"slot_ids\":[2781],\"forced\":\"no\"}','192.168.8.4','Mozilla/5.0 (Windows NT 10.0; Win64; x64) AppleWebKit/537.36 (KHTML, like Gecko) Chrome/141.0.0.0 Safari/537.36 Edg/141.0.0.0','2025-11-14 06:00:09'),(45,6,'t00241','add_timetable_slot','timetable_slots',NULL,NULL,'{\"view\":\"teacher\",\"year_label\":\"2568\",\"term_no\":2,\"class_name\":\"ม2\\/1\",\"day_of_week\":\"พุธ\",\"period_start\":8,\"period_end\":8,\"span\":1,\"subject\":\"วิทย์เสริม - วิทย์เสริม\",\"teachers\":[\"พัศภัสสรณ์ ปรุงเรือน\"],\"room_name\":\"-\",\"source\":\"manual\",\"slot_ids\":[2782],\"forced\":\"no\"}','192.168.8.4','Mozilla/5.0 (Windows NT 10.0; Win64; x64) AppleWebKit/537.36 (KHTML, like Gecko) Chrome/141.0.0.0 Safari/537.36 Edg/141.0.0.0','2025-11-14 06:00:20'),(46,6,'t00241','add_timetable_slot','timetable_slots',NULL,NULL,'{\"view\":\"teacher\",\"year_label\":\"2568\",\"term_no\":2,\"class_name\":\"ม2\\/4\",\"day_of_week\":\"พุธ\",\"period_start\":9,\"period_end\":9,\"span\":1,\"subject\":\"วิทย์เสริม - วิทย์เสริม\",\"teachers\":[\"พัศภัสสรณ์ ปรุงเรือน\"],\"room_name\":\"-\",\"source\":\"manual\",\"slot_ids\":[2783],\"forced\":\"no\"}','192.168.8.4','Mozilla/5.0 (Windows NT 10.0; Win64; x64) AppleWebKit/537.36 (KHTML, like Gecko) Chrome/141.0.0.0 Safari/537.36 Edg/141.0.0.0','2025-11-14 06:00:26'),(47,6,'t00241','add_timetable_slot','timetable_slots',NULL,NULL,'{\"view\":\"teacher\",\"year_label\":\"2568\",\"term_no\":2,\"class_name\":\"ม2\\/4\",\"day_of_week\":\"พฤหัสบดี\",\"period_start\":2,\"period_end\":2,\"span\":1,\"subject\":\"โครงงาน - โครงงาน\",\"teachers\":[\"พัศภัสสรณ์ ปรุงเรือน\"],\"room_name\":\"-\",\"source\":\"manual\",\"slot_ids\":[2784],\"forced\":\"no\"}','192.168.8.4','Mozilla/5.0 (Windows NT 10.0; Win64; x64) AppleWebKit/537.36 (KHTML, like Gecko) Chrome/141.0.0.0 Safari/537.36 Edg/141.0.0.0','2025-11-14 06:00:36'),(48,6,'t00241','add_timetable_slot','timetable_slots',NULL,NULL,'{\"view\":\"teacher\",\"year_label\":\"2568\",\"term_no\":2,\"class_name\":\"ม2\\/5\",\"day_of_week\":\"พฤหัสบดี\",\"period_start\":6,\"period_end\":6,\"span\":1,\"subject\":\"วิทย์เสริม - วิทย์เสริม\",\"teachers\":[\"พัศภัสสรณ์ ปรุงเรือน\"],\"room_name\":\"-\",\"source\":\"manual\",\"slot_ids\":[2785],\"forced\":\"no\"}','192.168.8.4','Mozilla/5.0 (Windows NT 10.0; Win64; x64) AppleWebKit/537.36 (KHTML, like Gecko) Chrome/141.0.0.0 Safari/537.36 Edg/141.0.0.0','2025-11-14 06:00:43'),(49,6,'t00241','add_timetable_slot','timetable_slots',NULL,NULL,'{\"view\":\"teacher\",\"year_label\":\"2568\",\"term_no\":2,\"class_name\":\"ม2\\/2\",\"day_of_week\":\"พฤหัสบดี\",\"period_start\":7,\"period_end\":7,\"span\":1,\"subject\":\"วิทย์เสริม - วิทย์เสริม\",\"teachers\":[\"พัศภัสสรณ์ ปรุงเรือน\"],\"room_name\":\"-\",\"source\":\"manual\",\"slot_ids\":[2786],\"forced\":\"no\"}','192.168.8.4','Mozilla/5.0 (Windows NT 10.0; Win64; x64) AppleWebKit/537.36 (KHTML, like Gecko) Chrome/141.0.0.0 Safari/537.36 Edg/141.0.0.0','2025-11-14 06:00:50'),(50,6,'t00241','add_timetable_slot','timetable_slots',NULL,NULL,'{\"view\":\"teacher\",\"year_label\":\"2568\",\"term_no\":2,\"class_name\":\"ม2\\/3\",\"day_of_week\":\"พฤหัสบดี\",\"period_start\":8,\"period_end\":8,\"span\":1,\"subject\":\"โครงงาน - โครงงาน\",\"teachers\":[\"พัศภัสสรณ์ ปรุงเรือน\"],\"room_name\":\"-\",\"source\":\"manual\",\"slot_ids\":[2787],\"forced\":\"no\"}','192.168.8.4','Mozilla/5.0 (Windows NT 10.0; Win64; x64) AppleWebKit/537.36 (KHTML, like Gecko) Chrome/141.0.0.0 Safari/537.36 Edg/141.0.0.0','2025-11-14 06:01:04'),(51,6,'t00241','add_timetable_slot','timetable_slots',NULL,NULL,'{\"view\":\"teacher\",\"year_label\":\"2568\",\"term_no\":2,\"class_name\":\"ม2\\/1\",\"day_of_week\":\"พฤหัสบดี\",\"period_start\":9,\"period_end\":9,\"span\":1,\"subject\":\"โครงงาน - โครงงาน\",\"teachers\":[\"พัศภัสสรณ์ ปรุงเรือน\"],\"room_name\":\"-\",\"source\":\"manual\",\"slot_ids\":[2788],\"forced\":\"no\"}','192.168.8.4','Mozilla/5.0 (Windows NT 10.0; Win64; x64) AppleWebKit/537.36 (KHTML, like Gecko) Chrome/141.0.0.0 Safari/537.36 Edg/141.0.0.0','2025-11-14 06:01:08'),(52,6,'t00241','add_timetable_slot','timetable_slots',NULL,NULL,'{\"view\":\"teacher\",\"year_label\":\"2568\",\"term_no\":2,\"class_name\":\"ม5\\/2\",\"day_of_week\":\"ศุกร์\",\"period_start\":1,\"period_end\":1,\"span\":1,\"subject\":\"โครงงาน - โครงงาน\",\"teachers\":[\"พัศภัสสรณ์ ปรุงเรือน\",\"พรพิมล มอญถนอม\"],\"room_name\":\"-\",\"source\":\"manual\",\"slot_ids\":[2789],\"forced\":\"no\"}','192.168.8.4','Mozilla/5.0 (Windows NT 10.0; Win64; x64) AppleWebKit/537.36 (KHTML, like Gecko) Chrome/141.0.0.0 Safari/537.36 Edg/141.0.0.0','2025-11-14 06:01:53'),(53,6,'t00241','add_timetable_slot','timetable_slots',NULL,NULL,'{\"view\":\"teacher\",\"year_label\":\"2568\",\"term_no\":2,\"class_name\":\"ม5\\/3\",\"day_of_week\":\"ศุกร์\",\"period_start\":4,\"period_end\":4,\"span\":1,\"subject\":\"โครงงาน - โครงงาน\",\"teachers\":[\"พัศภัสสรณ์ ปรุงเรือน\",\"พรพิมล มอญถนอม\"],\"room_name\":\"-\",\"source\":\"manual\",\"slot_ids\":[2790],\"forced\":\"no\"}','192.168.8.4','Mozilla/5.0 (Windows NT 10.0; Win64; x64) AppleWebKit/537.36 (KHTML, like Gecko) Chrome/141.0.0.0 Safari/537.36 Edg/141.0.0.0','2025-11-14 06:01:59'),(54,6,'t00241','add_timetable_slot','timetable_slots',NULL,NULL,'{\"view\":\"teacher\",\"year_label\":\"2568\",\"term_no\":2,\"class_name\":\"ม2\\/2\",\"day_of_week\":\"ศุกร์\",\"period_start\":7,\"period_end\":7,\"span\":1,\"subject\":\"โครงงาน - โครงงาน\",\"teachers\":[\"พัศภัสสรณ์ ปรุงเรือน\"],\"room_name\":\"-\",\"source\":\"manual\",\"slot_ids\":[2791],\"forced\":\"no\"}','192.168.8.4','Mozilla/5.0 (Windows NT 10.0; Win64; x64) AppleWebKit/537.36 (KHTML, like Gecko) Chrome/141.0.0.0 Safari/537.36 Edg/141.0.0.0','2025-11-14 06:03:03'),(55,6,'t00241','add_timetable_slot','timetable_slots',NULL,NULL,'{\"view\":\"teacher\",\"year_label\":\"2568\",\"term_no\":2,\"class_name\":\"ม5\\/1\",\"day_of_week\":\"ศุกร์\",\"period_start\":9,\"period_end\":9,\"span\":1,\"subject\":\"โครงงาน - โครงงาน\",\"teachers\":[\"พัศภัสสรณ์ ปรุงเรือน\"],\"room_name\":\"-\",\"source\":\"manual\",\"slot_ids\":[2792],\"forced\":\"no\"}','192.168.8.4','Mozilla/5.0 (Windows NT 10.0; Win64; x64) AppleWebKit/537.36 (KHTML, like Gecko) Chrome/141.0.0.0 Safari/537.36 Edg/141.0.0.0','2025-11-14 06:03:09'),(56,6,'t00241','create_loads','teaching_loads',NULL,NULL,'{\"year_label\":\"2568\",\"term_no\":2,\"teacher_name\":\"อรัญญา เดชพันธ์\",\"subject\":\"การงาน - การงาน\",\"classes\":[\"ม1\\/1\",\"ม1\\/2\",\"ม1\\/3\",\"ม1\\/4\",\"ม1\\/5\",\"ม2\\/1\",\"ม2\\/2\",\"ม2\\/3\",\"ม2\\/4\",\"ม2\\/5\",\"ม3\\/1\",\"ม3\\/2\",\"ม3\\/3\",\"ม3\\/4\",\"ม3\\/5\",\"ม6\\/1\",\"ม6\\/2\",\"ม6\\/3\",\"ม6\\/4\"],\"room_name\":\"-\",\"periods_per_week\":1,\"consecutive_slots\":1,\"inserted\":19,\"updated\":0,\"created_ids\":[249,250,251,252,253,254,255,256,257,258,259,260,261,262,263,264,265,266,267]}','192.168.8.4','Mozilla/5.0 (Windows NT 10.0; Win64; x64) AppleWebKit/537.36 (KHTML, like Gecko) Chrome/141.0.0.0 Safari/537.36 Edg/141.0.0.0','2025-11-14 06:04:52'),(57,6,'t00241','add_timetable_slot','timetable_slots',NULL,NULL,'{\"view\":\"teacher\",\"year_label\":\"2568\",\"term_no\":2,\"class_name\":\"ป6\\/4\",\"day_of_week\":\"จันทร์\",\"period_start\":1,\"period_end\":1,\"span\":1,\"subject\":\"วิทยาศาสตร์ - วิทยาศาสตร์\",\"teachers\":[\"บัณฑิตา เอี๊ยะมณี\"],\"room_name\":\"-\",\"source\":\"manual\",\"slot_ids\":[2793],\"forced\":\"no\"}','192.168.8.4','Mozilla/5.0 (Windows NT 10.0; Win64; x64) AppleWebKit/537.36 (KHTML, like Gecko) Chrome/141.0.0.0 Safari/537.36 Edg/141.0.0.0','2025-11-14 06:05:54'),(58,6,'t00241','add_timetable_slot','timetable_slots',NULL,NULL,'{\"view\":\"teacher\",\"year_label\":\"2568\",\"term_no\":2,\"class_name\":\"ป6\\/1\",\"day_of_week\":\"จันทร์\",\"period_start\":4,\"period_end\":4,\"span\":1,\"subject\":\"วิทยาศาสตร์ - วิทยาศาสตร์\",\"teachers\":[\"บัณฑิตา เอี๊ยะมณี\"],\"room_name\":\"-\",\"source\":\"manual\",\"slot_ids\":[2794],\"forced\":\"no\"}','192.168.8.4','Mozilla/5.0 (Windows NT 10.0; Win64; x64) AppleWebKit/537.36 (KHTML, like Gecko) Chrome/141.0.0.0 Safari/537.36 Edg/141.0.0.0','2025-11-14 06:06:01'),(59,6,'t00241','add_timetable_slot','timetable_slots',NULL,NULL,'{\"view\":\"teacher\",\"year_label\":\"2568\",\"term_no\":2,\"class_name\":\"ป6\\/2\",\"day_of_week\":\"จันทร์\",\"period_start\":7,\"period_end\":7,\"span\":1,\"subject\":\"วิทยาศาสตร์ - วิทยาศาสตร์\",\"teachers\":[\"บัณฑิตา เอี๊ยะมณี\"],\"room_name\":\"-\",\"source\":\"manual\",\"slot_ids\":[2795],\"forced\":\"no\"}','192.168.8.4','Mozilla/5.0 (Windows NT 10.0; Win64; x64) AppleWebKit/537.36 (KHTML, like Gecko) Chrome/141.0.0.0 Safari/537.36 Edg/141.0.0.0','2025-11-14 06:06:08'),(60,6,'t00241','add_timetable_slot','timetable_slots',NULL,NULL,'{\"view\":\"teacher\",\"year_label\":\"2568\",\"term_no\":2,\"class_name\":\"ป6\\/3\",\"day_of_week\":\"จันทร์\",\"period_start\":9,\"period_end\":9,\"span\":1,\"subject\":\"วิทยาศาสตร์ - วิทยาศาสตร์\",\"teachers\":[\"บัณฑิตา เอี๊ยะมณี\"],\"room_name\":\"-\",\"source\":\"manual\",\"slot_ids\":[2796],\"forced\":\"no\"}','192.168.8.4','Mozilla/5.0 (Windows NT 10.0; Win64; x64) AppleWebKit/537.36 (KHTML, like Gecko) Chrome/141.0.0.0 Safari/537.36 Edg/141.0.0.0','2025-11-14 06:06:14'),(61,6,'t00241','add_timetable_slot','timetable_slots',NULL,NULL,'{\"view\":\"teacher\",\"year_label\":\"2568\",\"term_no\":2,\"class_name\":\"ป6\\/3\",\"day_of_week\":\"พุธ\",\"period_start\":1,\"period_end\":1,\"span\":1,\"subject\":\"โครงงาน - โครงงาน\",\"teachers\":[\"บัณฑิตา เอี๊ยะมณี\"],\"room_name\":\"-\",\"source\":\"manual\",\"slot_ids\":[2797],\"forced\":\"no\"}','192.168.8.4','Mozilla/5.0 (Windows NT 10.0; Win64; x64) AppleWebKit/537.36 (KHTML, like Gecko) Chrome/141.0.0.0 Safari/537.36 Edg/141.0.0.0','2025-11-14 06:07:19'),(62,6,'t00241','add_timetable_slot','timetable_slots',NULL,NULL,'{\"view\":\"teacher\",\"year_label\":\"2568\",\"term_no\":2,\"class_name\":\"ป6\\/4\",\"day_of_week\":\"พุธ\",\"period_start\":3,\"period_end\":3,\"span\":1,\"subject\":\"วิทยาศาสตร์ - วิทยาศาสตร์\",\"teachers\":[\"บัณฑิตา เอี๊ยะมณี\"],\"room_name\":\"-\",\"source\":\"manual\",\"slot_ids\":[2798],\"forced\":\"no\"}','192.168.8.4','Mozilla/5.0 (Windows NT 10.0; Win64; x64) AppleWebKit/537.36 (KHTML, like Gecko) Chrome/141.0.0.0 Safari/537.36 Edg/141.0.0.0','2025-11-14 06:07:25'),(63,6,'t00241','delete','timetable_slots',2798,'{\"view\":\"teacher\",\"year_label\":\"2568\",\"term_no\":2,\"class_name\":\"ป6\\/4\",\"day_of_week\":\"พุธ\",\"period_no\":3,\"subject\":\"วิทยาศาสตร์ - วิทยาศาสตร์\",\"teachers\":\"บัณฑิตา เอี๊ยะมณี\",\"room_name\":\"-\",\"source\":\"manual\"}',NULL,'192.168.8.4','Mozilla/5.0 (Windows NT 10.0; Win64; x64) AppleWebKit/537.36 (KHTML, like Gecko) Chrome/141.0.0.0 Safari/537.36 Edg/141.0.0.0','2025-11-14 06:07:27'),(64,6,'t00241','add_timetable_slot','timetable_slots',NULL,NULL,'{\"view\":\"teacher\",\"year_label\":\"2568\",\"term_no\":2,\"class_name\":\"ป6\\/4\",\"day_of_week\":\"พุธ\",\"period_start\":3,\"period_end\":3,\"span\":1,\"subject\":\"โครงงาน - โครงงาน\",\"teachers\":[\"บัณฑิตา เอี๊ยะมณี\"],\"room_name\":\"-\",\"source\":\"manual\",\"slot_ids\":[2799],\"forced\":\"no\"}','192.168.8.4','Mozilla/5.0 (Windows NT 10.0; Win64; x64) AppleWebKit/537.36 (KHTML, like Gecko) Chrome/141.0.0.0 Safari/537.36 Edg/141.0.0.0','2025-11-14 06:07:31'),(65,6,'t00241','add_timetable_slot','timetable_slots',NULL,NULL,'{\"view\":\"teacher\",\"year_label\":\"2568\",\"term_no\":2,\"class_name\":\"ป6\\/1\",\"day_of_week\":\"พุธ\",\"period_start\":4,\"period_end\":4,\"span\":1,\"subject\":\"โครงงาน - โครงงาน\",\"teachers\":[\"บัณฑิตา เอี๊ยะมณี\"],\"room_name\":\"-\",\"source\":\"manual\",\"slot_ids\":[2800],\"forced\":\"no\"}','192.168.8.4','Mozilla/5.0 (Windows NT 10.0; Win64; x64) AppleWebKit/537.36 (KHTML, like Gecko) Chrome/141.0.0.0 Safari/537.36 Edg/141.0.0.0','2025-11-14 06:07:40'),(66,6,'t00241','create_loads','teaching_loads',NULL,NULL,'{\"year_label\":\"2568\",\"term_no\":2,\"teacher_name\":\"บัณฑิตา เอี๊ยะมณี\",\"subject\":\"แนะแนว - แนะแนว\",\"classes\":[\"ป6\\/4\"],\"room_name\":\"-\",\"periods_per_week\":1,\"consecutive_slots\":1,\"inserted\":1,\"updated\":0,\"created_ids\":[268]}','192.168.8.4','Mozilla/5.0 (Windows NT 10.0; Win64; x64) AppleWebKit/537.36 (KHTML, like Gecko) Chrome/141.0.0.0 Safari/537.36 Edg/141.0.0.0','2025-11-14 06:08:01'),(67,6,'t00241','add_timetable_slot','timetable_slots',NULL,NULL,'{\"view\":\"teacher\",\"year_label\":\"2568\",\"term_no\":2,\"class_name\":\"ป6\\/4\",\"day_of_week\":\"พุธ\",\"period_start\":8,\"period_end\":8,\"span\":1,\"subject\":\"แนะแนว - แนะแนว\",\"teachers\":[\"บัณฑิตา เอี๊ยะมณี\"],\"room_name\":\"-\",\"source\":\"manual\",\"slot_ids\":[2801],\"forced\":\"no\"}','192.168.8.4','Mozilla/5.0 (Windows NT 10.0; Win64; x64) AppleWebKit/537.36 (KHTML, like Gecko) Chrome/141.0.0.0 Safari/537.36 Edg/141.0.0.0','2025-11-14 06:08:21'),(68,6,'t00241','add_timetable_slot','timetable_slots',NULL,NULL,'{\"view\":\"teacher\",\"year_label\":\"2568\",\"term_no\":2,\"class_name\":\"ป6\\/2\",\"day_of_week\":\"พุธ\",\"period_start\":9,\"period_end\":9,\"span\":1,\"subject\":\"โครงงาน - โครงงาน\",\"teachers\":[\"บัณฑิตา เอี๊ยะมณี\"],\"room_name\":\"-\",\"source\":\"manual\",\"slot_ids\":[2802],\"forced\":\"no\"}','192.168.8.4','Mozilla/5.0 (Windows NT 10.0; Win64; x64) AppleWebKit/537.36 (KHTML, like Gecko) Chrome/141.0.0.0 Safari/537.36 Edg/141.0.0.0','2025-11-14 06:08:33'),(69,6,'t00241','add_timetable_slot','timetable_slots',NULL,NULL,'{\"view\":\"teacher\",\"year_label\":\"2568\",\"term_no\":2,\"class_name\":\"ป6\\/1\",\"day_of_week\":\"พฤหัสบดี\",\"period_start\":3,\"period_end\":3,\"span\":1,\"subject\":\"วิทยาศาสตร์ - วิทยาศาสตร์\",\"teachers\":[\"บัณฑิตา เอี๊ยะมณี\"],\"room_name\":\"-\",\"source\":\"manual\",\"slot_ids\":[2803],\"forced\":\"no\"}','192.168.8.4','Mozilla/5.0 (Windows NT 10.0; Win64; x64) AppleWebKit/537.36 (KHTML, like Gecko) Chrome/141.0.0.0 Safari/537.36 Edg/141.0.0.0','2025-11-14 06:09:03'),(70,5,'t00466','create_loads','teaching_loads',NULL,NULL,'{\"year_label\":\"2568\",\"term_no\":2,\"teacher_name\":\"นภนันท์ สิงห์สม\",\"subject\":\"ประวัติศาสตร์ - ประวัติศาสตร์\",\"classes\":[\"ม2\\/1\",\"ม2\\/2\",\"ม2\\/3\",\"ม2\\/4\",\"ม2\\/5\",\"ม3\\/1\",\"ม3\\/2\",\"ม3\\/3\",\"ม3\\/4\",\"ม3\\/5\",\"ม4\\/1\",\"ม4\\/2\",\"ม4\\/3\",\"ม4\\/4\",\"ม5\\/1\",\"ม5\\/2\",\"ม5\\/3\",\"ม5\\/4\"],\"room_name\":\"-\",\"periods_per_week\":1,\"consecutive_slots\":1,\"inserted\":18,\"updated\":0,\"created_ids\":[269,270,271,272,273,274,275,276,277,278,279,280,281,282,283,284,285,286]}','192.168.8.17','Mozilla/5.0 (Windows NT 10.0; Win64; x64) AppleWebKit/537.36 (KHTML, like Gecko) Chrome/142.0.0.0 Safari/537.36','2025-11-14 06:10:32'),(71,5,'t00466','add_timetable_slot','timetable_slots',NULL,NULL,'{\"view\":\"teacher\",\"year_label\":\"2568\",\"term_no\":2,\"class_name\":\"ม3\\/5\",\"day_of_week\":\"จันทร์\",\"period_start\":2,\"period_end\":2,\"span\":1,\"subject\":\"ประวัติศาสตร์ - ประวัติศาสตร์\",\"teachers\":[\"นภนันท์ สิงห์สม\"],\"room_name\":\"ม.3\\/5\",\"source\":\"manual\",\"slot_ids\":[2804],\"forced\":\"no\"}','192.168.8.17','Mozilla/5.0 (Windows NT 10.0; Win64; x64) AppleWebKit/537.36 (KHTML, like Gecko) Chrome/142.0.0.0 Safari/537.36','2025-11-14 06:11:15'),(72,5,'t00466','add_timetable_slot','timetable_slots',NULL,NULL,'{\"view\":\"teacher\",\"year_label\":\"2568\",\"term_no\":2,\"class_name\":\"ม2\\/5\",\"day_of_week\":\"จันทร์\",\"period_start\":3,\"period_end\":3,\"span\":1,\"subject\":\"ประวัติศาสตร์ - ประวัติศาสตร์\",\"teachers\":[\"นภนันท์ สิงห์สม\"],\"room_name\":\"ม.2\\/5\",\"source\":\"manual\",\"slot_ids\":[2805],\"forced\":\"no\"}','192.168.8.17','Mozilla/5.0 (Windows NT 10.0; Win64; x64) AppleWebKit/537.36 (KHTML, like Gecko) Chrome/142.0.0.0 Safari/537.36','2025-11-14 06:11:32'),(73,5,'t00466','add_timetable_slot','timetable_slots',NULL,NULL,'{\"view\":\"teacher\",\"year_label\":\"2568\",\"term_no\":2,\"class_name\":\"ม2\\/1\",\"day_of_week\":\"จันทร์\",\"period_start\":5,\"period_end\":5,\"span\":1,\"subject\":\"ประวัติศาสตร์ - ประวัติศาสตร์\",\"teachers\":[\"นภนันท์ สิงห์สม\"],\"room_name\":\"ม.2\\/1\",\"source\":\"manual\",\"slot_ids\":[2806],\"forced\":\"no\"}','192.168.8.17','Mozilla/5.0 (Windows NT 10.0; Win64; x64) AppleWebKit/537.36 (KHTML, like Gecko) Chrome/142.0.0.0 Safari/537.36','2025-11-14 06:11:46'),(74,5,'t00466','add_timetable_slot','timetable_slots',NULL,NULL,'{\"view\":\"teacher\",\"year_label\":\"2568\",\"term_no\":2,\"class_name\":\"ม3\\/2\",\"day_of_week\":\"จันทร์\",\"period_start\":9,\"period_end\":9,\"span\":1,\"subject\":\"ประวัติศาสตร์ - ประวัติศาสตร์\",\"teachers\":[\"นภนันท์ สิงห์สม\"],\"room_name\":\"ม.3\\/2\",\"source\":\"manual\",\"slot_ids\":[2807],\"forced\":\"no\"}','192.168.8.17','Mozilla/5.0 (Windows NT 10.0; Win64; x64) AppleWebKit/537.36 (KHTML, like Gecko) Chrome/142.0.0.0 Safari/537.36','2025-11-14 06:12:01'),(75,5,'t00466','add_timetable_slot','timetable_slots',NULL,NULL,'{\"view\":\"teacher\",\"year_label\":\"2568\",\"term_no\":2,\"class_name\":\"ม4\\/2\",\"day_of_week\":\"อังคาร\",\"period_start\":2,\"period_end\":2,\"span\":1,\"subject\":\"ประวัติศาสตร์ - ประวัติศาสตร์\",\"teachers\":[\"นภนันท์ สิงห์สม\"],\"room_name\":\"ม.4\\/2\",\"source\":\"manual\",\"slot_ids\":[2808],\"forced\":\"no\"}','192.168.8.17','Mozilla/5.0 (Windows NT 10.0; Win64; x64) AppleWebKit/537.36 (KHTML, like Gecko) Chrome/142.0.0.0 Safari/537.36','2025-11-14 06:12:15'),(76,5,'t00466','add_timetable_slot','timetable_slots',NULL,NULL,'{\"view\":\"teacher\",\"year_label\":\"2568\",\"term_no\":2,\"class_name\":\"ม4\\/3\",\"day_of_week\":\"อังคาร\",\"period_start\":4,\"period_end\":4,\"span\":1,\"subject\":\"ประวัติศาสตร์ - ประวัติศาสตร์\",\"teachers\":[\"นภนันท์ สิงห์สม\"],\"room_name\":\"ม.4\\/3\",\"source\":\"manual\",\"slot_ids\":[2809],\"forced\":\"no\"}','192.168.8.17','Mozilla/5.0 (Windows NT 10.0; Win64; x64) AppleWebKit/537.36 (KHTML, like Gecko) Chrome/142.0.0.0 Safari/537.36','2025-11-14 06:12:33'),(77,5,'t00466','add_timetable_slot','timetable_slots',NULL,NULL,'{\"view\":\"teacher\",\"year_label\":\"2568\",\"term_no\":2,\"class_name\":\"ม4\\/1\",\"day_of_week\":\"-\",\"period_start\":9,\"period_end\":9,\"span\":1,\"subject\":\"ประวัติศาสตร์ - ประวัติศาสตร์\",\"teachers\":[\"นภนันท์ สิงห์สม\"],\"room_name\":\"ม.4\\/1\",\"source\":\"manual\",\"slot_ids\":[2810],\"forced\":\"no\"}','192.168.8.17','Mozilla/5.0 (Windows NT 10.0; Win64; x64) AppleWebKit/537.36 (KHTML, like Gecko) Chrome/142.0.0.0 Safari/537.36','2025-11-14 06:12:46'),(78,5,'t00466','add_timetable_slot','timetable_slots',NULL,NULL,'{\"view\":\"teacher\",\"year_label\":\"2568\",\"term_no\":2,\"class_name\":\"ม4\\/4\",\"day_of_week\":\"อังคาร\",\"period_start\":7,\"period_end\":7,\"span\":1,\"subject\":\"ประวัติศาสตร์ - ประวัติศาสตร์\",\"teachers\":[\"นภนันท์ สิงห์สม\"],\"room_name\":\"ม.4\\/4\",\"source\":\"manual\",\"slot_ids\":[2811],\"forced\":\"no\"}','192.168.8.17','Mozilla/5.0 (Windows NT 10.0; Win64; x64) AppleWebKit/537.36 (KHTML, like Gecko) Chrome/142.0.0.0 Safari/537.36','2025-11-14 06:13:02'),(79,5,'t00466','add_timetable_slot','timetable_slots',NULL,NULL,'{\"view\":\"teacher\",\"year_label\":\"2568\",\"term_no\":2,\"class_name\":\"ม3\\/3\",\"day_of_week\":\"พุธ\",\"period_start\":3,\"period_end\":3,\"span\":1,\"subject\":\"ประวัติศาสตร์ - ประวัติศาสตร์\",\"teachers\":[\"นภนันท์ สิงห์สม\"],\"room_name\":\"ม.3\\/3\",\"source\":\"manual\",\"slot_ids\":[2812],\"forced\":\"no\"}','192.168.8.17','Mozilla/5.0 (Windows NT 10.0; Win64; x64) AppleWebKit/537.36 (KHTML, like Gecko) Chrome/142.0.0.0 Safari/537.36','2025-11-14 06:13:34'),(80,5,'t00466','add_timetable_slot','timetable_slots',NULL,NULL,'{\"view\":\"teacher\",\"year_label\":\"2568\",\"term_no\":2,\"class_name\":\"ม5\\/2\",\"day_of_week\":\"พุธ\",\"period_start\":4,\"period_end\":4,\"span\":1,\"subject\":\"ประวัติศาสตร์ - ประวัติศาสตร์\",\"teachers\":[\"นภนันท์ สิงห์สม\"],\"room_name\":\"ม.5\\/2\",\"source\":\"manual\",\"slot_ids\":[2813],\"forced\":\"no\"}','192.168.8.17','Mozilla/5.0 (Windows NT 10.0; Win64; x64) AppleWebKit/537.36 (KHTML, like Gecko) Chrome/142.0.0.0 Safari/537.36','2025-11-14 06:13:47'),(81,5,'t00466','delete','timetable_slots',2810,'{\"view\":\"teacher\",\"year_label\":\"2568\",\"term_no\":2,\"class_name\":\"ม4\\/1\",\"day_of_week\":\"-\",\"period_no\":9,\"subject\":\"ประวัติศาสตร์ - ประวัติศาสตร์\",\"teachers\":\"นภนันท์ สิงห์สม\",\"room_name\":\"ม.4\\/1\",\"source\":\"manual\"}',NULL,'192.168.8.17','Mozilla/5.0 (Windows NT 10.0; Win64; x64) AppleWebKit/537.36 (KHTML, like Gecko) Chrome/142.0.0.0 Safari/537.36','2025-11-14 06:13:53'),(82,5,'t00466','add_timetable_slot','timetable_slots',NULL,NULL,'{\"view\":\"teacher\",\"year_label\":\"2568\",\"term_no\":2,\"class_name\":\"ม5\\/4\",\"day_of_week\":\"พุธ\",\"period_start\":7,\"period_end\":7,\"span\":1,\"subject\":\"ประวัติศาสตร์ - ประวัติศาสตร์\",\"teachers\":[\"นภนันท์ สิงห์สม\"],\"room_name\":\"ม.5\\/4\",\"source\":\"manual\",\"slot_ids\":[2814],\"forced\":\"no\"}','192.168.8.17','Mozilla/5.0 (Windows NT 10.0; Win64; x64) AppleWebKit/537.36 (KHTML, like Gecko) Chrome/142.0.0.0 Safari/537.36','2025-11-14 06:14:12'),(83,5,'t00466','add_timetable_slot','timetable_slots',NULL,NULL,'{\"view\":\"teacher\",\"year_label\":\"2568\",\"term_no\":2,\"class_name\":\"ม5\\/1\",\"day_of_week\":\"พุธ\",\"period_start\":8,\"period_end\":8,\"span\":1,\"subject\":\"ประวัติศาสตร์ - ประวัติศาสตร์\",\"teachers\":[\"นภนันท์ สิงห์สม\"],\"room_name\":\"-\",\"source\":\"manual\",\"slot_ids\":[2815],\"forced\":\"no\"}','192.168.8.17','Mozilla/5.0 (Windows NT 10.0; Win64; x64) AppleWebKit/537.36 (KHTML, like Gecko) Chrome/142.0.0.0 Safari/537.36','2025-11-14 06:14:18'),(84,5,'t00466','add_timetable_slot','timetable_slots',NULL,NULL,'{\"view\":\"teacher\",\"year_label\":\"2568\",\"term_no\":2,\"class_name\":\"ม5\\/3\",\"day_of_week\":\"พุธ\",\"period_start\":9,\"period_end\":9,\"span\":1,\"subject\":\"ประวัติศาสตร์ - ประวัติศาสตร์\",\"teachers\":[\"นภนันท์ สิงห์สม\"],\"room_name\":\"-\",\"source\":\"manual\",\"slot_ids\":[2816],\"forced\":\"no\"}','192.168.8.17','Mozilla/5.0 (Windows NT 10.0; Win64; x64) AppleWebKit/537.36 (KHTML, like Gecko) Chrome/142.0.0.0 Safari/537.36','2025-11-14 06:14:29'),(85,5,'t00466','add_timetable_slot','timetable_slots',NULL,NULL,'{\"view\":\"teacher\",\"year_label\":\"2568\",\"term_no\":2,\"class_name\":\"ม2\\/2\",\"day_of_week\":\"พฤหัสบดี\",\"period_start\":6,\"period_end\":6,\"span\":1,\"subject\":\"ประวัติศาสตร์ - ประวัติศาสตร์\",\"teachers\":[\"นภนันท์ สิงห์สม\"],\"room_name\":\"-\",\"source\":\"manual\",\"slot_ids\":[2817],\"forced\":\"no\"}','192.168.8.17','Mozilla/5.0 (Windows NT 10.0; Win64; x64) AppleWebKit/537.36 (KHTML, like Gecko) Chrome/142.0.0.0 Safari/537.36','2025-11-14 06:14:39'),(86,5,'t00466','add_timetable_slot','timetable_slots',NULL,NULL,'{\"view\":\"teacher\",\"year_label\":\"2568\",\"term_no\":2,\"class_name\":\"ม3\\/1\",\"day_of_week\":\"ศุกร์\",\"period_start\":2,\"period_end\":2,\"span\":1,\"subject\":\"ประวัติศาสตร์ - ประวัติศาสตร์\",\"teachers\":[\"นภนันท์ สิงห์สม\"],\"room_name\":\"-\",\"source\":\"manual\",\"slot_ids\":[2818],\"forced\":\"no\"}','192.168.8.17','Mozilla/5.0 (Windows NT 10.0; Win64; x64) AppleWebKit/537.36 (KHTML, like Gecko) Chrome/142.0.0.0 Safari/537.36','2025-11-14 06:14:55'),(87,5,'t00466','add_timetable_slot','timetable_slots',NULL,NULL,'{\"view\":\"teacher\",\"year_label\":\"2568\",\"term_no\":2,\"class_name\":\"ม2\\/3\",\"day_of_week\":\"ศุกร์\",\"period_start\":6,\"period_end\":6,\"span\":1,\"subject\":\"ประวัติศาสตร์ - ประวัติศาสตร์\",\"teachers\":[\"นภนันท์ สิงห์สม\"],\"room_name\":\"-\",\"source\":\"manual\",\"slot_ids\":[2819],\"forced\":\"no\"}','192.168.8.17','Mozilla/5.0 (Windows NT 10.0; Win64; x64) AppleWebKit/537.36 (KHTML, like Gecko) Chrome/142.0.0.0 Safari/537.36','2025-11-14 06:15:08'),(88,5,'t00466','add_timetable_slot','timetable_slots',NULL,NULL,'{\"view\":\"teacher\",\"year_label\":\"2568\",\"term_no\":2,\"class_name\":\"ม2\\/4\",\"day_of_week\":\"ศุกร์\",\"period_start\":7,\"period_end\":7,\"span\":1,\"subject\":\"ประวัติศาสตร์ - ประวัติศาสตร์\",\"teachers\":[\"นภนันท์ สิงห์สม\"],\"room_name\":\"-\",\"source\":\"manual\",\"slot_ids\":[2820],\"forced\":\"no\"}','192.168.8.17','Mozilla/5.0 (Windows NT 10.0; Win64; x64) AppleWebKit/537.36 (KHTML, like Gecko) Chrome/142.0.0.0 Safari/537.36','2025-11-14 06:15:16'),(89,5,'t00466','add_timetable_slot','timetable_slots',NULL,NULL,'{\"view\":\"teacher\",\"year_label\":\"2568\",\"term_no\":2,\"class_name\":\"ม4\\/1\",\"day_of_week\":\"ศุกร์\",\"period_start\":9,\"period_end\":9,\"span\":1,\"subject\":\"ประวัติศาสตร์ - ประวัติศาสตร์\",\"teachers\":[\"นภนันท์ สิงห์สม\"],\"room_name\":\"-\",\"source\":\"manual\",\"slot_ids\":[2821],\"forced\":\"no\"}','192.168.8.17','Mozilla/5.0 (Windows NT 10.0; Win64; x64) AppleWebKit/537.36 (KHTML, like Gecko) Chrome/142.0.0.0 Safari/537.36','2025-11-14 06:15:28'),(90,5,'t00466','add_timetable_slot','timetable_slots',NULL,NULL,'{\"view\":\"teacher\",\"year_label\":\"2568\",\"term_no\":2,\"class_name\":\"ม3\\/4\",\"day_of_week\":\"อังคาร\",\"period_start\":9,\"period_end\":9,\"span\":1,\"subject\":\"ประวัติศาสตร์ - ประวัติศาสตร์\",\"teachers\":[\"นภนันท์ สิงห์สม\"],\"room_name\":\"-\",\"source\":\"manual\",\"slot_ids\":[2822],\"forced\":\"no\"}','192.168.8.17','Mozilla/5.0 (Windows NT 10.0; Win64; x64) AppleWebKit/537.36 (KHTML, like Gecko) Chrome/142.0.0.0 Safari/537.36','2025-11-14 06:15:51'),(91,6,'t00241','add_timetable_slot','timetable_slots',NULL,NULL,'{\"view\":\"teacher\",\"year_label\":\"2568\",\"term_no\":2,\"class_name\":\"ป6\\/3\",\"day_of_week\":\"พฤหัสบดี\",\"period_start\":4,\"period_end\":4,\"span\":1,\"subject\":\"วิทยาศาสตร์ - วิทยาศาสตร์\",\"teachers\":[\"บัณฑิตา เอี๊ยะมณี\"],\"room_name\":\"-\",\"source\":\"manual\",\"slot_ids\":[2823],\"forced\":\"no\"}','192.168.8.4','Mozilla/5.0 (Windows NT 10.0; Win64; x64) AppleWebKit/537.36 (KHTML, like Gecko) Chrome/141.0.0.0 Safari/537.36 Edg/141.0.0.0','2025-11-14 06:16:55'),(92,6,'t00241','add_timetable_slot','timetable_slots',NULL,NULL,'{\"view\":\"teacher\",\"year_label\":\"2568\",\"term_no\":2,\"class_name\":\"ป6\\/2\",\"day_of_week\":\"พฤหัสบดี\",\"period_start\":6,\"period_end\":6,\"span\":1,\"subject\":\"วิทยาศาสตร์ - วิทยาศาสตร์\",\"teachers\":[\"บัณฑิตา เอี๊ยะมณี\"],\"room_name\":\"-\",\"source\":\"manual\",\"slot_ids\":[2824],\"forced\":\"no\"}','192.168.8.4','Mozilla/5.0 (Windows NT 10.0; Win64; x64) AppleWebKit/537.36 (KHTML, like Gecko) Chrome/141.0.0.0 Safari/537.36 Edg/141.0.0.0','2025-11-14 06:17:02'),(93,6,'t00241','add_timetable_slot','timetable_slots',NULL,NULL,'{\"view\":\"teacher\",\"year_label\":\"2568\",\"term_no\":2,\"class_name\":\"ป6\\/4\",\"day_of_week\":\"พฤหัสบดี\",\"period_start\":8,\"period_end\":8,\"span\":1,\"subject\":\"วิทยาศาสตร์ - วิทยาศาสตร์\",\"teachers\":[\"บัณฑิตา เอี๊ยะมณี\"],\"room_name\":\"-\",\"source\":\"manual\",\"slot_ids\":[2825],\"forced\":\"no\"}','192.168.8.4','Mozilla/5.0 (Windows NT 10.0; Win64; x64) AppleWebKit/537.36 (KHTML, like Gecko) Chrome/141.0.0.0 Safari/537.36 Edg/141.0.0.0','2025-11-14 06:17:09'),(94,6,'t00241','add_timetable_slot','timetable_slots',NULL,NULL,'{\"view\":\"teacher\",\"year_label\":\"2568\",\"term_no\":2,\"class_name\":\"ป6\\/3\",\"day_of_week\":\"ศุกร์\",\"period_start\":2,\"period_end\":2,\"span\":1,\"subject\":\"วิทยาศาสตร์ - วิทยาศาสตร์\",\"teachers\":[\"บัณฑิตา เอี๊ยะมณี\"],\"room_name\":\"-\",\"source\":\"manual\",\"slot_ids\":[2826],\"forced\":\"no\"}','192.168.8.4','Mozilla/5.0 (Windows NT 10.0; Win64; x64) AppleWebKit/537.36 (KHTML, like Gecko) Chrome/141.0.0.0 Safari/537.36 Edg/141.0.0.0','2025-11-14 06:17:31'),(95,6,'t00241','add_timetable_slot','timetable_slots',NULL,NULL,'{\"view\":\"teacher\",\"year_label\":\"2568\",\"term_no\":2,\"class_name\":\"ป6\\/2\",\"day_of_week\":\"ศุกร์\",\"period_start\":3,\"period_end\":3,\"span\":1,\"subject\":\"วิทยาศาสตร์ - วิทยาศาสตร์\",\"teachers\":[\"บัณฑิตา เอี๊ยะมณี\"],\"room_name\":\"-\",\"source\":\"manual\",\"slot_ids\":[2827],\"forced\":\"no\"}','192.168.8.4','Mozilla/5.0 (Windows NT 10.0; Win64; x64) AppleWebKit/537.36 (KHTML, like Gecko) Chrome/141.0.0.0 Safari/537.36 Edg/141.0.0.0','2025-11-14 06:17:36'),(96,6,'t00241','add_timetable_slot','timetable_slots',NULL,NULL,'{\"view\":\"teacher\",\"year_label\":\"2568\",\"term_no\":2,\"class_name\":\"ป6\\/1\",\"day_of_week\":\"ศุกร์\",\"period_start\":4,\"period_end\":4,\"span\":1,\"subject\":\"วิทยาศาสตร์ - วิทยาศาสตร์\",\"teachers\":[\"บัณฑิตา เอี๊ยะมณี\"],\"room_name\":\"-\",\"source\":\"manual\",\"slot_ids\":[2828],\"forced\":\"no\"}','192.168.8.4','Mozilla/5.0 (Windows NT 10.0; Win64; x64) AppleWebKit/537.36 (KHTML, like Gecko) Chrome/141.0.0.0 Safari/537.36 Edg/141.0.0.0','2025-11-14 06:17:40'),(97,6,'t00241','add_timetable_slot','timetable_slots',NULL,NULL,'{\"view\":\"teacher\",\"year_label\":\"2568\",\"term_no\":2,\"class_name\":\"ป6\\/4\",\"day_of_week\":\"ศุกร์\",\"period_start\":8,\"period_end\":8,\"span\":1,\"subject\":\"วิทยาศาสตร์ - วิทยาศาสตร์\",\"teachers\":[\"บัณฑิตา เอี๊ยะมณี\"],\"room_name\":\"-\",\"source\":\"manual\",\"slot_ids\":[2829],\"forced\":\"no\"}','192.168.8.4','Mozilla/5.0 (Windows NT 10.0; Win64; x64) AppleWebKit/537.36 (KHTML, like Gecko) Chrome/141.0.0.0 Safari/537.36 Edg/141.0.0.0','2025-11-14 06:17:46'),(98,6,'t00241','add_timetable_slot','timetable_slots',NULL,NULL,'{\"view\":\"teacher\",\"year_label\":\"2568\",\"term_no\":2,\"class_name\":\"ป5\\/3\",\"day_of_week\":\"จันทร์\",\"period_start\":2,\"period_end\":2,\"span\":1,\"subject\":\"วิทยาศาสตร์ - วิทยาศาสตร์\",\"teachers\":[\"พรพิมล มอญถนอม\"],\"room_name\":\"-\",\"source\":\"manual\",\"slot_ids\":[2830],\"forced\":\"no\"}','192.168.8.4','Mozilla/5.0 (Windows NT 10.0; Win64; x64) AppleWebKit/537.36 (KHTML, like Gecko) Chrome/141.0.0.0 Safari/537.36 Edg/141.0.0.0','2025-11-14 06:18:49'),(99,6,'t00241','add_timetable_slot','timetable_slots',NULL,NULL,'{\"view\":\"teacher\",\"year_label\":\"2568\",\"term_no\":2,\"class_name\":\"ป5\\/1\",\"day_of_week\":\"จันทร์\",\"period_start\":6,\"period_end\":6,\"span\":1,\"subject\":\"วิทยาศาสตร์ - วิทยาศาสตร์\",\"teachers\":[\"พรพิมล มอญถนอม\"],\"room_name\":\"-\",\"source\":\"manual\",\"slot_ids\":[2831],\"forced\":\"no\"}','192.168.8.4','Mozilla/5.0 (Windows NT 10.0; Win64; x64) AppleWebKit/537.36 (KHTML, like Gecko) Chrome/141.0.0.0 Safari/537.36 Edg/141.0.0.0','2025-11-14 06:19:22'),(100,6,'t00241','add_timetable_slot','timetable_slots',NULL,NULL,'{\"view\":\"teacher\",\"year_label\":\"2568\",\"term_no\":2,\"class_name\":\"ป5\\/1\",\"day_of_week\":\"จันทร์\",\"period_start\":7,\"period_end\":7,\"span\":1,\"subject\":\"โครงงาน - โครงงาน\",\"teachers\":[\"พรพิมล มอญถนอม\"],\"room_name\":\"-\",\"source\":\"manual\",\"slot_ids\":[2832],\"forced\":\"no\"}','192.168.8.4','Mozilla/5.0 (Windows NT 10.0; Win64; x64) AppleWebKit/537.36 (KHTML, like Gecko) Chrome/141.0.0.0 Safari/537.36 Edg/141.0.0.0','2025-11-14 06:19:25'),(101,6,'t00241','add_timetable_slot','timetable_slots',NULL,NULL,'{\"view\":\"teacher\",\"year_label\":\"2568\",\"term_no\":2,\"class_name\":\"ป5\\/3\",\"day_of_week\":\"จันทร์\",\"period_start\":8,\"period_end\":8,\"span\":1,\"subject\":\"โครงงาน - โครงงาน\",\"teachers\":[\"พรพิมล มอญถนอม\"],\"room_name\":\"-\",\"source\":\"manual\",\"slot_ids\":[2833],\"forced\":\"no\"}','192.168.8.4','Mozilla/5.0 (Windows NT 10.0; Win64; x64) AppleWebKit/537.36 (KHTML, like Gecko) Chrome/141.0.0.0 Safari/537.36 Edg/141.0.0.0','2025-11-14 06:19:50'),(102,6,'t00241','add_timetable_slot','timetable_slots',NULL,NULL,'{\"view\":\"teacher\",\"year_label\":\"2568\",\"term_no\":2,\"class_name\":\"ป5\\/4\",\"day_of_week\":\"อังคาร\",\"period_start\":1,\"period_end\":1,\"span\":1,\"subject\":\"วิทยาศาสตร์ - วิทยาศาสตร์\",\"teachers\":[\"พรพิมล มอญถนอม\"],\"room_name\":\"-\",\"source\":\"manual\",\"slot_ids\":[2834],\"forced\":\"no\"}','192.168.8.4','Mozilla/5.0 (Windows NT 10.0; Win64; x64) AppleWebKit/537.36 (KHTML, like Gecko) Chrome/141.0.0.0 Safari/537.36 Edg/141.0.0.0','2025-11-14 06:20:46'),(103,6,'t00241','add_timetable_slot','timetable_slots',NULL,NULL,'{\"view\":\"teacher\",\"year_label\":\"2568\",\"term_no\":2,\"class_name\":\"ป5\\/2\",\"day_of_week\":\"อังคาร\",\"period_start\":3,\"period_end\":3,\"span\":1,\"subject\":\"วิทยาศาสตร์ - วิทยาศาสตร์\",\"teachers\":[\"พรพิมล มอญถนอม\"],\"room_name\":\"-\",\"source\":\"manual\",\"slot_ids\":[2835],\"forced\":\"no\"}','192.168.8.4','Mozilla/5.0 (Windows NT 10.0; Win64; x64) AppleWebKit/537.36 (KHTML, like Gecko) Chrome/141.0.0.0 Safari/537.36 Edg/141.0.0.0','2025-11-14 06:20:51'),(104,6,'t00241','add_timetable_slot','timetable_slots',NULL,NULL,'{\"view\":\"teacher\",\"year_label\":\"2568\",\"term_no\":2,\"class_name\":\"ป5\\/1\",\"day_of_week\":\"อังคาร\",\"period_start\":4,\"period_end\":4,\"span\":1,\"subject\":\"วิทยาศาสตร์ - วิทยาศาสตร์\",\"teachers\":[\"พรพิมล มอญถนอม\"],\"room_name\":\"-\",\"source\":\"manual\",\"slot_ids\":[2836],\"forced\":\"no\"}','192.168.8.4','Mozilla/5.0 (Windows NT 10.0; Win64; x64) AppleWebKit/537.36 (KHTML, like Gecko) Chrome/141.0.0.0 Safari/537.36 Edg/141.0.0.0','2025-11-14 06:20:56'),(105,6,'t00241','add_timetable_slot','timetable_slots',NULL,NULL,'{\"view\":\"teacher\",\"year_label\":\"2568\",\"term_no\":2,\"class_name\":\"ป5\\/2\",\"day_of_week\":\"อังคาร\",\"period_start\":7,\"period_end\":7,\"span\":1,\"subject\":\"โครงงาน - โครงงาน\",\"teachers\":[\"พรพิมล มอญถนอม\"],\"room_name\":\"-\",\"source\":\"manual\",\"slot_ids\":[2837],\"forced\":\"no\"}','192.168.8.4','Mozilla/5.0 (Windows NT 10.0; Win64; x64) AppleWebKit/537.36 (KHTML, like Gecko) Chrome/141.0.0.0 Safari/537.36 Edg/141.0.0.0','2025-11-14 06:21:04'),(106,6,'t00241','add_timetable_slot','timetable_slots',NULL,NULL,'{\"view\":\"teacher\",\"year_label\":\"2568\",\"term_no\":2,\"class_name\":\"ป5\\/3\",\"day_of_week\":\"อังคาร\",\"period_start\":9,\"period_end\":9,\"span\":1,\"subject\":\"วิทยาศาสตร์ - วิทยาศาสตร์\",\"teachers\":[\"พรพิมล มอญถนอม\"],\"room_name\":\"-\",\"source\":\"manual\",\"slot_ids\":[2838],\"forced\":\"no\"}','192.168.8.4','Mozilla/5.0 (Windows NT 10.0; Win64; x64) AppleWebKit/537.36 (KHTML, like Gecko) Chrome/141.0.0.0 Safari/537.36 Edg/141.0.0.0','2025-11-14 06:23:17'),(107,6,'t00241','add_timetable_slot','timetable_slots',NULL,NULL,'{\"view\":\"teacher\",\"year_label\":\"2568\",\"term_no\":2,\"class_name\":\"ป5\\/3\",\"day_of_week\":\"พุธ\",\"period_start\":1,\"period_end\":1,\"span\":1,\"subject\":\"วิทยาศาสตร์ - วิทยาศาสตร์\",\"teachers\":[\"พรพิมล มอญถนอม\"],\"room_name\":\"-\",\"source\":\"manual\",\"slot_ids\":[2839],\"forced\":\"no\"}','192.168.8.4','Mozilla/5.0 (Windows NT 10.0; Win64; x64) AppleWebKit/537.36 (KHTML, like Gecko) Chrome/141.0.0.0 Safari/537.36 Edg/141.0.0.0','2025-11-14 06:23:22'),(108,6,'t00241','add_timetable_slot','timetable_slots',NULL,NULL,'{\"view\":\"teacher\",\"year_label\":\"2568\",\"term_no\":2,\"class_name\":\"ป5\\/2\",\"day_of_week\":\"พุธ\",\"period_start\":4,\"period_end\":4,\"span\":1,\"subject\":\"วิทยาศาสตร์ - วิทยาศาสตร์\",\"teachers\":[\"พรพิมล มอญถนอม\"],\"room_name\":\"-\",\"source\":\"manual\",\"slot_ids\":[2840],\"forced\":\"no\"}','192.168.8.4','Mozilla/5.0 (Windows NT 10.0; Win64; x64) AppleWebKit/537.36 (KHTML, like Gecko) Chrome/141.0.0.0 Safari/537.36 Edg/141.0.0.0','2025-11-14 06:23:25'),(109,6,'t00241','create_loads','teaching_loads',NULL,NULL,'{\"year_label\":\"2568\",\"term_no\":2,\"teacher_name\":\"พรพิมล มอญถนอม\",\"subject\":\"แนะแนว - แนะแนว\",\"classes\":[\"ป5\\/2\"],\"room_name\":\"-\",\"periods_per_week\":1,\"consecutive_slots\":1,\"inserted\":1,\"updated\":0,\"created_ids\":[287]}','192.168.8.4','Mozilla/5.0 (Windows NT 10.0; Win64; x64) AppleWebKit/537.36 (KHTML, like Gecko) Chrome/141.0.0.0 Safari/537.36 Edg/141.0.0.0','2025-11-14 06:23:41'),(110,6,'t00241','add_timetable_slot','timetable_slots',NULL,NULL,'{\"view\":\"teacher\",\"year_label\":\"2568\",\"term_no\":2,\"class_name\":\"ป5\\/2\",\"day_of_week\":\"พุธ\",\"period_start\":8,\"period_end\":8,\"span\":1,\"subject\":\"แนะแนว - แนะแนว\",\"teachers\":[\"พรพิมล มอญถนอม\"],\"room_name\":\"-\",\"source\":\"manual\",\"slot_ids\":[2841],\"forced\":\"no\"}','192.168.8.4','Mozilla/5.0 (Windows NT 10.0; Win64; x64) AppleWebKit/537.36 (KHTML, like Gecko) Chrome/141.0.0.0 Safari/537.36 Edg/141.0.0.0','2025-11-14 06:23:55'),(111,6,'t00241','add_timetable_slot','timetable_slots',NULL,NULL,'{\"view\":\"teacher\",\"year_label\":\"2568\",\"term_no\":2,\"class_name\":\"ป5\\/4\",\"day_of_week\":\"พุธ\",\"period_start\":9,\"period_end\":9,\"span\":1,\"subject\":\"โครงงาน - โครงงาน\",\"teachers\":[\"พรพิมล มอญถนอม\"],\"room_name\":\"-\",\"source\":\"manual\",\"slot_ids\":[2842],\"forced\":\"no\"}','192.168.8.4','Mozilla/5.0 (Windows NT 10.0; Win64; x64) AppleWebKit/537.36 (KHTML, like Gecko) Chrome/141.0.0.0 Safari/537.36 Edg/141.0.0.0','2025-11-14 06:24:03'),(112,6,'t00241','add_timetable_slot','timetable_slots',NULL,NULL,'{\"view\":\"teacher\",\"year_label\":\"2568\",\"term_no\":2,\"class_name\":\"ป5\\/4\",\"day_of_week\":\"พฤหัสบดี\",\"period_start\":1,\"period_end\":1,\"span\":1,\"subject\":\"วิทยาศาสตร์ - วิทยาศาสตร์\",\"teachers\":[\"พรพิมล มอญถนอม\"],\"room_name\":\"-\",\"source\":\"manual\",\"slot_ids\":[2843],\"forced\":\"no\"}','192.168.8.4','Mozilla/5.0 (Windows NT 10.0; Win64; x64) AppleWebKit/537.36 (KHTML, like Gecko) Chrome/141.0.0.0 Safari/537.36 Edg/141.0.0.0','2025-11-14 06:24:20'),(113,6,'t00241','add_timetable_slot','timetable_slots',NULL,NULL,'{\"view\":\"teacher\",\"year_label\":\"2568\",\"term_no\":2,\"class_name\":\"ป5\\/2\",\"day_of_week\":\"พฤหัสบดี\",\"period_start\":3,\"period_end\":3,\"span\":1,\"subject\":\"วิทยาศาสตร์ - วิทยาศาสตร์\",\"teachers\":[\"พรพิมล มอญถนอม\"],\"room_name\":\"-\",\"source\":\"manual\",\"slot_ids\":[2844],\"forced\":\"no\"}','192.168.8.4','Mozilla/5.0 (Windows NT 10.0; Win64; x64) AppleWebKit/537.36 (KHTML, like Gecko) Chrome/141.0.0.0 Safari/537.36 Edg/141.0.0.0','2025-11-14 06:24:24'),(114,6,'t00241','add_timetable_slot','timetable_slots',NULL,NULL,'{\"view\":\"teacher\",\"year_label\":\"2568\",\"term_no\":2,\"class_name\":\"ป5\\/1\",\"day_of_week\":\"พฤหัสบดี\",\"period_start\":4,\"period_end\":4,\"span\":1,\"subject\":\"วิทยาศาสตร์ - วิทยาศาสตร์\",\"teachers\":[\"พรพิมล มอญถนอม\"],\"room_name\":\"-\",\"source\":\"manual\",\"slot_ids\":[2845],\"forced\":\"no\"}','192.168.8.4','Mozilla/5.0 (Windows NT 10.0; Win64; x64) AppleWebKit/537.36 (KHTML, like Gecko) Chrome/141.0.0.0 Safari/537.36 Edg/141.0.0.0','2025-11-14 06:24:27'),(115,6,'t00241','add_timetable_slot','timetable_slots',NULL,NULL,'{\"view\":\"teacher\",\"year_label\":\"2568\",\"term_no\":2,\"class_name\":\"ป5\\/4\",\"day_of_week\":\"พฤหัสบดี\",\"period_start\":9,\"period_end\":9,\"span\":1,\"subject\":\"วิทยาศาสตร์ - วิทยาศาสตร์\",\"teachers\":[\"พรพิมล มอญถนอม\"],\"room_name\":\"-\",\"source\":\"manual\",\"slot_ids\":[2846],\"forced\":\"yes\"}','192.168.8.4','Mozilla/5.0 (Windows NT 10.0; Win64; x64) AppleWebKit/537.36 (KHTML, like Gecko) Chrome/141.0.0.0 Safari/537.36 Edg/141.0.0.0','2025-11-14 06:24:58'),(116,6,'t00241','add_timetable_slot','timetable_slots',NULL,NULL,'{\"view\":\"teacher\",\"year_label\":\"2568\",\"term_no\":2,\"class_name\":\"ม2\\/5\",\"day_of_week\":\"จันทร์\",\"period_start\":8,\"period_end\":8,\"span\":1,\"subject\":\"การงาน - การงาน\",\"teachers\":[\"อรัญญา เดชพันธ์\"],\"room_name\":\"-\",\"source\":\"manual\",\"slot_ids\":[2847],\"forced\":\"no\"}','192.168.8.4','Mozilla/5.0 (Windows NT 10.0; Win64; x64) AppleWebKit/537.36 (KHTML, like Gecko) Chrome/141.0.0.0 Safari/537.36 Edg/141.0.0.0','2025-11-14 06:26:37'),(117,6,'t00241','add_timetable_slot','timetable_slots',NULL,NULL,'{\"view\":\"teacher\",\"year_label\":\"2568\",\"term_no\":2,\"class_name\":\"ม6\\/1\",\"day_of_week\":\"อังคาร\",\"period_start\":5,\"period_end\":5,\"span\":1,\"subject\":\"การงาน - การงาน\",\"teachers\":[\"อรัญญา เดชพันธ์\"],\"room_name\":\"-\",\"source\":\"manual\",\"slot_ids\":[2848],\"forced\":\"no\"}','192.168.8.4','Mozilla/5.0 (Windows NT 10.0; Win64; x64) AppleWebKit/537.36 (KHTML, like Gecko) Chrome/141.0.0.0 Safari/537.36 Edg/141.0.0.0','2025-11-14 06:26:41'),(118,6,'t00241','add_timetable_slot','timetable_slots',NULL,NULL,'{\"view\":\"teacher\",\"year_label\":\"2568\",\"term_no\":2,\"class_name\":\"ม6\\/3\",\"day_of_week\":\"อังคาร\",\"period_start\":7,\"period_end\":7,\"span\":1,\"subject\":\"การงาน - การงาน\",\"teachers\":[\"อรัญญา เดชพันธ์\"],\"room_name\":\"-\",\"source\":\"manual\",\"slot_ids\":[2849],\"forced\":\"no\"}','192.168.8.4','Mozilla/5.0 (Windows NT 10.0; Win64; x64) AppleWebKit/537.36 (KHTML, like Gecko) Chrome/141.0.0.0 Safari/537.36 Edg/141.0.0.0','2025-11-14 06:26:47'),(119,6,'t00241','add_timetable_slot','timetable_slots',NULL,NULL,'{\"view\":\"teacher\",\"year_label\":\"2568\",\"term_no\":2,\"class_name\":\"ม6\\/2\",\"day_of_week\":\"อังคาร\",\"period_start\":8,\"period_end\":8,\"span\":1,\"subject\":\"การงาน - การงาน\",\"teachers\":[\"อรัญญา เดชพันธ์\"],\"room_name\":\"-\",\"source\":\"manual\",\"slot_ids\":[2850],\"forced\":\"no\"}','192.168.8.4','Mozilla/5.0 (Windows NT 10.0; Win64; x64) AppleWebKit/537.36 (KHTML, like Gecko) Chrome/141.0.0.0 Safari/537.36 Edg/141.0.0.0','2025-11-14 06:28:06'),(120,6,'t00241','add_timetable_slot','timetable_slots',NULL,NULL,'{\"view\":\"teacher\",\"year_label\":\"2568\",\"term_no\":2,\"class_name\":\"ม6\\/4\",\"day_of_week\":\"อังคาร\",\"period_start\":9,\"period_end\":9,\"span\":1,\"subject\":\"การงาน - การงาน\",\"teachers\":[\"อรัญญา เดชพันธ์\"],\"room_name\":\"-\",\"source\":\"manual\",\"slot_ids\":[2851],\"forced\":\"no\"}','192.168.8.4','Mozilla/5.0 (Windows NT 10.0; Win64; x64) AppleWebKit/537.36 (KHTML, like Gecko) Chrome/141.0.0.0 Safari/537.36 Edg/141.0.0.0','2025-11-14 06:28:10'),(121,6,'t00241','add_timetable_slot','timetable_slots',NULL,NULL,'{\"view\":\"teacher\",\"year_label\":\"2568\",\"term_no\":2,\"class_name\":\"ม3\\/5\",\"day_of_week\":\"พุธ\",\"period_start\":1,\"period_end\":1,\"span\":1,\"subject\":\"การงาน - การงาน\",\"teachers\":[\"อรัญญา เดชพันธ์\"],\"room_name\":\"-\",\"source\":\"manual\",\"slot_ids\":[2852],\"forced\":\"no\"}','192.168.8.4','Mozilla/5.0 (Windows NT 10.0; Win64; x64) AppleWebKit/537.36 (KHTML, like Gecko) Chrome/141.0.0.0 Safari/537.36 Edg/141.0.0.0','2025-11-14 06:28:16'),(122,6,'t00241','add_timetable_slot','timetable_slots',NULL,NULL,'{\"view\":\"teacher\",\"year_label\":\"2568\",\"term_no\":2,\"class_name\":\"ม1\\/3\",\"day_of_week\":\"พุธ\",\"period_start\":3,\"period_end\":3,\"span\":1,\"subject\":\"การงาน - การงาน\",\"teachers\":[\"อรัญญา เดชพันธ์\"],\"room_name\":\"-\",\"source\":\"manual\",\"slot_ids\":[2853],\"forced\":\"no\"}','192.168.8.4','Mozilla/5.0 (Windows NT 10.0; Win64; x64) AppleWebKit/537.36 (KHTML, like Gecko) Chrome/141.0.0.0 Safari/537.36 Edg/141.0.0.0','2025-11-14 06:28:21'),(123,6,'t00241','add_timetable_slot','timetable_slots',NULL,NULL,'{\"view\":\"teacher\",\"year_label\":\"2568\",\"term_no\":2,\"class_name\":\"ม3\\/3\",\"day_of_week\":\"พุธ\",\"period_start\":4,\"period_end\":4,\"span\":1,\"subject\":\"การงาน - การงาน\",\"teachers\":[\"อรัญญา เดชพันธ์\"],\"room_name\":\"-\",\"source\":\"manual\",\"slot_ids\":[2854],\"forced\":\"no\"}','192.168.8.4','Mozilla/5.0 (Windows NT 10.0; Win64; x64) AppleWebKit/537.36 (KHTML, like Gecko) Chrome/141.0.0.0 Safari/537.36 Edg/141.0.0.0','2025-11-14 06:28:25'),(124,6,'t00241','add_timetable_slot','timetable_slots',NULL,NULL,'{\"view\":\"teacher\",\"year_label\":\"2568\",\"term_no\":2,\"class_name\":\"ม2\\/2\",\"day_of_week\":\"พุธ\",\"period_start\":7,\"period_end\":7,\"span\":1,\"subject\":\"การงาน - การงาน\",\"teachers\":[\"อรัญญา เดชพันธ์\"],\"room_name\":\"-\",\"source\":\"manual\",\"slot_ids\":[2855],\"forced\":\"no\"}','192.168.8.4','Mozilla/5.0 (Windows NT 10.0; Win64; x64) AppleWebKit/537.36 (KHTML, like Gecko) Chrome/141.0.0.0 Safari/537.36 Edg/141.0.0.0','2025-11-14 06:28:30'),(125,6,'t00241','add_timetable_slot','timetable_slots',NULL,NULL,'{\"view\":\"teacher\",\"year_label\":\"2568\",\"term_no\":2,\"class_name\":\"ม1\\/2\",\"day_of_week\":\"พุธ\",\"period_start\":8,\"period_end\":8,\"span\":1,\"subject\":\"การงาน - การงาน\",\"teachers\":[\"อรัญญา เดชพันธ์\"],\"room_name\":\"-\",\"source\":\"manual\",\"slot_ids\":[2856],\"forced\":\"no\"}','192.168.8.4','Mozilla/5.0 (Windows NT 10.0; Win64; x64) AppleWebKit/537.36 (KHTML, like Gecko) Chrome/141.0.0.0 Safari/537.36 Edg/141.0.0.0','2025-11-14 06:28:33'),(126,6,'t00241','add_timetable_slot','timetable_slots',NULL,NULL,'{\"view\":\"teacher\",\"year_label\":\"2568\",\"term_no\":2,\"class_name\":\"ม2\\/1\",\"day_of_week\":\"พฤหัสบดี\",\"period_start\":1,\"period_end\":1,\"span\":1,\"subject\":\"การงาน - การงาน\",\"teachers\":[\"อรัญญา เดชพันธ์\"],\"room_name\":\"-\",\"source\":\"manual\",\"slot_ids\":[2857],\"forced\":\"no\"}','192.168.8.4','Mozilla/5.0 (Windows NT 10.0; Win64; x64) AppleWebKit/537.36 (KHTML, like Gecko) Chrome/141.0.0.0 Safari/537.36 Edg/141.0.0.0','2025-11-14 06:28:41'),(127,6,'t00241','add_timetable_slot','timetable_slots',NULL,NULL,'{\"view\":\"teacher\",\"year_label\":\"2568\",\"term_no\":2,\"class_name\":\"ม3\\/2\",\"day_of_week\":\"พฤหัสบดี\",\"period_start\":3,\"period_end\":3,\"span\":1,\"subject\":\"การงาน - การงาน\",\"teachers\":[\"อรัญญา เดชพันธ์\"],\"room_name\":\"-\",\"source\":\"manual\",\"slot_ids\":[2858],\"forced\":\"no\"}','192.168.8.4','Mozilla/5.0 (Windows NT 10.0; Win64; x64) AppleWebKit/537.36 (KHTML, like Gecko) Chrome/141.0.0.0 Safari/537.36 Edg/141.0.0.0','2025-11-14 06:28:45'),(128,6,'t00241','add_timetable_slot','timetable_slots',NULL,NULL,'{\"view\":\"teacher\",\"year_label\":\"2568\",\"term_no\":2,\"class_name\":\"ม3\\/4\",\"day_of_week\":\"พฤหัสบดี\",\"period_start\":4,\"period_end\":4,\"span\":1,\"subject\":\"การงาน - การงาน\",\"teachers\":[\"อรัญญา เดชพันธ์\"],\"room_name\":\"-\",\"source\":\"manual\",\"slot_ids\":[2859],\"forced\":\"no\"}','192.168.8.4','Mozilla/5.0 (Windows NT 10.0; Win64; x64) AppleWebKit/537.36 (KHTML, like Gecko) Chrome/141.0.0.0 Safari/537.36 Edg/141.0.0.0','2025-11-14 06:28:52'),(129,6,'t00241','add_timetable_slot','timetable_slots',NULL,NULL,'{\"view\":\"teacher\",\"year_label\":\"2568\",\"term_no\":2,\"class_name\":\"ม2\\/3\",\"day_of_week\":\"พฤหัสบดี\",\"period_start\":5,\"period_end\":5,\"span\":1,\"subject\":\"การงาน - การงาน\",\"teachers\":[\"อรัญญา เดชพันธ์\"],\"room_name\":\"-\",\"source\":\"manual\",\"slot_ids\":[2860],\"forced\":\"no\"}','192.168.8.4','Mozilla/5.0 (Windows NT 10.0; Win64; x64) AppleWebKit/537.36 (KHTML, like Gecko) Chrome/141.0.0.0 Safari/537.36 Edg/141.0.0.0','2025-11-14 06:28:56'),(130,6,'t00241','add_timetable_slot','timetable_slots',NULL,NULL,'{\"view\":\"teacher\",\"year_label\":\"2568\",\"term_no\":2,\"class_name\":\"ม1\\/1\",\"day_of_week\":\"พฤหัสบดี\",\"period_start\":7,\"period_end\":7,\"span\":1,\"subject\":\"การงาน - การงาน\",\"teachers\":[\"อรัญญา เดชพันธ์\"],\"room_name\":\"-\",\"source\":\"manual\",\"slot_ids\":[2861],\"forced\":\"no\"}','192.168.8.4','Mozilla/5.0 (Windows NT 10.0; Win64; x64) AppleWebKit/537.36 (KHTML, like Gecko) Chrome/141.0.0.0 Safari/537.36 Edg/141.0.0.0','2025-11-14 06:28:59'),(131,6,'t00241','add_timetable_slot','timetable_slots',NULL,NULL,'{\"view\":\"teacher\",\"year_label\":\"2568\",\"term_no\":2,\"class_name\":\"ม1\\/4\",\"day_of_week\":\"พฤหัสบดี\",\"period_start\":8,\"period_end\":8,\"span\":1,\"subject\":\"การงาน - การงาน\",\"teachers\":[\"อรัญญา เดชพันธ์\"],\"room_name\":\"-\",\"source\":\"manual\",\"slot_ids\":[2862],\"forced\":\"no\"}','192.168.8.4','Mozilla/5.0 (Windows NT 10.0; Win64; x64) AppleWebKit/537.36 (KHTML, like Gecko) Chrome/141.0.0.0 Safari/537.36 Edg/141.0.0.0','2025-11-14 06:29:02'),(132,6,'t00241','add_timetable_slot','timetable_slots',NULL,NULL,'{\"view\":\"teacher\",\"year_label\":\"2568\",\"term_no\":2,\"class_name\":\"ม3\\/1\",\"day_of_week\":\"ศุกร์\",\"period_start\":4,\"period_end\":4,\"span\":1,\"subject\":\"การงาน - การงาน\",\"teachers\":[\"อรัญญา เดชพันธ์\"],\"room_name\":\"-\",\"source\":\"manual\",\"slot_ids\":[2863],\"forced\":\"no\"}','192.168.8.4','Mozilla/5.0 (Windows NT 10.0; Win64; x64) AppleWebKit/537.36 (KHTML, like Gecko) Chrome/141.0.0.0 Safari/537.36 Edg/141.0.0.0','2025-11-14 06:29:07'),(133,6,'t00241','add_timetable_slot','timetable_slots',NULL,NULL,'{\"view\":\"teacher\",\"year_label\":\"2568\",\"term_no\":2,\"class_name\":\"ม2\\/4\",\"day_of_week\":\"ศุกร์\",\"period_start\":6,\"period_end\":6,\"span\":1,\"subject\":\"การงาน - การงาน\",\"teachers\":[\"อรัญญา เดชพันธ์\"],\"room_name\":\"-\",\"source\":\"manual\",\"slot_ids\":[2864],\"forced\":\"no\"}','192.168.8.4','Mozilla/5.0 (Windows NT 10.0; Win64; x64) AppleWebKit/537.36 (KHTML, like Gecko) Chrome/141.0.0.0 Safari/537.36 Edg/141.0.0.0','2025-11-14 06:29:11'),(134,6,'t00241','add_timetable_slot','timetable_slots',NULL,NULL,'{\"view\":\"teacher\",\"year_label\":\"2568\",\"term_no\":2,\"class_name\":\"ม1\\/5\",\"day_of_week\":\"ศุกร์\",\"period_start\":8,\"period_end\":8,\"span\":1,\"subject\":\"การงาน - การงาน\",\"teachers\":[\"อรัญญา เดชพันธ์\"],\"room_name\":\"-\",\"source\":\"manual\",\"slot_ids\":[2865],\"forced\":\"no\"}','192.168.8.4','Mozilla/5.0 (Windows NT 10.0; Win64; x64) AppleWebKit/537.36 (KHTML, like Gecko) Chrome/141.0.0.0 Safari/537.36 Edg/141.0.0.0','2025-11-14 06:29:14'),(135,6,'t00241','create_loads','teaching_loads',NULL,NULL,'{\"year_label\":\"2568\",\"term_no\":2,\"teacher_name\":\"ธนศรี คุ้มถนอม\",\"subject\":\"ภาษาจีน - ภาษาจีน\",\"classes\":[\"ม1\\/1\",\"ม1\\/2\",\"ม1\\/3\",\"ม1\\/4\",\"ม1\\/5\",\"ม2\\/1\",\"ม2\\/2\",\"ม2\\/3\",\"ม2\\/4\",\"ม2\\/5\",\"ม3\\/1\",\"ม3\\/2\",\"ม3\\/3\",\"ม3\\/4\",\"ม3\\/5\",\"ม4\\/1\",\"ม4\\/2\",\"ม4\\/3\",\"ม4\\/4\"],\"room_name\":\"-\",\"periods_per_week\":1,\"consecutive_slots\":1,\"inserted\":19,\"updated\":0,\"created_ids\":[288,289,290,291,292,293,294,295,296,297,298,299,300,301,302,303,304,305,306]}','192.168.8.4','Mozilla/5.0 (Windows NT 10.0; Win64; x64) AppleWebKit/537.36 (KHTML, like Gecko) Chrome/141.0.0.0 Safari/537.36 Edg/141.0.0.0','2025-11-14 06:30:08'),(136,6,'t00241','add_timetable_slot','timetable_slots',NULL,NULL,'{\"view\":\"teacher\",\"year_label\":\"2568\",\"term_no\":2,\"class_name\":\"ม3\\/1\",\"day_of_week\":\"จันทร์\",\"period_start\":4,\"period_end\":4,\"span\":1,\"subject\":\"ภาษาจีน - ภาษาจีน\",\"teachers\":[\"ธนศรี คุ้มถนอม\"],\"room_name\":\"-\",\"source\":\"manual\",\"slot_ids\":[2866],\"forced\":\"no\"}','192.168.8.4','Mozilla/5.0 (Windows NT 10.0; Win64; x64) AppleWebKit/537.36 (KHTML, like Gecko) Chrome/141.0.0.0 Safari/537.36 Edg/141.0.0.0','2025-11-14 06:30:22'),(137,6,'t00241','add_timetable_slot','timetable_slots',NULL,NULL,'{\"view\":\"teacher\",\"year_label\":\"2568\",\"term_no\":2,\"class_name\":\"ม2\\/1\",\"day_of_week\":\"จันทร์\",\"period_start\":6,\"period_end\":6,\"span\":1,\"subject\":\"ภาษาจีน - ภาษาจีน\",\"teachers\":[\"ธนศรี คุ้มถนอม\"],\"room_name\":\"-\",\"source\":\"manual\",\"slot_ids\":[2867],\"forced\":\"no\"}','192.168.8.4','Mozilla/5.0 (Windows NT 10.0; Win64; x64) AppleWebKit/537.36 (KHTML, like Gecko) Chrome/141.0.0.0 Safari/537.36 Edg/141.0.0.0','2025-11-14 06:30:26'),(138,6,'t00241','add_timetable_slot','timetable_slots',NULL,NULL,'{\"view\":\"teacher\",\"year_label\":\"2568\",\"term_no\":2,\"class_name\":\"ม1\\/1\",\"day_of_week\":\"จันทร์\",\"period_start\":8,\"period_end\":8,\"span\":1,\"subject\":\"ภาษาจีน - ภาษาจีน\",\"teachers\":[\"ธนศรี คุ้มถนอม\"],\"room_name\":\"-\",\"source\":\"manual\",\"slot_ids\":[2868],\"forced\":\"no\"}','192.168.8.4','Mozilla/5.0 (Windows NT 10.0; Win64; x64) AppleWebKit/537.36 (KHTML, like Gecko) Chrome/141.0.0.0 Safari/537.36 Edg/141.0.0.0','2025-11-14 06:30:31'),(139,6,'t00241','add_timetable_slot','timetable_slots',NULL,NULL,'{\"view\":\"teacher\",\"year_label\":\"2568\",\"term_no\":2,\"class_name\":\"ม2\\/4\",\"day_of_week\":\"จันทร์\",\"period_start\":9,\"period_end\":9,\"span\":1,\"subject\":\"ภาษาจีน - ภาษาจีน\",\"teachers\":[\"ธนศรี คุ้มถนอม\"],\"room_name\":\"-\",\"source\":\"manual\",\"slot_ids\":[2869],\"forced\":\"no\"}','192.168.8.4','Mozilla/5.0 (Windows NT 10.0; Win64; x64) AppleWebKit/537.36 (KHTML, like Gecko) Chrome/141.0.0.0 Safari/537.36 Edg/141.0.0.0','2025-11-14 06:30:36'),(140,6,'t00241','add_timetable_slot','timetable_slots',NULL,NULL,'{\"view\":\"teacher\",\"year_label\":\"2568\",\"term_no\":2,\"class_name\":\"ม3\\/3\",\"day_of_week\":\"อังคาร\",\"period_start\":6,\"period_end\":6,\"span\":1,\"subject\":\"ภาษาจีน - ภาษาจีน\",\"teachers\":[\"ธนศรี คุ้มถนอม\"],\"room_name\":\"-\",\"source\":\"manual\",\"slot_ids\":[2870],\"forced\":\"no\"}','192.168.8.4','Mozilla/5.0 (Windows NT 10.0; Win64; x64) AppleWebKit/537.36 (KHTML, like Gecko) Chrome/141.0.0.0 Safari/537.36 Edg/141.0.0.0','2025-11-14 06:30:43'),(141,6,'t00241','add_timetable_slot','timetable_slots',NULL,NULL,'{\"view\":\"teacher\",\"year_label\":\"2568\",\"term_no\":2,\"class_name\":\"ม2\\/3\",\"day_of_week\":\"อังคาร\",\"period_start\":8,\"period_end\":8,\"span\":1,\"subject\":\"ภาษาจีน - ภาษาจีน\",\"teachers\":[\"ธนศรี คุ้มถนอม\"],\"room_name\":\"-\",\"source\":\"manual\",\"slot_ids\":[2871],\"forced\":\"no\"}','192.168.8.4','Mozilla/5.0 (Windows NT 10.0; Win64; x64) AppleWebKit/537.36 (KHTML, like Gecko) Chrome/141.0.0.0 Safari/537.36 Edg/141.0.0.0','2025-11-14 06:30:47'),(142,6,'t00241','add_timetable_slot','timetable_slots',NULL,NULL,'{\"view\":\"teacher\",\"year_label\":\"2568\",\"term_no\":2,\"class_name\":\"ม3\\/2\",\"day_of_week\":\"อังคาร\",\"period_start\":9,\"period_end\":9,\"span\":1,\"subject\":\"ภาษาจีน - ภาษาจีน\",\"teachers\":[\"ธนศรี คุ้มถนอม\"],\"room_name\":\"-\",\"source\":\"manual\",\"slot_ids\":[2872],\"forced\":\"no\"}','192.168.8.4','Mozilla/5.0 (Windows NT 10.0; Win64; x64) AppleWebKit/537.36 (KHTML, like Gecko) Chrome/141.0.0.0 Safari/537.36 Edg/141.0.0.0','2025-11-14 06:30:51'),(143,6,'t00241','add_timetable_slot','timetable_slots',NULL,NULL,'{\"view\":\"teacher\",\"year_label\":\"2568\",\"term_no\":2,\"class_name\":\"ม2\\/2\",\"day_of_week\":\"พุธ\",\"period_start\":1,\"period_end\":1,\"span\":1,\"subject\":\"ภาษาจีน - ภาษาจีน\",\"teachers\":[\"ธนศรี คุ้มถนอม\"],\"room_name\":\"-\",\"source\":\"manual\",\"slot_ids\":[2873],\"forced\":\"no\"}','192.168.8.4','Mozilla/5.0 (Windows NT 10.0; Win64; x64) AppleWebKit/537.36 (KHTML, like Gecko) Chrome/141.0.0.0 Safari/537.36 Edg/141.0.0.0','2025-11-14 06:30:56'),(144,6,'t00241','add_timetable_slot','timetable_slots',NULL,NULL,'{\"view\":\"teacher\",\"year_label\":\"2568\",\"term_no\":2,\"class_name\":\"ม3\\/4\",\"day_of_week\":\"พุธ\",\"period_start\":4,\"period_end\":4,\"span\":1,\"subject\":\"ภาษาจีน - ภาษาจีน\",\"teachers\":[\"ธนศรี คุ้มถนอม\"],\"room_name\":\"-\",\"source\":\"manual\",\"slot_ids\":[2874],\"forced\":\"no\"}','192.168.8.4','Mozilla/5.0 (Windows NT 10.0; Win64; x64) AppleWebKit/537.36 (KHTML, like Gecko) Chrome/141.0.0.0 Safari/537.36 Edg/141.0.0.0','2025-11-14 06:31:02'),(145,6,'t00241','add_timetable_slot','timetable_slots',NULL,NULL,'{\"view\":\"teacher\",\"year_label\":\"2568\",\"term_no\":2,\"class_name\":\"ม1\\/5\",\"day_of_week\":\"พุธ\",\"period_start\":7,\"period_end\":7,\"span\":1,\"subject\":\"ภาษาจีน - ภาษาจีน\",\"teachers\":[\"ธนศรี คุ้มถนอม\"],\"room_name\":\"-\",\"source\":\"manual\",\"slot_ids\":[2875],\"forced\":\"no\"}','192.168.8.4','Mozilla/5.0 (Windows NT 10.0; Win64; x64) AppleWebKit/537.36 (KHTML, like Gecko) Chrome/141.0.0.0 Safari/537.36 Edg/141.0.0.0','2025-11-14 06:31:06'),(146,6,'t00241','add_timetable_slot','timetable_slots',NULL,NULL,'{\"view\":\"teacher\",\"year_label\":\"2568\",\"term_no\":2,\"class_name\":\"ม1\\/3\",\"day_of_week\":\"พุธ\",\"period_start\":8,\"period_end\":8,\"span\":1,\"subject\":\"ภาษาจีน - ภาษาจีน\",\"teachers\":[\"ธนศรี คุ้มถนอม\"],\"room_name\":\"-\",\"source\":\"manual\",\"slot_ids\":[2876],\"forced\":\"no\"}','192.168.8.4','Mozilla/5.0 (Windows NT 10.0; Win64; x64) AppleWebKit/537.36 (KHTML, like Gecko) Chrome/141.0.0.0 Safari/537.36 Edg/141.0.0.0','2025-11-14 06:31:09'),(147,6,'t00241','add_timetable_slot','timetable_slots',NULL,NULL,'{\"view\":\"teacher\",\"year_label\":\"2568\",\"term_no\":2,\"class_name\":\"ม3\\/5\",\"day_of_week\":\"พฤหัสบดี\",\"period_start\":7,\"period_end\":7,\"span\":1,\"subject\":\"ภาษาจีน - ภาษาจีน\",\"teachers\":[\"ธนศรี คุ้มถนอม\"],\"room_name\":\"-\",\"source\":\"manual\",\"slot_ids\":[2877],\"forced\":\"no\"}','192.168.8.4','Mozilla/5.0 (Windows NT 10.0; Win64; x64) AppleWebKit/537.36 (KHTML, like Gecko) Chrome/141.0.0.0 Safari/537.36 Edg/141.0.0.0','2025-11-14 06:31:16'),(148,6,'t00241','add_timetable_slot','timetable_slots',NULL,NULL,'{\"view\":\"teacher\",\"year_label\":\"2568\",\"term_no\":2,\"class_name\":\"ม2\\/5\",\"day_of_week\":\"พฤหัสบดี\",\"period_start\":9,\"period_end\":9,\"span\":1,\"subject\":\"ภาษาจีน - ภาษาจีน\",\"teachers\":[\"ธนศรี คุ้มถนอม\"],\"room_name\":\"-\",\"source\":\"manual\",\"slot_ids\":[2878],\"forced\":\"no\"}','192.168.8.4','Mozilla/5.0 (Windows NT 10.0; Win64; x64) AppleWebKit/537.36 (KHTML, like Gecko) Chrome/141.0.0.0 Safari/537.36 Edg/141.0.0.0','2025-11-14 06:31:20'),(149,6,'t00241','add_timetable_slot','timetable_slots',NULL,NULL,'{\"view\":\"teacher\",\"year_label\":\"2568\",\"term_no\":2,\"class_name\":\"ม4\\/3\",\"day_of_week\":\"ศุกร์\",\"period_start\":2,\"period_end\":2,\"span\":1,\"subject\":\"ภาษาจีน - ภาษาจีน\",\"teachers\":[\"ธนศรี คุ้มถนอม\"],\"room_name\":\"-\",\"source\":\"manual\",\"slot_ids\":[2879],\"forced\":\"no\"}','192.168.8.4','Mozilla/5.0 (Windows NT 10.0; Win64; x64) AppleWebKit/537.36 (KHTML, like Gecko) Chrome/141.0.0.0 Safari/537.36 Edg/141.0.0.0','2025-11-14 06:31:27'),(150,6,'t00241','add_timetable_slot','timetable_slots',NULL,NULL,'{\"view\":\"teacher\",\"year_label\":\"2568\",\"term_no\":2,\"class_name\":\"ม4\\/4\",\"day_of_week\":\"ศุกร์\",\"period_start\":4,\"period_end\":4,\"span\":1,\"subject\":\"ภาษาจีน - ภาษาจีน\",\"teachers\":[\"ธนศรี คุ้มถนอม\"],\"room_name\":\"-\",\"source\":\"manual\",\"slot_ids\":[2880],\"forced\":\"no\"}','192.168.8.4','Mozilla/5.0 (Windows NT 10.0; Win64; x64) AppleWebKit/537.36 (KHTML, like Gecko) Chrome/141.0.0.0 Safari/537.36 Edg/141.0.0.0','2025-11-14 06:31:31'),(151,6,'t00241','add_timetable_slot','timetable_slots',NULL,NULL,'{\"view\":\"teacher\",\"year_label\":\"2568\",\"term_no\":2,\"class_name\":\"ม1\\/2\",\"day_of_week\":\"ศุกร์\",\"period_start\":6,\"period_end\":6,\"span\":1,\"subject\":\"ภาษาจีน - ภาษาจีน\",\"teachers\":[\"ธนศรี คุ้มถนอม\"],\"room_name\":\"-\",\"source\":\"manual\",\"slot_ids\":[2881],\"forced\":\"no\"}','192.168.8.4','Mozilla/5.0 (Windows NT 10.0; Win64; x64) AppleWebKit/537.36 (KHTML, like Gecko) Chrome/141.0.0.0 Safari/537.36 Edg/141.0.0.0','2025-11-14 06:31:36'),(152,6,'t00241','add_timetable_slot','timetable_slots',NULL,NULL,'{\"view\":\"teacher\",\"year_label\":\"2568\",\"term_no\":2,\"class_name\":\"ม4\\/1\",\"day_of_week\":\"ศุกร์\",\"period_start\":7,\"period_end\":7,\"span\":1,\"subject\":\"ภาษาจีน - ภาษาจีน\",\"teachers\":[\"ธนศรี คุ้มถนอม\"],\"room_name\":\"-\",\"source\":\"manual\",\"slot_ids\":[2882],\"forced\":\"no\"}','192.168.8.4','Mozilla/5.0 (Windows NT 10.0; Win64; x64) AppleWebKit/537.36 (KHTML, like Gecko) Chrome/141.0.0.0 Safari/537.36 Edg/141.0.0.0','2025-11-14 06:31:39'),(153,6,'t00241','add_timetable_slot','timetable_slots',NULL,NULL,'{\"view\":\"teacher\",\"year_label\":\"2568\",\"term_no\":2,\"class_name\":\"ม1\\/4\",\"day_of_week\":\"ศุกร์\",\"period_start\":8,\"period_end\":8,\"span\":1,\"subject\":\"ภาษาจีน - ภาษาจีน\",\"teachers\":[\"ธนศรี คุ้มถนอม\"],\"room_name\":\"-\",\"source\":\"manual\",\"slot_ids\":[2883],\"forced\":\"no\"}','192.168.8.4','Mozilla/5.0 (Windows NT 10.0; Win64; x64) AppleWebKit/537.36 (KHTML, like Gecko) Chrome/141.0.0.0 Safari/537.36 Edg/141.0.0.0','2025-11-14 06:31:42'),(154,6,'t00241','add_timetable_slot','timetable_slots',NULL,NULL,'{\"view\":\"teacher\",\"year_label\":\"2568\",\"term_no\":2,\"class_name\":\"ม4\\/2\",\"day_of_week\":\"ศุกร์\",\"period_start\":9,\"period_end\":9,\"span\":1,\"subject\":\"ภาษาจีน - ภาษาจีน\",\"teachers\":[\"ธนศรี คุ้มถนอม\"],\"room_name\":\"-\",\"source\":\"manual\",\"slot_ids\":[2884],\"forced\":\"no\"}','192.168.8.4','Mozilla/5.0 (Windows NT 10.0; Win64; x64) AppleWebKit/537.36 (KHTML, like Gecko) Chrome/141.0.0.0 Safari/537.36 Edg/141.0.0.0','2025-11-14 06:31:46'),(155,6,'t00241','create_loads','teaching_loads',NULL,NULL,'{\"year_label\":\"2568\",\"term_no\":2,\"teacher_name\":\"ศิริวรรณ อมรพงษ์ไพศาล\",\"subject\":\"ภาษาจีน - ภาษาจีน\",\"classes\":[\"ม5\\/1\",\"ม5\\/2\",\"ม5\\/3\",\"ม5\\/4\",\"ม6\\/1\",\"ม6\\/2\",\"ม6\\/3\",\"ม6\\/4\",\"อ1\\/1\",\"อ1\\/2\",\"อ2\\/1\",\"อ2\\/2\",\"อ2\\/3\",\"อ3\\/1\",\"อ3\\/2\",\"อ3\\/3\"],\"room_name\":\"-\",\"periods_per_week\":1,\"consecutive_slots\":1,\"inserted\":16,\"updated\":0,\"created_ids\":[307,308,309,310,311,312,313,314,315,316,317,318,319,320,321,322]}','192.168.8.4','Mozilla/5.0 (Windows NT 10.0; Win64; x64) AppleWebKit/537.36 (KHTML, like Gecko) Chrome/141.0.0.0 Safari/537.36 Edg/141.0.0.0','2025-11-14 06:34:55'),(156,6,'t00241','add_timetable_slot','timetable_slots',NULL,NULL,'{\"view\":\"teacher\",\"year_label\":\"2568\",\"term_no\":2,\"class_name\":\"อ1\\/1\",\"day_of_week\":\"จันทร์\",\"period_start\":2,\"period_end\":2,\"span\":1,\"subject\":\"ภาษาจีน - ภาษาจีน\",\"teachers\":[\"ศิริวรรณ อมรพงษ์ไพศาล\"],\"room_name\":\"-\",\"source\":\"manual\",\"slot_ids\":[2885],\"forced\":\"no\"}','192.168.8.4','Mozilla/5.0 (Windows NT 10.0; Win64; x64) AppleWebKit/537.36 (KHTML, like Gecko) Chrome/141.0.0.0 Safari/537.36 Edg/141.0.0.0','2025-11-14 06:35:10'),(157,6,'t00241','add_timetable_slot','timetable_slots',NULL,NULL,'{\"view\":\"teacher\",\"year_label\":\"2568\",\"term_no\":2,\"class_name\":\"อ2\\/2\",\"day_of_week\":\"จันทร์\",\"period_start\":4,\"period_end\":4,\"span\":1,\"subject\":\"ภาษาจีน - ภาษาจีน\",\"teachers\":[\"ศิริวรรณ อมรพงษ์ไพศาล\"],\"room_name\":\"-\",\"source\":\"manual\",\"slot_ids\":[2886],\"forced\":\"no\"}','192.168.8.4','Mozilla/5.0 (Windows NT 10.0; Win64; x64) AppleWebKit/537.36 (KHTML, like Gecko) Chrome/141.0.0.0 Safari/537.36 Edg/141.0.0.0','2025-11-14 06:35:15'),(158,6,'t00241','add_timetable_slot','timetable_slots',NULL,NULL,'{\"view\":\"teacher\",\"year_label\":\"2568\",\"term_no\":2,\"class_name\":\"อ2\\/1\",\"day_of_week\":\"อังคาร\",\"period_start\":1,\"period_end\":1,\"span\":1,\"subject\":\"ภาษาจีน - ภาษาจีน\",\"teachers\":[\"ศิริวรรณ อมรพงษ์ไพศาล\"],\"room_name\":\"-\",\"source\":\"manual\",\"slot_ids\":[2887],\"forced\":\"no\"}','192.168.8.4','Mozilla/5.0 (Windows NT 10.0; Win64; x64) AppleWebKit/537.36 (KHTML, like Gecko) Chrome/141.0.0.0 Safari/537.36 Edg/141.0.0.0','2025-11-14 06:35:20'),(159,6,'t00241','add_timetable_slot','timetable_slots',NULL,NULL,'{\"view\":\"teacher\",\"year_label\":\"2568\",\"term_no\":2,\"class_name\":\"อ2\\/3\",\"day_of_week\":\"อังคาร\",\"period_start\":2,\"period_end\":2,\"span\":1,\"subject\":\"ภาษาจีน - ภาษาจีน\",\"teachers\":[\"ศิริวรรณ อมรพงษ์ไพศาล\"],\"room_name\":\"-\",\"source\":\"manual\",\"slot_ids\":[2888],\"forced\":\"no\"}','192.168.8.4','Mozilla/5.0 (Windows NT 10.0; Win64; x64) AppleWebKit/537.36 (KHTML, like Gecko) Chrome/141.0.0.0 Safari/537.36 Edg/141.0.0.0','2025-11-14 06:35:25'),(160,6,'t00241','add_timetable_slot','timetable_slots',NULL,NULL,'{\"view\":\"teacher\",\"year_label\":\"2568\",\"term_no\":2,\"class_name\":\"ม6\\/2\",\"day_of_week\":\"อังคาร\",\"period_start\":4,\"period_end\":4,\"span\":1,\"subject\":\"ภาษาจีน - ภาษาจีน\",\"teachers\":[\"ศิริวรรณ อมรพงษ์ไพศาล\"],\"room_name\":\"-\",\"source\":\"manual\",\"slot_ids\":[2889],\"forced\":\"no\"}','192.168.8.4','Mozilla/5.0 (Windows NT 10.0; Win64; x64) AppleWebKit/537.36 (KHTML, like Gecko) Chrome/141.0.0.0 Safari/537.36 Edg/141.0.0.0','2025-11-14 06:35:33'),(161,6,'t00241','add_timetable_slot','timetable_slots',NULL,NULL,'{\"view\":\"teacher\",\"year_label\":\"2568\",\"term_no\":2,\"class_name\":\"ม6\\/3\",\"day_of_week\":\"อังคาร\",\"period_start\":5,\"period_end\":5,\"span\":1,\"subject\":\"ภาษาจีน - ภาษาจีน\",\"teachers\":[\"ศิริวรรณ อมรพงษ์ไพศาล\"],\"room_name\":\"-\",\"source\":\"manual\",\"slot_ids\":[2890],\"forced\":\"no\"}','192.168.8.4','Mozilla/5.0 (Windows NT 10.0; Win64; x64) AppleWebKit/537.36 (KHTML, like Gecko) Chrome/141.0.0.0 Safari/537.36 Edg/141.0.0.0','2025-11-14 06:35:39'),(162,6,'t00241','add_timetable_slot','timetable_slots',NULL,NULL,'{\"view\":\"teacher\",\"year_label\":\"2568\",\"term_no\":2,\"class_name\":\"อ3\\/1\",\"day_of_week\":\"อังคาร\",\"period_start\":7,\"period_end\":7,\"span\":1,\"subject\":\"ภาษาจีน - ภาษาจีน\",\"teachers\":[\"ศิริวรรณ อมรพงษ์ไพศาล\"],\"room_name\":\"-\",\"source\":\"manual\",\"slot_ids\":[2891],\"forced\":\"no\"}','192.168.8.4','Mozilla/5.0 (Windows NT 10.0; Win64; x64) AppleWebKit/537.36 (KHTML, like Gecko) Chrome/141.0.0.0 Safari/537.36 Edg/141.0.0.0','2025-11-14 06:35:44'),(163,6,'t00241','add_timetable_slot','timetable_slots',NULL,NULL,'{\"view\":\"teacher\",\"year_label\":\"2568\",\"term_no\":2,\"class_name\":\"อ3\\/2\",\"day_of_week\":\"อังคาร\",\"period_start\":8,\"period_end\":8,\"span\":1,\"subject\":\"ภาษาจีน - ภาษาจีน\",\"teachers\":[\"ศิริวรรณ อมรพงษ์ไพศาล\"],\"room_name\":\"-\",\"source\":\"manual\",\"slot_ids\":[2892],\"forced\":\"no\"}','192.168.8.4','Mozilla/5.0 (Windows NT 10.0; Win64; x64) AppleWebKit/537.36 (KHTML, like Gecko) Chrome/141.0.0.0 Safari/537.36 Edg/141.0.0.0','2025-11-14 06:35:48'),(164,6,'t00241','add_timetable_slot','timetable_slots',NULL,NULL,'{\"view\":\"teacher\",\"year_label\":\"2568\",\"term_no\":2,\"class_name\":\"ม5\\/1\",\"day_of_week\":\"พุธ\",\"period_start\":4,\"period_end\":4,\"span\":1,\"subject\":\"ภาษาจีน - ภาษาจีน\",\"teachers\":[\"ศิริวรรณ อมรพงษ์ไพศาล\"],\"room_name\":\"-\",\"source\":\"manual\",\"slot_ids\":[2893],\"forced\":\"no\"}','192.168.8.4','Mozilla/5.0 (Windows NT 10.0; Win64; x64) AppleWebKit/537.36 (KHTML, like Gecko) Chrome/141.0.0.0 Safari/537.36 Edg/141.0.0.0','2025-11-14 06:35:55'),(165,6,'t00241','add_timetable_slot','timetable_slots',NULL,NULL,'{\"view\":\"teacher\",\"year_label\":\"2568\",\"term_no\":2,\"class_name\":\"ม5\\/4\",\"day_of_week\":\"พุธ\",\"period_start\":5,\"period_end\":5,\"span\":1,\"subject\":\"ภาษาจีน - ภาษาจีน\",\"teachers\":[\"ศิริวรรณ อมรพงษ์ไพศาล\"],\"room_name\":\"-\",\"source\":\"manual\",\"slot_ids\":[2894],\"forced\":\"no\"}','192.168.8.4','Mozilla/5.0 (Windows NT 10.0; Win64; x64) AppleWebKit/537.36 (KHTML, like Gecko) Chrome/141.0.0.0 Safari/537.36 Edg/141.0.0.0','2025-11-14 06:35:57'),(166,6,'t00241','add_timetable_slot','timetable_slots',NULL,NULL,'{\"view\":\"teacher\",\"year_label\":\"2568\",\"term_no\":2,\"class_name\":\"ม6\\/4\",\"day_of_week\":\"พฤหัสบดี\",\"period_start\":5,\"period_end\":5,\"span\":1,\"subject\":\"ภาษาจีน - ภาษาจีน\",\"teachers\":[\"ศิริวรรณ อมรพงษ์ไพศาล\"],\"room_name\":\"-\",\"source\":\"manual\",\"slot_ids\":[2895],\"forced\":\"no\"}','192.168.8.4','Mozilla/5.0 (Windows NT 10.0; Win64; x64) AppleWebKit/537.36 (KHTML, like Gecko) Chrome/141.0.0.0 Safari/537.36 Edg/141.0.0.0','2025-11-14 06:36:02'),(167,6,'t00241','add_timetable_slot','timetable_slots',NULL,NULL,'{\"view\":\"teacher\",\"year_label\":\"2568\",\"term_no\":2,\"class_name\":\"อ1\\/2\",\"day_of_week\":\"พฤหัสบดี\",\"period_start\":1,\"period_end\":1,\"span\":1,\"subject\":\"ภาษาจีน - ภาษาจีน\",\"teachers\":[\"ศิริวรรณ อมรพงษ์ไพศาล\"],\"room_name\":\"-\",\"source\":\"manual\",\"slot_ids\":[2896],\"forced\":\"no\"}','192.168.8.4','Mozilla/5.0 (Windows NT 10.0; Win64; x64) AppleWebKit/537.36 (KHTML, like Gecko) Chrome/141.0.0.0 Safari/537.36 Edg/141.0.0.0','2025-11-14 06:36:07'),(168,6,'t00241','add_timetable_slot','timetable_slots',NULL,NULL,'{\"view\":\"teacher\",\"year_label\":\"2568\",\"term_no\":2,\"class_name\":\"อ3\\/3\",\"day_of_week\":\"พฤหัสบดี\",\"period_start\":2,\"period_end\":2,\"span\":1,\"subject\":\"ภาษาจีน - ภาษาจีน\",\"teachers\":[\"ศิริวรรณ อมรพงษ์ไพศาล\"],\"room_name\":\"-\",\"source\":\"manual\",\"slot_ids\":[2897],\"forced\":\"no\"}','192.168.8.4','Mozilla/5.0 (Windows NT 10.0; Win64; x64) AppleWebKit/537.36 (KHTML, like Gecko) Chrome/141.0.0.0 Safari/537.36 Edg/141.0.0.0','2025-11-14 06:36:10'),(169,6,'t00241','add_timetable_slot','timetable_slots',NULL,NULL,'{\"view\":\"teacher\",\"year_label\":\"2568\",\"term_no\":2,\"class_name\":\"ม6\\/1\",\"day_of_week\":\"พฤหัสบดี\",\"period_start\":8,\"period_end\":8,\"span\":1,\"subject\":\"ภาษาจีน - ภาษาจีน\",\"teachers\":[\"ศิริวรรณ อมรพงษ์ไพศาล\"],\"room_name\":\"-\",\"source\":\"manual\",\"slot_ids\":[2898],\"forced\":\"no\"}','192.168.8.4','Mozilla/5.0 (Windows NT 10.0; Win64; x64) AppleWebKit/537.36 (KHTML, like Gecko) Chrome/141.0.0.0 Safari/537.36 Edg/141.0.0.0','2025-11-14 06:36:15'),(170,6,'t00241','add_timetable_slot','timetable_slots',NULL,NULL,'{\"view\":\"teacher\",\"year_label\":\"2568\",\"term_no\":2,\"class_name\":\"ม5\\/2\",\"day_of_week\":\"ศุกร์\",\"period_start\":2,\"period_end\":2,\"span\":1,\"subject\":\"ภาษาจีน - ภาษาจีน\",\"teachers\":[\"ศิริวรรณ อมรพงษ์ไพศาล\"],\"room_name\":\"-\",\"source\":\"manual\",\"slot_ids\":[2899],\"forced\":\"no\"}','192.168.8.4','Mozilla/5.0 (Windows NT 10.0; Win64; x64) AppleWebKit/537.36 (KHTML, like Gecko) Chrome/141.0.0.0 Safari/537.36 Edg/141.0.0.0','2025-11-14 06:36:19'),(171,6,'t00241','add_timetable_slot','timetable_slots',NULL,NULL,'{\"view\":\"teacher\",\"year_label\":\"2568\",\"term_no\":2,\"class_name\":\"ม5\\/3\",\"day_of_week\":\"ศุกร์\",\"period_start\":3,\"period_end\":3,\"span\":1,\"subject\":\"ภาษาจีน - ภาษาจีน\",\"teachers\":[\"ศิริวรรณ อมรพงษ์ไพศาล\"],\"room_name\":\"-\",\"source\":\"manual\",\"slot_ids\":[2900],\"forced\":\"no\"}','192.168.8.4','Mozilla/5.0 (Windows NT 10.0; Win64; x64) AppleWebKit/537.36 (KHTML, like Gecko) Chrome/141.0.0.0 Safari/537.36 Edg/141.0.0.0','2025-11-14 06:36:22'),(172,6,'t00241','create_loads','teaching_loads',NULL,NULL,'{\"year_label\":\"2568\",\"term_no\":2,\"teacher_name\":\"วรรณิภา เทียนไธสง\",\"subject\":\"ไทย(วรรณคดี) - ไทย(วรรณคดี)\",\"classes\":[\"ม3\\/1\",\"ม3\\/2\",\"ม3\\/3\",\"ม3\\/4\",\"ม3\\/5\"],\"room_name\":\"-\",\"periods_per_week\":1,\"consecutive_slots\":1,\"inserted\":5,\"updated\":0,\"created_ids\":[323,324,325,326,327]}','192.168.8.4','Mozilla/5.0 (Windows NT 10.0; Win64; x64) AppleWebKit/537.36 (KHTML, like Gecko) Chrome/141.0.0.0 Safari/537.36 Edg/141.0.0.0','2025-11-14 06:38:28'),(173,6,'t00241','create_loads','teaching_loads',NULL,NULL,'{\"year_label\":\"2568\",\"term_no\":2,\"teacher_name\":\"วรรณิภา เทียนไธสง\",\"subject\":\"ไทย(หลักภาษา) - ไทย(หลักภาษา)\",\"classes\":[\"ม3\\/1\",\"ม3\\/2\",\"ม3\\/3\",\"ม3\\/4\",\"ม3\\/5\"],\"room_name\":\"-\",\"periods_per_week\":2,\"consecutive_slots\":1,\"inserted\":5,\"updated\":0,\"created_ids\":[328,329,330,331,332]}','192.168.8.4','Mozilla/5.0 (Windows NT 10.0; Win64; x64) AppleWebKit/537.36 (KHTML, like Gecko) Chrome/141.0.0.0 Safari/537.36 Edg/141.0.0.0','2025-11-14 06:39:01'),(174,6,'t00241','create_loads','teaching_loads',NULL,NULL,'{\"year_label\":\"2568\",\"term_no\":2,\"teacher_name\":\"วรรณิภา เทียนไธสง\",\"subject\":\"ภาษาไทย - ภาษาไทย\",\"classes\":[\"ม4\\/1\",\"ม4\\/2\",\"ม4\\/3\",\"ม4\\/4\"],\"room_name\":\"-\",\"periods_per_week\":1,\"consecutive_slots\":1,\"inserted\":4,\"updated\":0,\"created_ids\":[333,334,335,336]}','192.168.8.4','Mozilla/5.0 (Windows NT 10.0; Win64; x64) AppleWebKit/537.36 (KHTML, like Gecko) Chrome/141.0.0.0 Safari/537.36 Edg/141.0.0.0','2025-11-14 06:39:26'),(175,6,'t00241','add_timetable_slot','timetable_slots',NULL,NULL,'{\"view\":\"teacher\",\"year_label\":\"2568\",\"term_no\":2,\"class_name\":\"ม3\\/5\",\"day_of_week\":\"จันทร์\",\"period_start\":1,\"period_end\":1,\"span\":1,\"subject\":\"ไทย(วรรณคดี) - ไทย(วรรณคดี)\",\"teachers\":[\"วรรณิภา เทียนไธสง\"],\"room_name\":\"-\",\"source\":\"manual\",\"slot_ids\":[2901],\"forced\":\"no\"}','192.168.8.4','Mozilla/5.0 (Windows NT 10.0; Win64; x64) AppleWebKit/537.36 (KHTML, like Gecko) Chrome/141.0.0.0 Safari/537.36 Edg/141.0.0.0','2025-11-14 06:39:49'),(176,6,'t00241','add_timetable_slot','timetable_slots',NULL,NULL,'{\"view\":\"teacher\",\"year_label\":\"2568\",\"term_no\":2,\"class_name\":\"ม3\\/4\",\"day_of_week\":\"จันทร์\",\"period_start\":3,\"period_end\":3,\"span\":1,\"subject\":\"ไทย(วรรณคดี) - ไทย(วรรณคดี)\",\"teachers\":[\"วรรณิภา เทียนไธสง\"],\"room_name\":\"-\",\"source\":\"manual\",\"slot_ids\":[2902],\"forced\":\"no\"}','192.168.8.4','Mozilla/5.0 (Windows NT 10.0; Win64; x64) AppleWebKit/537.36 (KHTML, like Gecko) Chrome/141.0.0.0 Safari/537.36 Edg/141.0.0.0','2025-11-14 06:39:56'),(177,6,'t00241','add_timetable_slot','timetable_slots',NULL,NULL,'{\"view\":\"teacher\",\"year_label\":\"2568\",\"term_no\":2,\"class_name\":\"ม3\\/3\",\"day_of_week\":\"จันทร์\",\"period_start\":4,\"period_end\":4,\"span\":1,\"subject\":\"ไทย(วรรณคดี) - ไทย(วรรณคดี)\",\"teachers\":[\"วรรณิภา เทียนไธสง\"],\"room_name\":\"-\",\"source\":\"manual\",\"slot_ids\":[2903],\"forced\":\"no\"}','192.168.8.4','Mozilla/5.0 (Windows NT 10.0; Win64; x64) AppleWebKit/537.36 (KHTML, like Gecko) Chrome/141.0.0.0 Safari/537.36 Edg/141.0.0.0','2025-11-14 06:40:00'),(178,6,'t00241','add_timetable_slot','timetable_slots',NULL,NULL,'{\"view\":\"teacher\",\"year_label\":\"2568\",\"term_no\":2,\"class_name\":\"ม3\\/1\",\"day_of_week\":\"จันทร์\",\"period_start\":6,\"period_end\":6,\"span\":1,\"subject\":\"ไทย(วรรณคดี) - ไทย(วรรณคดี)\",\"teachers\":[\"วรรณิภา เทียนไธสง\"],\"room_name\":\"-\",\"source\":\"manual\",\"slot_ids\":[2904],\"forced\":\"no\"}','192.168.8.4','Mozilla/5.0 (Windows NT 10.0; Win64; x64) AppleWebKit/537.36 (KHTML, like Gecko) Chrome/141.0.0.0 Safari/537.36 Edg/141.0.0.0','2025-11-14 06:40:05'),(179,6,'t00241','add_timetable_slot','timetable_slots',NULL,NULL,'{\"view\":\"teacher\",\"year_label\":\"2568\",\"term_no\":2,\"class_name\":\"ม3\\/2\",\"day_of_week\":\"จันทร์\",\"period_start\":7,\"period_end\":7,\"span\":1,\"subject\":\"ไทย(วรรณคดี) - ไทย(วรรณคดี)\",\"teachers\":[\"วรรณิภา เทียนไธสง\"],\"room_name\":\"-\",\"source\":\"manual\",\"slot_ids\":[2905],\"forced\":\"no\"}','192.168.8.4','Mozilla/5.0 (Windows NT 10.0; Win64; x64) AppleWebKit/537.36 (KHTML, like Gecko) Chrome/141.0.0.0 Safari/537.36 Edg/141.0.0.0','2025-11-14 06:40:09'),(180,6,'t00241','add_timetable_slot','timetable_slots',NULL,NULL,'{\"view\":\"teacher\",\"year_label\":\"2568\",\"term_no\":2,\"class_name\":\"ม3\\/4\",\"day_of_week\":\"อังคาร\",\"period_start\":1,\"period_end\":1,\"span\":1,\"subject\":\"ไทย(หลักภาษา) - ไทย(หลักภาษา)\",\"teachers\":[\"วรรณิภา เทียนไธสง\"],\"room_name\":\"-\",\"source\":\"manual\",\"slot_ids\":[2906],\"forced\":\"no\"}','192.168.8.4','Mozilla/5.0 (Windows NT 10.0; Win64; x64) AppleWebKit/537.36 (KHTML, like Gecko) Chrome/141.0.0.0 Safari/537.36 Edg/141.0.0.0','2025-11-14 06:40:14'),(181,6,'t00241','add_timetable_slot','timetable_slots',NULL,NULL,'{\"view\":\"teacher\",\"year_label\":\"2568\",\"term_no\":2,\"class_name\":\"ม3\\/3\",\"day_of_week\":\"อังคาร\",\"period_start\":2,\"period_end\":2,\"span\":1,\"subject\":\"ไทย(หลักภาษา) - ไทย(หลักภาษา)\",\"teachers\":[\"วรรณิภา เทียนไธสง\"],\"room_name\":\"-\",\"source\":\"manual\",\"slot_ids\":[2907],\"forced\":\"no\"}','192.168.8.4','Mozilla/5.0 (Windows NT 10.0; Win64; x64) AppleWebKit/537.36 (KHTML, like Gecko) Chrome/141.0.0.0 Safari/537.36 Edg/141.0.0.0','2025-11-14 06:40:18'),(182,6,'t00241','add_timetable_slot','timetable_slots',NULL,NULL,'{\"view\":\"teacher\",\"year_label\":\"2568\",\"term_no\":2,\"class_name\":\"ม3\\/2\",\"day_of_week\":\"อังคาร\",\"period_start\":7,\"period_end\":7,\"span\":1,\"subject\":\"ไทย(หลักภาษา) - ไทย(หลักภาษา)\",\"teachers\":[\"วรรณิภา เทียนไธสง\"],\"room_name\":\"-\",\"source\":\"manual\",\"slot_ids\":[2908],\"forced\":\"no\"}','192.168.8.4','Mozilla/5.0 (Windows NT 10.0; Win64; x64) AppleWebKit/537.36 (KHTML, like Gecko) Chrome/141.0.0.0 Safari/537.36 Edg/141.0.0.0','2025-11-14 06:40:25'),(183,6,'t00241','add_timetable_slot','timetable_slots',NULL,NULL,'{\"view\":\"teacher\",\"year_label\":\"2568\",\"term_no\":2,\"class_name\":\"ม3\\/1\",\"day_of_week\":\"อังคาร\",\"period_start\":9,\"period_end\":9,\"span\":1,\"subject\":\"ไทย(หลักภาษา) - ไทย(หลักภาษา)\",\"teachers\":[\"วรรณิภา เทียนไธสง\"],\"room_name\":\"-\",\"source\":\"manual\",\"slot_ids\":[2909],\"forced\":\"no\"}','192.168.8.4','Mozilla/5.0 (Windows NT 10.0; Win64; x64) AppleWebKit/537.36 (KHTML, like Gecko) Chrome/141.0.0.0 Safari/537.36 Edg/141.0.0.0','2025-11-14 06:40:31'),(184,6,'t00241','add_timetable_slot','timetable_slots',NULL,NULL,'{\"view\":\"teacher\",\"year_label\":\"2568\",\"term_no\":2,\"class_name\":\"ม3\\/3\",\"day_of_week\":\"พุธ\",\"period_start\":1,\"period_end\":1,\"span\":1,\"subject\":\"ไทย(หลักภาษา) - ไทย(หลักภาษา)\",\"teachers\":[\"วรรณิภา เทียนไธสง\"],\"room_name\":\"-\",\"source\":\"manual\",\"slot_ids\":[2910],\"forced\":\"no\"}','192.168.8.4','Mozilla/5.0 (Windows NT 10.0; Win64; x64) AppleWebKit/537.36 (KHTML, like Gecko) Chrome/141.0.0.0 Safari/537.36 Edg/141.0.0.0','2025-11-14 06:40:37'),(185,6,'t00241','add_timetable_slot','timetable_slots',NULL,NULL,'{\"view\":\"teacher\",\"year_label\":\"2568\",\"term_no\":2,\"class_name\":\"ม3\\/5\",\"day_of_week\":\"พุธ\",\"period_start\":6,\"period_end\":6,\"span\":1,\"subject\":\"ไทย(หลักภาษา) - ไทย(หลักภาษา)\",\"teachers\":[\"วรรณิภา เทียนไธสง\"],\"room_name\":\"-\",\"source\":\"manual\",\"slot_ids\":[2911],\"forced\":\"no\"}','192.168.8.4','Mozilla/5.0 (Windows NT 10.0; Win64; x64) AppleWebKit/537.36 (KHTML, like Gecko) Chrome/141.0.0.0 Safari/537.36 Edg/141.0.0.0','2025-11-14 06:40:44'),(186,6,'t00241','add_timetable_slot','timetable_slots',NULL,NULL,'{\"view\":\"teacher\",\"year_label\":\"2568\",\"term_no\":2,\"class_name\":\"ม3\\/1\",\"day_of_week\":\"พุธ\",\"period_start\":7,\"period_end\":7,\"span\":1,\"subject\":\"ไทย(หลักภาษา) - ไทย(หลักภาษา)\",\"teachers\":[\"วรรณิภา เทียนไธสง\"],\"room_name\":\"-\",\"source\":\"manual\",\"slot_ids\":[2912],\"forced\":\"no\"}','192.168.8.4','Mozilla/5.0 (Windows NT 10.0; Win64; x64) AppleWebKit/537.36 (KHTML, like Gecko) Chrome/141.0.0.0 Safari/537.36 Edg/141.0.0.0','2025-11-14 06:40:49'),(187,6,'t00241','add_timetable_slot','timetable_slots',NULL,NULL,'{\"view\":\"teacher\",\"year_label\":\"2568\",\"term_no\":2,\"class_name\":\"ม4\\/1\",\"day_of_week\":\"พฤหัสบดี\",\"period_start\":4,\"period_end\":4,\"span\":1,\"subject\":\"ภาษาไทย - ภาษาไทย\",\"teachers\":[\"วรรณิภา เทียนไธสง\"],\"room_name\":\"-\",\"source\":\"manual\",\"slot_ids\":[2913],\"forced\":\"no\"}','192.168.8.4','Mozilla/5.0 (Windows NT 10.0; Win64; x64) AppleWebKit/537.36 (KHTML, like Gecko) Chrome/141.0.0.0 Safari/537.36 Edg/141.0.0.0','2025-11-14 06:40:54'),(188,6,'t00241','add_timetable_slot','timetable_slots',NULL,NULL,'{\"view\":\"teacher\",\"year_label\":\"2568\",\"term_no\":2,\"class_name\":\"ม4\\/4\",\"day_of_week\":\"พฤหัสบดี\",\"period_start\":6,\"period_end\":6,\"span\":1,\"subject\":\"ภาษาไทย - ภาษาไทย\",\"teachers\":[\"วรรณิภา เทียนไธสง\"],\"room_name\":\"-\",\"source\":\"manual\",\"slot_ids\":[2914],\"forced\":\"no\"}','192.168.8.4','Mozilla/5.0 (Windows NT 10.0; Win64; x64) AppleWebKit/537.36 (KHTML, like Gecko) Chrome/141.0.0.0 Safari/537.36 Edg/141.0.0.0','2025-11-14 06:40:58'),(189,6,'t00241','add_timetable_slot','timetable_slots',NULL,NULL,'{\"view\":\"teacher\",\"year_label\":\"2568\",\"term_no\":2,\"class_name\":\"ม4\\/3\",\"day_of_week\":\"ศุกร์\",\"period_start\":1,\"period_end\":1,\"span\":1,\"subject\":\"ภาษาไทย - ภาษาไทย\",\"teachers\":[\"วรรณิภา เทียนไธสง\"],\"room_name\":\"-\",\"source\":\"manual\",\"slot_ids\":[2915],\"forced\":\"no\"}','192.168.8.4','Mozilla/5.0 (Windows NT 10.0; Win64; x64) AppleWebKit/537.36 (KHTML, like Gecko) Chrome/141.0.0.0 Safari/537.36 Edg/141.0.0.0','2025-11-14 06:41:02'),(190,6,'t00241','add_timetable_slot','timetable_slots',NULL,NULL,'{\"view\":\"teacher\",\"year_label\":\"2568\",\"term_no\":2,\"class_name\":\"ม3\\/4\",\"day_of_week\":\"ศุกร์\",\"period_start\":3,\"period_end\":3,\"span\":1,\"subject\":\"ไทย(หลักภาษา) - ไทย(หลักภาษา)\",\"teachers\":[\"วรรณิภา เทียนไธสง\"],\"room_name\":\"-\",\"source\":\"manual\",\"slot_ids\":[2916],\"forced\":\"no\"}','192.168.8.4','Mozilla/5.0 (Windows NT 10.0; Win64; x64) AppleWebKit/537.36 (KHTML, like Gecko) Chrome/141.0.0.0 Safari/537.36 Edg/141.0.0.0','2025-11-14 06:41:09'),(191,6,'t00241','add_timetable_slot','timetable_slots',NULL,NULL,'{\"view\":\"teacher\",\"year_label\":\"2568\",\"term_no\":2,\"class_name\":\"ม3\\/2\",\"day_of_week\":\"ศุกร์\",\"period_start\":4,\"period_end\":4,\"span\":1,\"subject\":\"ไทย(หลักภาษา) - ไทย(หลักภาษา)\",\"teachers\":[\"วรรณิภา เทียนไธสง\"],\"room_name\":\"-\",\"source\":\"manual\",\"slot_ids\":[2917],\"forced\":\"no\"}','192.168.8.4','Mozilla/5.0 (Windows NT 10.0; Win64; x64) AppleWebKit/537.36 (KHTML, like Gecko) Chrome/141.0.0.0 Safari/537.36 Edg/141.0.0.0','2025-11-14 06:41:13'),(192,6,'t00241','add_timetable_slot','timetable_slots',NULL,NULL,'{\"view\":\"teacher\",\"year_label\":\"2568\",\"term_no\":2,\"class_name\":\"ม3\\/5\",\"day_of_week\":\"ศุกร์\",\"period_start\":7,\"period_end\":7,\"span\":1,\"subject\":\"ไทย(หลักภาษา) - ไทย(หลักภาษา)\",\"teachers\":[\"วรรณิภา เทียนไธสง\"],\"room_name\":\"-\",\"source\":\"manual\",\"slot_ids\":[2918],\"forced\":\"no\"}','192.168.8.4','Mozilla/5.0 (Windows NT 10.0; Win64; x64) AppleWebKit/537.36 (KHTML, like Gecko) Chrome/141.0.0.0 Safari/537.36 Edg/141.0.0.0','2025-11-14 06:41:20'),(193,6,'t00241','add_timetable_slot','timetable_slots',NULL,NULL,'{\"view\":\"teacher\",\"year_label\":\"2568\",\"term_no\":2,\"class_name\":\"ม4\\/2\",\"day_of_week\":\"ศุกร์\",\"period_start\":8,\"period_end\":8,\"span\":1,\"subject\":\"ภาษาไทย - ภาษาไทย\",\"teachers\":[\"วรรณิภา เทียนไธสง\"],\"room_name\":\"-\",\"source\":\"manual\",\"slot_ids\":[2919],\"forced\":\"no\"}','192.168.8.4','Mozilla/5.0 (Windows NT 10.0; Win64; x64) AppleWebKit/537.36 (KHTML, like Gecko) Chrome/141.0.0.0 Safari/537.36 Edg/141.0.0.0','2025-11-14 06:41:24'),(194,6,'t00241','create_loads','teaching_loads',NULL,NULL,'{\"year_label\":\"2568\",\"term_no\":2,\"teacher_name\":\"สิริลักษณ์ สู่พิทักษ์\",\"subject\":\"ไทย(วรรณคดี) - ไทย(วรรณคดี)\",\"classes\":[\"ม1\\/1\",\"ม1\\/2\",\"ม1\\/3\",\"ม1\\/4\",\"ม1\\/5\"],\"room_name\":\"-\",\"periods_per_week\":1,\"consecutive_slots\":1,\"inserted\":5,\"updated\":0,\"created_ids\":[337,338,339,340,341]}','192.168.8.4','Mozilla/5.0 (Windows NT 10.0; Win64; x64) AppleWebKit/537.36 (KHTML, like Gecko) Chrome/141.0.0.0 Safari/537.36 Edg/141.0.0.0','2025-11-14 06:42:11'),(195,6,'t00241','create_loads','teaching_loads',NULL,NULL,'{\"year_label\":\"2568\",\"term_no\":2,\"teacher_name\":\"สิริลักษณ์ สู่พิทักษ์\",\"subject\":\"ไทย(หลักภาษา) - ไทย(หลักภาษา)\",\"classes\":[\"ม1\\/1\",\"ม1\\/2\",\"ม1\\/3\",\"ม1\\/4\",\"ม1\\/5\"],\"room_name\":\"-\",\"periods_per_week\":2,\"consecutive_slots\":1,\"inserted\":5,\"updated\":0,\"created_ids\":[342,343,344,345,346]}','192.168.8.4','Mozilla/5.0 (Windows NT 10.0; Win64; x64) AppleWebKit/537.36 (KHTML, like Gecko) Chrome/141.0.0.0 Safari/537.36 Edg/141.0.0.0','2025-11-14 06:42:26'),(196,6,'t00241','create_loads','teaching_loads',NULL,NULL,'{\"year_label\":\"2568\",\"term_no\":2,\"teacher_name\":\"สิริลักษณ์ สู่พิทักษ์\",\"subject\":\"ภาษาไทย - ภาษาไทย\",\"classes\":[\"ม5\\/1\",\"ม5\\/2\",\"ม5\\/3\",\"ม5\\/4\"],\"room_name\":\"-\",\"periods_per_week\":1,\"consecutive_slots\":1,\"inserted\":4,\"updated\":0,\"created_ids\":[347,348,349,350]}','192.168.8.4','Mozilla/5.0 (Windows NT 10.0; Win64; x64) AppleWebKit/537.36 (KHTML, like Gecko) Chrome/141.0.0.0 Safari/537.36 Edg/141.0.0.0','2025-11-14 06:42:44'),(197,6,'t00241','add_timetable_slot','timetable_slots',NULL,NULL,'{\"view\":\"teacher\",\"year_label\":\"2568\",\"term_no\":2,\"class_name\":\"ม1\\/4\",\"day_of_week\":\"จันทร์\",\"period_start\":1,\"period_end\":1,\"span\":1,\"subject\":\"ไทย(หลักภาษา) - ไทย(หลักภาษา)\",\"teachers\":[\"สิริลักษณ์ สู่พิทักษ์\"],\"room_name\":\"-\",\"source\":\"manual\",\"slot_ids\":[2920],\"forced\":\"no\"}','192.168.8.4','Mozilla/5.0 (Windows NT 10.0; Win64; x64) AppleWebKit/537.36 (KHTML, like Gecko) Chrome/141.0.0.0 Safari/537.36 Edg/141.0.0.0','2025-11-14 06:43:21'),(198,6,'t00241','add_timetable_slot','timetable_slots',NULL,NULL,'{\"view\":\"teacher\",\"year_label\":\"2568\",\"term_no\":2,\"class_name\":\"ม1\\/1\",\"day_of_week\":\"จันทร์\",\"period_start\":7,\"period_end\":7,\"span\":1,\"subject\":\"ไทย(หลักภาษา) - ไทย(หลักภาษา)\",\"teachers\":[\"สิริลักษณ์ สู่พิทักษ์\"],\"room_name\":\"-\",\"source\":\"manual\",\"slot_ids\":[2921],\"forced\":\"no\"}','192.168.8.4','Mozilla/5.0 (Windows NT 10.0; Win64; x64) AppleWebKit/537.36 (KHTML, like Gecko) Chrome/141.0.0.0 Safari/537.36 Edg/141.0.0.0','2025-11-14 06:43:26'),(199,6,'t00241','add_timetable_slot','timetable_slots',NULL,NULL,'{\"view\":\"teacher\",\"year_label\":\"2568\",\"term_no\":2,\"class_name\":\"ม1\\/2\",\"day_of_week\":\"จันทร์\",\"period_start\":8,\"period_end\":8,\"span\":1,\"subject\":\"ไทย(หลักภาษา) - ไทย(หลักภาษา)\",\"teachers\":[\"สิริลักษณ์ สู่พิทักษ์\"],\"room_name\":\"-\",\"source\":\"manual\",\"slot_ids\":[2922],\"forced\":\"no\"}','192.168.8.4','Mozilla/5.0 (Windows NT 10.0; Win64; x64) AppleWebKit/537.36 (KHTML, like Gecko) Chrome/141.0.0.0 Safari/537.36 Edg/141.0.0.0','2025-11-14 06:43:32'),(200,6,'t00241','add_timetable_slot','timetable_slots',NULL,NULL,'{\"view\":\"teacher\",\"year_label\":\"2568\",\"term_no\":2,\"class_name\":\"ม1\\/5\",\"day_of_week\":\"อังคาร\",\"period_start\":1,\"period_end\":1,\"span\":1,\"subject\":\"ไทย(วรรณคดี) - ไทย(วรรณคดี)\",\"teachers\":[\"สิริลักษณ์ สู่พิทักษ์\"],\"room_name\":\"-\",\"source\":\"manual\",\"slot_ids\":[2923],\"forced\":\"no\"}','192.168.8.4','Mozilla/5.0 (Windows NT 10.0; Win64; x64) AppleWebKit/537.36 (KHTML, like Gecko) Chrome/141.0.0.0 Safari/537.36 Edg/141.0.0.0','2025-11-14 06:43:38'),(201,6,'t00241','add_timetable_slot','timetable_slots',NULL,NULL,'{\"view\":\"teacher\",\"year_label\":\"2568\",\"term_no\":2,\"class_name\":\"ม1\\/3\",\"day_of_week\":\"อังคาร\",\"period_start\":5,\"period_end\":5,\"span\":1,\"subject\":\"ไทย(หลักภาษา) - ไทย(หลักภาษา)\",\"teachers\":[\"สิริลักษณ์ สู่พิทักษ์\"],\"room_name\":\"-\",\"source\":\"manual\",\"slot_ids\":[2924],\"forced\":\"no\"}','192.168.8.4','Mozilla/5.0 (Windows NT 10.0; Win64; x64) AppleWebKit/537.36 (KHTML, like Gecko) Chrome/141.0.0.0 Safari/537.36 Edg/141.0.0.0','2025-11-14 06:43:45'),(202,6,'t00241','add_timetable_slot','timetable_slots',NULL,NULL,'{\"view\":\"teacher\",\"year_label\":\"2568\",\"term_no\":2,\"class_name\":\"ม1\\/5\",\"day_of_week\":\"อังคาร\",\"period_start\":6,\"period_end\":6,\"span\":1,\"subject\":\"ไทย(หลักภาษา) - ไทย(หลักภาษา)\",\"teachers\":[\"สิริลักษณ์ สู่พิทักษ์\"],\"room_name\":\"-\",\"source\":\"manual\",\"slot_ids\":[2925],\"forced\":\"no\"}','192.168.8.4','Mozilla/5.0 (Windows NT 10.0; Win64; x64) AppleWebKit/537.36 (KHTML, like Gecko) Chrome/141.0.0.0 Safari/537.36 Edg/141.0.0.0','2025-11-14 06:43:50'),(203,6,'t00241','add_timetable_slot','timetable_slots',NULL,NULL,'{\"view\":\"teacher\",\"year_label\":\"2568\",\"term_no\":2,\"class_name\":\"ม1\\/3\",\"day_of_week\":\"พุธ\",\"period_start\":1,\"period_end\":1,\"span\":1,\"subject\":\"ไทย(หลักภาษา) - ไทย(หลักภาษา)\",\"teachers\":[\"สิริลักษณ์ สู่พิทักษ์\"],\"room_name\":\"-\",\"source\":\"manual\",\"slot_ids\":[2926],\"forced\":\"no\"}','192.168.8.4','Mozilla/5.0 (Windows NT 10.0; Win64; x64) AppleWebKit/537.36 (KHTML, like Gecko) Chrome/141.0.0.0 Safari/537.36 Edg/141.0.0.0','2025-11-14 06:43:58'),(204,6,'t00241','add_timetable_slot','timetable_slots',NULL,NULL,'{\"view\":\"teacher\",\"year_label\":\"2568\",\"term_no\":2,\"class_name\":\"ม1\\/5\",\"day_of_week\":\"พุธ\",\"period_start\":2,\"period_end\":2,\"span\":1,\"subject\":\"ไทย(หลักภาษา) - ไทย(หลักภาษา)\",\"teachers\":[\"สิริลักษณ์ สู่พิทักษ์\"],\"room_name\":\"-\",\"source\":\"manual\",\"slot_ids\":[2927],\"forced\":\"no\"}','192.168.8.4','Mozilla/5.0 (Windows NT 10.0; Win64; x64) AppleWebKit/537.36 (KHTML, like Gecko) Chrome/141.0.0.0 Safari/537.36 Edg/141.0.0.0','2025-11-14 06:44:03'),(205,6,'t00241','add_timetable_slot','timetable_slots',NULL,NULL,'{\"view\":\"teacher\",\"year_label\":\"2568\",\"term_no\":2,\"class_name\":\"ม5\\/3\",\"day_of_week\":\"พุธ\",\"period_start\":4,\"period_end\":4,\"span\":1,\"subject\":\"ภาษาไทย - ภาษาไทย\",\"teachers\":[\"สิริลักษณ์ สู่พิทักษ์\"],\"room_name\":\"-\",\"source\":\"manual\",\"slot_ids\":[2928],\"forced\":\"no\"}','192.168.8.4','Mozilla/5.0 (Windows NT 10.0; Win64; x64) AppleWebKit/537.36 (KHTML, like Gecko) Chrome/141.0.0.0 Safari/537.36 Edg/141.0.0.0','2025-11-14 06:44:08'),(206,6,'t00241','add_timetable_slot','timetable_slots',NULL,NULL,'{\"view\":\"teacher\",\"year_label\":\"2568\",\"term_no\":2,\"class_name\":\"ม1\\/2\",\"day_of_week\":\"พุธ\",\"period_start\":6,\"period_end\":6,\"span\":1,\"subject\":\"ไทย(หลักภาษา) - ไทย(หลักภาษา)\",\"teachers\":[\"สิริลักษณ์ สู่พิทักษ์\"],\"room_name\":\"-\",\"source\":\"manual\",\"slot_ids\":[2929],\"forced\":\"no\"}','192.168.8.4','Mozilla/5.0 (Windows NT 10.0; Win64; x64) AppleWebKit/537.36 (KHTML, like Gecko) Chrome/141.0.0.0 Safari/537.36 Edg/141.0.0.0','2025-11-14 06:44:14'),(207,6,'t00241','add_timetable_slot','timetable_slots',NULL,NULL,'{\"view\":\"teacher\",\"year_label\":\"2568\",\"term_no\":2,\"class_name\":\"ม1\\/1\",\"day_of_week\":\"พุธ\",\"period_start\":7,\"period_end\":7,\"span\":1,\"subject\":\"ไทย(หลักภาษา) - ไทย(หลักภาษา)\",\"teachers\":[\"สิริลักษณ์ สู่พิทักษ์\"],\"room_name\":\"-\",\"source\":\"manual\",\"slot_ids\":[2930],\"forced\":\"no\"}','192.168.8.4','Mozilla/5.0 (Windows NT 10.0; Win64; x64) AppleWebKit/537.36 (KHTML, like Gecko) Chrome/141.0.0.0 Safari/537.36 Edg/141.0.0.0','2025-11-14 06:44:19'),(208,6,'t00241','add_timetable_slot','timetable_slots',NULL,NULL,'{\"view\":\"teacher\",\"year_label\":\"2568\",\"term_no\":2,\"class_name\":\"ม5\\/2\",\"day_of_week\":\"พุธ\",\"period_start\":8,\"period_end\":8,\"span\":1,\"subject\":\"ภาษาไทย - ภาษาไทย\",\"teachers\":[\"สิริลักษณ์ สู่พิทักษ์\"],\"room_name\":\"-\",\"source\":\"manual\",\"slot_ids\":[2931],\"forced\":\"no\"}','192.168.8.4','Mozilla/5.0 (Windows NT 10.0; Win64; x64) AppleWebKit/537.36 (KHTML, like Gecko) Chrome/141.0.0.0 Safari/537.36 Edg/141.0.0.0','2025-11-14 06:44:23'),(209,6,'t00241','add_timetable_slot','timetable_slots',NULL,NULL,'{\"view\":\"teacher\",\"year_label\":\"2568\",\"term_no\":2,\"class_name\":\"ม1\\/4\",\"day_of_week\":\"พุธ\",\"period_start\":9,\"period_end\":9,\"span\":1,\"subject\":\"ไทย(หลักภาษา) - ไทย(หลักภาษา)\",\"teachers\":[\"สิริลักษณ์ สู่พิทักษ์\"],\"room_name\":\"-\",\"source\":\"manual\",\"slot_ids\":[2932],\"forced\":\"no\"}','192.168.8.4','Mozilla/5.0 (Windows NT 10.0; Win64; x64) AppleWebKit/537.36 (KHTML, like Gecko) Chrome/141.0.0.0 Safari/537.36 Edg/141.0.0.0','2025-11-14 06:44:29'),(210,6,'t00241','create_loads','teaching_loads',NULL,NULL,'{\"year_label\":\"2568\",\"term_no\":2,\"teacher_name\":\"สิริลักษณ์ สู่พิทักษ์\",\"subject\":\"แนะแนว - แนะแนว\",\"classes\":[\"ม1\\/3\"],\"room_name\":\"-\",\"periods_per_week\":1,\"consecutive_slots\":1,\"inserted\":1,\"updated\":0,\"created_ids\":[351]}','192.168.8.4','Mozilla/5.0 (Windows NT 10.0; Win64; x64) AppleWebKit/537.36 (KHTML, like Gecko) Chrome/141.0.0.0 Safari/537.36 Edg/141.0.0.0','2025-11-14 06:44:52'),(211,6,'t00241','add_timetable_slot','timetable_slots',NULL,NULL,'{\"view\":\"teacher\",\"year_label\":\"2568\",\"term_no\":2,\"class_name\":\"ม1\\/3\",\"day_of_week\":\"พฤหัสบดี\",\"period_start\":1,\"period_end\":1,\"span\":1,\"subject\":\"แนะแนว - แนะแนว\",\"teachers\":[\"สิริลักษณ์ สู่พิทักษ์\"],\"room_name\":\"-\",\"source\":\"manual\",\"slot_ids\":[2933],\"forced\":\"no\"}','192.168.8.4','Mozilla/5.0 (Windows NT 10.0; Win64; x64) AppleWebKit/537.36 (KHTML, like Gecko) Chrome/141.0.0.0 Safari/537.36 Edg/141.0.0.0','2025-11-14 06:45:01'),(212,6,'t00241','add_timetable_slot','timetable_slots',NULL,NULL,'{\"view\":\"teacher\",\"year_label\":\"2568\",\"term_no\":2,\"class_name\":\"ม1\\/3\",\"day_of_week\":\"พฤหัสบดี\",\"period_start\":6,\"period_end\":6,\"span\":1,\"subject\":\"ไทย(วรรณคดี) - ไทย(วรรณคดี)\",\"teachers\":[\"สิริลักษณ์ สู่พิทักษ์\"],\"room_name\":\"-\",\"source\":\"manual\",\"slot_ids\":[2934],\"forced\":\"no\"}','192.168.8.4','Mozilla/5.0 (Windows NT 10.0; Win64; x64) AppleWebKit/537.36 (KHTML, like Gecko) Chrome/141.0.0.0 Safari/537.36 Edg/141.0.0.0','2025-11-14 06:45:08'),(213,6,'t00241','add_timetable_slot','timetable_slots',NULL,NULL,'{\"view\":\"teacher\",\"year_label\":\"2568\",\"term_no\":2,\"class_name\":\"ม1\\/4\",\"day_of_week\":\"ศุกร์\",\"period_start\":2,\"period_end\":2,\"span\":1,\"subject\":\"ไทย(วรรณคดี) - ไทย(วรรณคดี)\",\"teachers\":[\"สิริลักษณ์ สู่พิทักษ์\"],\"room_name\":\"-\",\"source\":\"manual\",\"slot_ids\":[2935],\"forced\":\"no\"}','192.168.8.4','Mozilla/5.0 (Windows NT 10.0; Win64; x64) AppleWebKit/537.36 (KHTML, like Gecko) Chrome/141.0.0.0 Safari/537.36 Edg/141.0.0.0','2025-11-14 06:45:12'),(214,6,'t00241','add_timetable_slot','timetable_slots',NULL,NULL,'{\"view\":\"teacher\",\"year_label\":\"2568\",\"term_no\":2,\"class_name\":\"ม1\\/2\",\"day_of_week\":\"ศุกร์\",\"period_start\":3,\"period_end\":3,\"span\":1,\"subject\":\"ไทย(วรรณคดี) - ไทย(วรรณคดี)\",\"teachers\":[\"สิริลักษณ์ สู่พิทักษ์\"],\"room_name\":\"-\",\"source\":\"manual\",\"slot_ids\":[2936],\"forced\":\"no\"}','192.168.8.4','Mozilla/5.0 (Windows NT 10.0; Win64; x64) AppleWebKit/537.36 (KHTML, like Gecko) Chrome/141.0.0.0 Safari/537.36 Edg/141.0.0.0','2025-11-14 06:45:17'),(215,6,'t00241','add_timetable_slot','timetable_slots',NULL,NULL,'{\"view\":\"teacher\",\"year_label\":\"2568\",\"term_no\":2,\"class_name\":\"ม1\\/1\",\"day_of_week\":\"ศุกร์\",\"period_start\":6,\"period_end\":6,\"span\":1,\"subject\":\"ไทย(วรรณคดี) - ไทย(วรรณคดี)\",\"teachers\":[\"สิริลักษณ์ สู่พิทักษ์\"],\"room_name\":\"-\",\"source\":\"manual\",\"slot_ids\":[2937],\"forced\":\"no\"}','192.168.8.4','Mozilla/5.0 (Windows NT 10.0; Win64; x64) AppleWebKit/537.36 (KHTML, like Gecko) Chrome/141.0.0.0 Safari/537.36 Edg/141.0.0.0','2025-11-14 06:45:24'),(216,6,'t00241','add_timetable_slot','timetable_slots',NULL,NULL,'{\"view\":\"teacher\",\"year_label\":\"2568\",\"term_no\":2,\"class_name\":\"ม5\\/4\",\"day_of_week\":\"ศุกร์\",\"period_start\":7,\"period_end\":7,\"span\":1,\"subject\":\"ภาษาไทย - ภาษาไทย\",\"teachers\":[\"สิริลักษณ์ สู่พิทักษ์\"],\"room_name\":\"-\",\"source\":\"manual\",\"slot_ids\":[2938],\"forced\":\"no\"}','192.168.8.4','Mozilla/5.0 (Windows NT 10.0; Win64; x64) AppleWebKit/537.36 (KHTML, like Gecko) Chrome/141.0.0.0 Safari/537.36 Edg/141.0.0.0','2025-11-14 06:45:28'),(217,6,'t00241','add_timetable_slot','timetable_slots',NULL,NULL,'{\"view\":\"teacher\",\"year_label\":\"2568\",\"term_no\":2,\"class_name\":\"ม5\\/1\",\"day_of_week\":\"ศุกร์\",\"period_start\":8,\"period_end\":8,\"span\":1,\"subject\":\"ภาษาไทย - ภาษาไทย\",\"teachers\":[\"สิริลักษณ์ สู่พิทักษ์\"],\"room_name\":\"-\",\"source\":\"manual\",\"slot_ids\":[2939],\"forced\":\"no\"}','192.168.8.4','Mozilla/5.0 (Windows NT 10.0; Win64; x64) AppleWebKit/537.36 (KHTML, like Gecko) Chrome/141.0.0.0 Safari/537.36 Edg/141.0.0.0','2025-11-14 06:45:31'),(218,6,'t00241','create_loads','teaching_loads',NULL,NULL,'{\"year_label\":\"2568\",\"term_no\":2,\"teacher_name\":\"ทิพวรรณ จิ๋วแก้ว\",\"subject\":\"ไทย(วรรณคดี) - ไทย(วรรณคดี)\",\"classes\":[\"ม2\\/1\",\"ม2\\/2\",\"ม2\\/3\",\"ม2\\/4\",\"ม2\\/5\"],\"room_name\":\"-\",\"periods_per_week\":1,\"consecutive_slots\":1,\"inserted\":5,\"updated\":0,\"created_ids\":[352,353,354,355,356]}','192.168.8.4','Mozilla/5.0 (Windows NT 10.0; Win64; x64) AppleWebKit/537.36 (KHTML, like Gecko) Chrome/141.0.0.0 Safari/537.36 Edg/141.0.0.0','2025-11-14 06:46:57'),(219,6,'t00241','create_loads','teaching_loads',NULL,NULL,'{\"year_label\":\"2568\",\"term_no\":2,\"teacher_name\":\"ทิพวรรณ จิ๋วแก้ว\",\"subject\":\"ไทย(หลักภาษา) - ไทย(หลักภาษา)\",\"classes\":[\"ม2\\/1\",\"ม2\\/2\",\"ม2\\/3\",\"ม2\\/4\",\"ม2\\/5\"],\"room_name\":\"-\",\"periods_per_week\":2,\"consecutive_slots\":1,\"inserted\":5,\"updated\":0,\"created_ids\":[357,358,359,360,361]}','192.168.8.4','Mozilla/5.0 (Windows NT 10.0; Win64; x64) AppleWebKit/537.36 (KHTML, like Gecko) Chrome/141.0.0.0 Safari/537.36 Edg/141.0.0.0','2025-11-14 06:47:12'),(220,6,'t00241','create_loads','teaching_loads',NULL,NULL,'{\"year_label\":\"2568\",\"term_no\":2,\"teacher_name\":\"ทิพวรรณ จิ๋วแก้ว\",\"subject\":\"แนะแนว - แนะแนว\",\"classes\":[\"ม2\\/3\"],\"room_name\":\"-\",\"periods_per_week\":1,\"consecutive_slots\":1,\"inserted\":1,\"updated\":0,\"created_ids\":[362]}','192.168.8.4','Mozilla/5.0 (Windows NT 10.0; Win64; x64) AppleWebKit/537.36 (KHTML, like Gecko) Chrome/141.0.0.0 Safari/537.36 Edg/141.0.0.0','2025-11-14 06:47:33'),(221,6,'t00241','create_loads','teaching_loads',NULL,NULL,'{\"year_label\":\"2568\",\"term_no\":2,\"teacher_name\":\"ทิพวรรณ จิ๋วแก้ว\",\"subject\":\"ภาษาไทย - ภาษาไทย\",\"classes\":[\"ม6\\/1\",\"ม6\\/2\",\"ม6\\/3\",\"ม6\\/4\"],\"room_name\":\"-\",\"periods_per_week\":1,\"consecutive_slots\":1,\"inserted\":4,\"updated\":0,\"created_ids\":[363,364,365,366]}','192.168.8.4','Mozilla/5.0 (Windows NT 10.0; Win64; x64) AppleWebKit/537.36 (KHTML, like Gecko) Chrome/141.0.0.0 Safari/537.36 Edg/141.0.0.0','2025-11-14 06:48:09'),(222,6,'t00241','add_timetable_slot','timetable_slots',NULL,NULL,'{\"view\":\"teacher\",\"year_label\":\"2568\",\"term_no\":2,\"class_name\":\"ม2\\/1\",\"day_of_week\":\"จันทร์\",\"period_start\":2,\"period_end\":2,\"span\":1,\"subject\":\"ไทย(หลักภาษา) - ไทย(หลักภาษา)\",\"teachers\":[\"ทิพวรรณ จิ๋วแก้ว\"],\"room_name\":\"-\",\"source\":\"manual\",\"slot_ids\":[2940],\"forced\":\"no\"}','192.168.8.4','Mozilla/5.0 (Windows NT 10.0; Win64; x64) AppleWebKit/537.36 (KHTML, like Gecko) Chrome/141.0.0.0 Safari/537.36 Edg/141.0.0.0','2025-11-14 06:49:24'),(223,6,'t00241','add_timetable_slot','timetable_slots',NULL,NULL,'{\"view\":\"teacher\",\"year_label\":\"2568\",\"term_no\":2,\"class_name\":\"ม2\\/4\",\"day_of_week\":\"จันทร์\",\"period_start\":6,\"period_end\":6,\"span\":1,\"subject\":\"ไทย(หลักภาษา) - ไทย(หลักภาษา)\",\"teachers\":[\"ทิพวรรณ จิ๋วแก้ว\"],\"room_name\":\"-\",\"source\":\"manual\",\"slot_ids\":[2941],\"forced\":\"no\"}','192.168.8.4','Mozilla/5.0 (Windows NT 10.0; Win64; x64) AppleWebKit/537.36 (KHTML, like Gecko) Chrome/141.0.0.0 Safari/537.36 Edg/141.0.0.0','2025-11-14 06:49:31'),(224,6,'t00241','add_timetable_slot','timetable_slots',NULL,NULL,'{\"view\":\"teacher\",\"year_label\":\"2568\",\"term_no\":2,\"class_name\":\"ม2\\/3\",\"day_of_week\":\"จันทร์\",\"period_start\":8,\"period_end\":8,\"span\":1,\"subject\":\"ไทย(หลักภาษา) - ไทย(หลักภาษา)\",\"teachers\":[\"ทิพวรรณ จิ๋วแก้ว\"],\"room_name\":\"-\",\"source\":\"manual\",\"slot_ids\":[2942],\"forced\":\"no\"}','192.168.8.4','Mozilla/5.0 (Windows NT 10.0; Win64; x64) AppleWebKit/537.36 (KHTML, like Gecko) Chrome/141.0.0.0 Safari/537.36 Edg/141.0.0.0','2025-11-14 06:49:37'),(225,6,'t00241','add_timetable_slot','timetable_slots',NULL,NULL,'{\"view\":\"teacher\",\"year_label\":\"2568\",\"term_no\":2,\"class_name\":\"ม6\\/4\",\"day_of_week\":\"อังคาร\",\"period_start\":3,\"period_end\":3,\"span\":1,\"subject\":\"ภาษาไทย - ภาษาไทย\",\"teachers\":[\"ทิพวรรณ จิ๋วแก้ว\"],\"room_name\":\"-\",\"source\":\"manual\",\"slot_ids\":[2943],\"forced\":\"no\"}','192.168.8.4','Mozilla/5.0 (Windows NT 10.0; Win64; x64) AppleWebKit/537.36 (KHTML, like Gecko) Chrome/141.0.0.0 Safari/537.36 Edg/141.0.0.0','2025-11-14 06:49:43'),(226,6,'t00241','add_timetable_slot','timetable_slots',NULL,NULL,'{\"view\":\"teacher\",\"year_label\":\"2568\",\"term_no\":2,\"class_name\":\"ม2\\/3\",\"day_of_week\":\"อังคาร\",\"period_start\":5,\"period_end\":5,\"span\":1,\"subject\":\"ไทย(หลักภาษา) - ไทย(หลักภาษา)\",\"teachers\":[\"ทิพวรรณ จิ๋วแก้ว\"],\"room_name\":\"-\",\"source\":\"manual\",\"slot_ids\":[2944],\"forced\":\"no\"}','192.168.8.4','Mozilla/5.0 (Windows NT 10.0; Win64; x64) AppleWebKit/537.36 (KHTML, like Gecko) Chrome/141.0.0.0 Safari/537.36 Edg/141.0.0.0','2025-11-14 06:49:51'),(227,6,'t00241','add_timetable_slot','timetable_slots',NULL,NULL,'{\"view\":\"teacher\",\"year_label\":\"2568\",\"term_no\":2,\"class_name\":\"ม2\\/4\",\"day_of_week\":\"อังคาร\",\"period_start\":6,\"period_end\":6,\"span\":1,\"subject\":\"ไทย(หลักภาษา) - ไทย(หลักภาษา)\",\"teachers\":[\"ทิพวรรณ จิ๋วแก้ว\"],\"room_name\":\"-\",\"source\":\"manual\",\"slot_ids\":[2945],\"forced\":\"no\"}','192.168.8.4','Mozilla/5.0 (Windows NT 10.0; Win64; x64) AppleWebKit/537.36 (KHTML, like Gecko) Chrome/141.0.0.0 Safari/537.36 Edg/141.0.0.0','2025-11-14 06:49:57'),(228,6,'t00241','add_timetable_slot','timetable_slots',NULL,NULL,'{\"view\":\"teacher\",\"year_label\":\"2568\",\"term_no\":2,\"class_name\":\"ม2\\/5\",\"day_of_week\":\"อังคาร\",\"period_start\":8,\"period_end\":8,\"span\":1,\"subject\":\"ไทย(หลักภาษา) - ไทย(หลักภาษา)\",\"teachers\":[\"ทิพวรรณ จิ๋วแก้ว\"],\"room_name\":\"-\",\"source\":\"manual\",\"slot_ids\":[2946],\"forced\":\"no\"}','192.168.8.4','Mozilla/5.0 (Windows NT 10.0; Win64; x64) AppleWebKit/537.36 (KHTML, like Gecko) Chrome/141.0.0.0 Safari/537.36 Edg/141.0.0.0','2025-11-14 06:50:05'),(229,6,'t00241','add_timetable_slot','timetable_slots',NULL,NULL,'{\"view\":\"teacher\",\"year_label\":\"2568\",\"term_no\":2,\"class_name\":\"ม6\\/1\",\"day_of_week\":\"อังคาร\",\"period_start\":9,\"period_end\":9,\"span\":1,\"subject\":\"ภาษาไทย - ภาษาไทย\",\"teachers\":[\"ทิพวรรณ จิ๋วแก้ว\"],\"room_name\":\"-\",\"source\":\"manual\",\"slot_ids\":[2947],\"forced\":\"no\"}','192.168.8.4','Mozilla/5.0 (Windows NT 10.0; Win64; x64) AppleWebKit/537.36 (KHTML, like Gecko) Chrome/141.0.0.0 Safari/537.36 Edg/141.0.0.0','2025-11-14 06:50:13'),(230,6,'t00241','add_timetable_slot','timetable_slots',NULL,NULL,'{\"view\":\"teacher\",\"year_label\":\"2568\",\"term_no\":2,\"class_name\":\"ม2\\/1\",\"day_of_week\":\"พุธ\",\"period_start\":7,\"period_end\":7,\"span\":1,\"subject\":\"ไทย(หลักภาษา) - ไทย(หลักภาษา)\",\"teachers\":[\"ทิพวรรณ จิ๋วแก้ว\"],\"room_name\":\"-\",\"source\":\"manual\",\"slot_ids\":[2948],\"forced\":\"no\"}','192.168.8.4','Mozilla/5.0 (Windows NT 10.0; Win64; x64) AppleWebKit/537.36 (KHTML, like Gecko) Chrome/141.0.0.0 Safari/537.36 Edg/141.0.0.0','2025-11-14 06:50:23'),(231,6,'t00241','add_timetable_slot','timetable_slots',NULL,NULL,'{\"view\":\"teacher\",\"year_label\":\"2568\",\"term_no\":2,\"class_name\":\"ม2\\/2\",\"day_of_week\":\"พุธ\",\"period_start\":8,\"period_end\":8,\"span\":1,\"subject\":\"ไทย(หลักภาษา) - ไทย(หลักภาษา)\",\"teachers\":[\"ทิพวรรณ จิ๋วแก้ว\"],\"room_name\":\"-\",\"source\":\"manual\",\"slot_ids\":[2949],\"forced\":\"no\"}','192.168.8.4','Mozilla/5.0 (Windows NT 10.0; Win64; x64) AppleWebKit/537.36 (KHTML, like Gecko) Chrome/141.0.0.0 Safari/537.36 Edg/141.0.0.0','2025-11-14 06:50:29'),(232,6,'t00241','add_timetable_slot','timetable_slots',NULL,NULL,'{\"view\":\"teacher\",\"year_label\":\"2568\",\"term_no\":2,\"class_name\":\"ม6\\/2\",\"day_of_week\":\"พฤหัสบดี\",\"period_start\":1,\"period_end\":1,\"span\":1,\"subject\":\"ภาษาไทย - ภาษาไทย\",\"teachers\":[\"ทิพวรรณ จิ๋วแก้ว\"],\"room_name\":\"-\",\"source\":\"manual\",\"slot_ids\":[2950],\"forced\":\"no\"}','192.168.8.4','Mozilla/5.0 (Windows NT 10.0; Win64; x64) AppleWebKit/537.36 (KHTML, like Gecko) Chrome/141.0.0.0 Safari/537.36 Edg/141.0.0.0','2025-11-14 06:50:56'),(233,6,'t00241','add_timetable_slot','timetable_slots',NULL,NULL,'{\"view\":\"teacher\",\"year_label\":\"2568\",\"term_no\":2,\"class_name\":\"ม2\\/2\",\"day_of_week\":\"พฤหัสบดี\",\"period_start\":2,\"period_end\":2,\"span\":1,\"subject\":\"ไทย(วรรณคดี) - ไทย(วรรณคดี)\",\"teachers\":[\"ทิพวรรณ จิ๋วแก้ว\"],\"room_name\":\"-\",\"source\":\"manual\",\"slot_ids\":[2951],\"forced\":\"no\"}','192.168.8.4','Mozilla/5.0 (Windows NT 10.0; Win64; x64) AppleWebKit/537.36 (KHTML, like Gecko) Chrome/141.0.0.0 Safari/537.36 Edg/141.0.0.0','2025-11-14 06:51:03'),(234,6,'t00241','add_timetable_slot','timetable_slots',NULL,NULL,'{\"view\":\"teacher\",\"year_label\":\"2568\",\"term_no\":2,\"class_name\":\"ม2\\/4\",\"day_of_week\":\"พฤหัสบดี\",\"period_start\":3,\"period_end\":3,\"span\":1,\"subject\":\"ไทย(วรรณคดี) - ไทย(วรรณคดี)\",\"teachers\":[\"ทิพวรรณ จิ๋วแก้ว\"],\"room_name\":\"-\",\"source\":\"manual\",\"slot_ids\":[2952],\"forced\":\"no\"}','192.168.8.4','Mozilla/5.0 (Windows NT 10.0; Win64; x64) AppleWebKit/537.36 (KHTML, like Gecko) Chrome/141.0.0.0 Safari/537.36 Edg/141.0.0.0','2025-11-14 06:51:08'),(235,6,'t00241','add_timetable_slot','timetable_slots',NULL,NULL,'{\"view\":\"teacher\",\"year_label\":\"2568\",\"term_no\":2,\"class_name\":\"ม6\\/3\",\"day_of_week\":\"พฤหัสบดี\",\"period_start\":4,\"period_end\":4,\"span\":1,\"subject\":\"ภาษาไทย - ภาษาไทย\",\"teachers\":[\"ทิพวรรณ จิ๋วแก้ว\"],\"room_name\":\"-\",\"source\":\"manual\",\"slot_ids\":[2953],\"forced\":\"no\"}','192.168.8.4','Mozilla/5.0 (Windows NT 10.0; Win64; x64) AppleWebKit/537.36 (KHTML, like Gecko) Chrome/141.0.0.0 Safari/537.36 Edg/141.0.0.0','2025-11-14 06:51:11'),(236,6,'t00241','add_timetable_slot','timetable_slots',NULL,NULL,'{\"view\":\"teacher\",\"year_label\":\"2568\",\"term_no\":2,\"class_name\":\"ม2\\/1\",\"day_of_week\":\"พฤหัสบดี\",\"period_start\":5,\"period_end\":5,\"span\":1,\"subject\":\"ไทย(วรรณคดี) - ไทย(วรรณคดี)\",\"teachers\":[\"ทิพวรรณ จิ๋วแก้ว\"],\"room_name\":\"-\",\"source\":\"manual\",\"slot_ids\":[2954],\"forced\":\"no\"}','192.168.8.4','Mozilla/5.0 (Windows NT 10.0; Win64; x64) AppleWebKit/537.36 (KHTML, like Gecko) Chrome/141.0.0.0 Safari/537.36 Edg/141.0.0.0','2025-11-14 06:51:15'),(237,6,'t00241','add_timetable_slot','timetable_slots',NULL,NULL,'{\"view\":\"teacher\",\"year_label\":\"2568\",\"term_no\":2,\"class_name\":\"ม2\\/3\",\"day_of_week\":\"พฤหัสบดี\",\"period_start\":7,\"period_end\":7,\"span\":1,\"subject\":\"ไทย(วรรณคดี) - ไทย(วรรณคดี)\",\"teachers\":[\"ทิพวรรณ จิ๋วแก้ว\"],\"room_name\":\"-\",\"source\":\"manual\",\"slot_ids\":[2955],\"forced\":\"no\"}','192.168.8.4','Mozilla/5.0 (Windows NT 10.0; Win64; x64) AppleWebKit/537.36 (KHTML, like Gecko) Chrome/141.0.0.0 Safari/537.36 Edg/141.0.0.0','2025-11-14 06:51:20'),(238,6,'t00241','add_timetable_slot','timetable_slots',NULL,NULL,'{\"view\":\"teacher\",\"year_label\":\"2568\",\"term_no\":2,\"class_name\":\"ม2\\/5\",\"day_of_week\":\"พฤหัสบดี\",\"period_start\":8,\"period_end\":8,\"span\":1,\"subject\":\"ไทย(วรรณคดี) - ไทย(วรรณคดี)\",\"teachers\":[\"ทิพวรรณ จิ๋วแก้ว\"],\"room_name\":\"-\",\"source\":\"manual\",\"slot_ids\":[2956],\"forced\":\"no\"}','192.168.8.4','Mozilla/5.0 (Windows NT 10.0; Win64; x64) AppleWebKit/537.36 (KHTML, like Gecko) Chrome/141.0.0.0 Safari/537.36 Edg/141.0.0.0','2025-11-14 06:51:24'),(239,6,'t00241','add_timetable_slot','timetable_slots',NULL,NULL,'{\"view\":\"teacher\",\"year_label\":\"2568\",\"term_no\":2,\"class_name\":\"ม2\\/2\",\"day_of_week\":\"ศุกร์\",\"period_start\":2,\"period_end\":2,\"span\":1,\"subject\":\"ไทย(หลักภาษา) - ไทย(หลักภาษา)\",\"teachers\":[\"ทิพวรรณ จิ๋วแก้ว\"],\"room_name\":\"-\",\"source\":\"manual\",\"slot_ids\":[2957],\"forced\":\"no\"}','192.168.8.4','Mozilla/5.0 (Windows NT 10.0; Win64; x64) AppleWebKit/537.36 (KHTML, like Gecko) Chrome/141.0.0.0 Safari/537.36 Edg/141.0.0.0','2025-11-14 06:51:30'),(240,6,'t00241','add_timetable_slot','timetable_slots',NULL,NULL,'{\"view\":\"teacher\",\"year_label\":\"2568\",\"term_no\":2,\"class_name\":\"ม2\\/5\",\"day_of_week\":\"ศุกร์\",\"period_start\":3,\"period_end\":3,\"span\":1,\"subject\":\"ไทย(หลักภาษา) - ไทย(หลักภาษา)\",\"teachers\":[\"ทิพวรรณ จิ๋วแก้ว\"],\"room_name\":\"-\",\"source\":\"manual\",\"slot_ids\":[2958],\"forced\":\"no\"}','192.168.8.4','Mozilla/5.0 (Windows NT 10.0; Win64; x64) AppleWebKit/537.36 (KHTML, like Gecko) Chrome/141.0.0.0 Safari/537.36 Edg/141.0.0.0','2025-11-14 06:51:37'),(241,6,'t00241','add_timetable_slot','timetable_slots',NULL,NULL,'{\"view\":\"teacher\",\"year_label\":\"2568\",\"term_no\":2,\"class_name\":\"ม2\\/3\",\"day_of_week\":\"ศุกร์\",\"period_start\":7,\"period_end\":7,\"span\":1,\"subject\":\"แนะแนว - แนะแนว\",\"teachers\":[\"ทิพวรรณ จิ๋วแก้ว\"],\"room_name\":\"-\",\"source\":\"manual\",\"slot_ids\":[2959],\"forced\":\"no\"}','192.168.8.4','Mozilla/5.0 (Windows NT 10.0; Win64; x64) AppleWebKit/537.36 (KHTML, like Gecko) Chrome/141.0.0.0 Safari/537.36 Edg/141.0.0.0','2025-11-14 06:51:43'),(242,6,'t00241','create_loads','teaching_loads',NULL,NULL,'{\"year_label\":\"2568\",\"term_no\":2,\"teacher_name\":\"สิทธา ประมวลทอง\",\"subject\":\"พละ\\/สุข - พละ\\/สุข\",\"classes\":[\"ม4\\/1\",\"ม4\\/2\",\"ม4\\/3\",\"ม4\\/4\",\"ม5\\/1\",\"ม5\\/2\",\"ม5\\/3\",\"ม5\\/4\",\"ม6\\/1\",\"ม6\\/2\",\"ม6\\/3\",\"ม6\\/4\"],\"room_name\":\"-\",\"periods_per_week\":1,\"consecutive_slots\":1,\"inserted\":12,\"updated\":0,\"created_ids\":[367,368,369,370,371,372,373,374,375,376,377,378]}','192.168.8.4','Mozilla/5.0 (Windows NT 10.0; Win64; x64) AppleWebKit/537.36 (KHTML, like Gecko) Chrome/141.0.0.0 Safari/537.36 Edg/141.0.0.0','2025-11-14 06:54:59'),(243,6,'t00241','add_timetable_slot','timetable_slots',NULL,NULL,'{\"view\":\"teacher\",\"year_label\":\"2568\",\"term_no\":2,\"class_name\":\"ม6\\/3\",\"day_of_week\":\"อังคาร\",\"period_start\":1,\"period_end\":1,\"span\":1,\"subject\":\"พละ\\/สุข - พละ\\/สุข\",\"teachers\":[\"สิทธา ประมวลทอง\"],\"room_name\":\"-\",\"source\":\"manual\",\"slot_ids\":[2960],\"forced\":\"no\"}','192.168.8.4','Mozilla/5.0 (Windows NT 10.0; Win64; x64) AppleWebKit/537.36 (KHTML, like Gecko) Chrome/141.0.0.0 Safari/537.36 Edg/141.0.0.0','2025-11-14 06:55:56'),(244,6,'t00241','add_timetable_slot','timetable_slots',NULL,NULL,'{\"view\":\"teacher\",\"year_label\":\"2568\",\"term_no\":2,\"class_name\":\"ม6\\/4\",\"day_of_week\":\"อังคาร\",\"period_start\":7,\"period_end\":7,\"span\":1,\"subject\":\"พละ\\/สุข - พละ\\/สุข\",\"teachers\":[\"สิทธา ประมวลทอง\"],\"room_name\":\"-\",\"source\":\"manual\",\"slot_ids\":[2961],\"forced\":\"no\"}','192.168.8.4','Mozilla/5.0 (Windows NT 10.0; Win64; x64) AppleWebKit/537.36 (KHTML, like Gecko) Chrome/141.0.0.0 Safari/537.36 Edg/141.0.0.0','2025-11-14 06:56:00'),(245,6,'t00241','add_timetable_slot','timetable_slots',NULL,NULL,'{\"view\":\"teacher\",\"year_label\":\"2568\",\"term_no\":2,\"class_name\":\"ม6\\/1\",\"day_of_week\":\"อังคาร\",\"period_start\":8,\"period_end\":8,\"span\":1,\"subject\":\"พละ\\/สุข - พละ\\/สุข\",\"teachers\":[\"สิทธา ประมวลทอง\"],\"room_name\":\"-\",\"source\":\"manual\",\"slot_ids\":[2962],\"forced\":\"no\"}','192.168.8.4','Mozilla/5.0 (Windows NT 10.0; Win64; x64) AppleWebKit/537.36 (KHTML, like Gecko) Chrome/141.0.0.0 Safari/537.36 Edg/141.0.0.0','2025-11-14 06:56:04'),(246,6,'t00241','add_timetable_slot','timetable_slots',NULL,NULL,'{\"view\":\"teacher\",\"year_label\":\"2568\",\"term_no\":2,\"class_name\":\"ม6\\/2\",\"day_of_week\":\"อังคาร\",\"period_start\":9,\"period_end\":9,\"span\":1,\"subject\":\"พละ\\/สุข - พละ\\/สุข\",\"teachers\":[\"สิทธา ประมวลทอง\"],\"room_name\":\"-\",\"source\":\"manual\",\"slot_ids\":[2963],\"forced\":\"no\"}','192.168.8.4','Mozilla/5.0 (Windows NT 10.0; Win64; x64) AppleWebKit/537.36 (KHTML, like Gecko) Chrome/141.0.0.0 Safari/537.36 Edg/141.0.0.0','2025-11-14 06:56:07'),(247,6,'t00241','add_timetable_slot','timetable_slots',NULL,NULL,'{\"view\":\"teacher\",\"year_label\":\"2568\",\"term_no\":2,\"class_name\":\"ม5\\/2\",\"day_of_week\":\"พุธ\",\"period_start\":1,\"period_end\":1,\"span\":1,\"subject\":\"พละ\\/สุข - พละ\\/สุข\",\"teachers\":[\"สิทธา ประมวลทอง\"],\"room_name\":\"-\",\"source\":\"manual\",\"slot_ids\":[2964],\"forced\":\"no\"}','192.168.8.4','Mozilla/5.0 (Windows NT 10.0; Win64; x64) AppleWebKit/537.36 (KHTML, like Gecko) Chrome/141.0.0.0 Safari/537.36 Edg/141.0.0.0','2025-11-14 06:56:11'),(248,6,'t00241','add_timetable_slot','timetable_slots',NULL,NULL,'{\"view\":\"teacher\",\"year_label\":\"2568\",\"term_no\":2,\"class_name\":\"ม5\\/4\",\"day_of_week\":\"พุธ\",\"period_start\":2,\"period_end\":2,\"span\":1,\"subject\":\"พละ\\/สุข - พละ\\/สุข\",\"teachers\":[\"สิทธา ประมวลทอง\"],\"room_name\":\"-\",\"source\":\"manual\",\"slot_ids\":[2965],\"forced\":\"no\"}','192.168.8.4','Mozilla/5.0 (Windows NT 10.0; Win64; x64) AppleWebKit/537.36 (KHTML, like Gecko) Chrome/141.0.0.0 Safari/537.36 Edg/141.0.0.0','2025-11-14 06:56:14'),(249,6,'t00241','add_timetable_slot','timetable_slots',NULL,NULL,'{\"view\":\"teacher\",\"year_label\":\"2568\",\"term_no\":2,\"class_name\":\"ม5\\/3\",\"day_of_week\":\"พุธ\",\"period_start\":5,\"period_end\":5,\"span\":1,\"subject\":\"พละ\\/สุข - พละ\\/สุข\",\"teachers\":[\"สิทธา ประมวลทอง\"],\"room_name\":\"-\",\"source\":\"manual\",\"slot_ids\":[2966],\"forced\":\"no\"}','192.168.8.4','Mozilla/5.0 (Windows NT 10.0; Win64; x64) AppleWebKit/537.36 (KHTML, like Gecko) Chrome/141.0.0.0 Safari/537.36 Edg/141.0.0.0','2025-11-14 06:56:18'),(250,6,'t00241','add_timetable_slot','timetable_slots',NULL,NULL,'{\"view\":\"teacher\",\"year_label\":\"2568\",\"term_no\":2,\"class_name\":\"ม5\\/1\",\"day_of_week\":\"พุธ\",\"period_start\":9,\"period_end\":9,\"span\":1,\"subject\":\"พละ\\/สุข - พละ\\/สุข\",\"teachers\":[\"สิทธา ประมวลทอง\"],\"room_name\":\"-\",\"source\":\"manual\",\"slot_ids\":[2967],\"forced\":\"no\"}','192.168.8.4','Mozilla/5.0 (Windows NT 10.0; Win64; x64) AppleWebKit/537.36 (KHTML, like Gecko) Chrome/141.0.0.0 Safari/537.36 Edg/141.0.0.0','2025-11-14 06:56:26'),(251,6,'t00241','add_timetable_slot','timetable_slots',NULL,NULL,'{\"view\":\"teacher\",\"year_label\":\"2568\",\"term_no\":2,\"class_name\":\"ม4\\/2\",\"day_of_week\":\"พฤหัสบดี\",\"period_start\":1,\"period_end\":1,\"span\":1,\"subject\":\"พละ\\/สุข - พละ\\/สุข\",\"teachers\":[\"สิทธา ประมวลทอง\"],\"room_name\":\"-\",\"source\":\"manual\",\"slot_ids\":[2968],\"forced\":\"no\"}','192.168.8.4','Mozilla/5.0 (Windows NT 10.0; Win64; x64) AppleWebKit/537.36 (KHTML, like Gecko) Chrome/141.0.0.0 Safari/537.36 Edg/141.0.0.0','2025-11-14 06:56:32'),(252,6,'t00241','add_timetable_slot','timetable_slots',NULL,NULL,'{\"view\":\"teacher\",\"year_label\":\"2568\",\"term_no\":2,\"class_name\":\"ม4\\/3\",\"day_of_week\":\"พฤหัสบดี\",\"period_start\":2,\"period_end\":2,\"span\":1,\"subject\":\"พละ\\/สุข - พละ\\/สุข\",\"teachers\":[\"สิทธา ประมวลทอง\"],\"room_name\":\"-\",\"source\":\"manual\",\"slot_ids\":[2969],\"forced\":\"no\"}','192.168.8.4','Mozilla/5.0 (Windows NT 10.0; Win64; x64) AppleWebKit/537.36 (KHTML, like Gecko) Chrome/141.0.0.0 Safari/537.36 Edg/141.0.0.0','2025-11-14 06:56:36'),(253,6,'t00241','add_timetable_slot','timetable_slots',NULL,NULL,'{\"view\":\"teacher\",\"year_label\":\"2568\",\"term_no\":2,\"class_name\":\"ม4\\/1\",\"day_of_week\":\"พฤหัสบดี\",\"period_start\":3,\"period_end\":3,\"span\":1,\"subject\":\"พละ\\/สุข - พละ\\/สุข\",\"teachers\":[\"สิทธา ประมวลทอง\"],\"room_name\":\"-\",\"source\":\"manual\",\"slot_ids\":[2970],\"forced\":\"no\"}','192.168.8.4','Mozilla/5.0 (Windows NT 10.0; Win64; x64) AppleWebKit/537.36 (KHTML, like Gecko) Chrome/141.0.0.0 Safari/537.36 Edg/141.0.0.0','2025-11-14 06:56:39'),(254,6,'t00241','add_timetable_slot','timetable_slots',NULL,NULL,'{\"view\":\"teacher\",\"year_label\":\"2568\",\"term_no\":2,\"class_name\":\"ม4\\/4\",\"day_of_week\":\"พฤหัสบดี\",\"period_start\":7,\"period_end\":7,\"span\":1,\"subject\":\"พละ\\/สุข - พละ\\/สุข\",\"teachers\":[\"สิทธา ประมวลทอง\"],\"room_name\":\"-\",\"source\":\"manual\",\"slot_ids\":[2971],\"forced\":\"no\"}','192.168.8.4','Mozilla/5.0 (Windows NT 10.0; Win64; x64) AppleWebKit/537.36 (KHTML, like Gecko) Chrome/141.0.0.0 Safari/537.36 Edg/141.0.0.0','2025-11-14 06:56:43'),(255,6,'t00241','create_loads','teaching_loads',NULL,NULL,'{\"year_label\":\"2568\",\"term_no\":2,\"teacher_name\":\"สถาพร ดีประเสริฐ\",\"subject\":\"พละศึกษา - พละศึกษา\",\"classes\":[\"ม1\\/1\",\"ม1\\/2\",\"ม1\\/3\",\"ม1\\/4\",\"ม1\\/5\",\"ม2\\/1\",\"ม2\\/2\",\"ม2\\/3\",\"ม2\\/4\",\"ม2\\/5\"],\"room_name\":\"-\",\"periods_per_week\":1,\"consecutive_slots\":1,\"inserted\":10,\"updated\":0,\"created_ids\":[379,380,381,382,383,384,385,386,387,388]}','192.168.8.4','Mozilla/5.0 (Windows NT 10.0; Win64; x64) AppleWebKit/537.36 (KHTML, like Gecko) Chrome/141.0.0.0 Safari/537.36 Edg/141.0.0.0','2025-11-14 06:58:10'),(256,6,'t00241','create_loads','teaching_loads',NULL,NULL,'{\"year_label\":\"2568\",\"term_no\":2,\"teacher_name\":\"สถาพร ดีประเสริฐ\",\"subject\":\"พละ\\/สุข - พละ\\/สุข\",\"classes\":[\"ม4\\/1\",\"ม4\\/2\",\"ม4\\/3\",\"ม4\\/4\",\"ม5\\/1\",\"ม5\\/2\",\"ม5\\/3\",\"ม5\\/4\"],\"room_name\":\"-\",\"periods_per_week\":1,\"consecutive_slots\":1,\"inserted\":8,\"updated\":0,\"created_ids\":[389,390,391,392,393,394,395,396]}','192.168.8.4','Mozilla/5.0 (Windows NT 10.0; Win64; x64) AppleWebKit/537.36 (KHTML, like Gecko) Chrome/141.0.0.0 Safari/537.36 Edg/141.0.0.0','2025-11-14 06:58:35'),(257,6,'t00241','create_loads','teaching_loads',NULL,NULL,'{\"year_label\":\"2568\",\"term_no\":2,\"teacher_name\":\"สถาพร ดีประเสริฐ\",\"subject\":\"แนะแนว - แนะแนว\",\"classes\":[\"ม2\\/1\"],\"room_name\":\"-\",\"periods_per_week\":1,\"consecutive_slots\":1,\"inserted\":1,\"updated\":0,\"created_ids\":[397]}','192.168.8.4','Mozilla/5.0 (Windows NT 10.0; Win64; x64) AppleWebKit/537.36 (KHTML, like Gecko) Chrome/141.0.0.0 Safari/537.36 Edg/141.0.0.0','2025-11-14 06:58:51'),(258,6,'t00241','add_timetable_slot','timetable_slots',NULL,NULL,'{\"view\":\"teacher\",\"year_label\":\"2568\",\"term_no\":2,\"class_name\":\"ม2\\/1\",\"day_of_week\":\"อังคาร\",\"period_start\":3,\"period_end\":3,\"span\":1,\"subject\":\"แนะแนว - แนะแนว\",\"teachers\":[\"สถาพร ดีประเสริฐ\"],\"room_name\":\"-\",\"source\":\"manual\",\"slot_ids\":[2972],\"forced\":\"no\"}','192.168.8.4','Mozilla/5.0 (Windows NT 10.0; Win64; x64) AppleWebKit/537.36 (KHTML, like Gecko) Chrome/141.0.0.0 Safari/537.36 Edg/141.0.0.0','2025-11-14 06:59:01'),(259,6,'t00241','add_timetable_slot','timetable_slots',NULL,NULL,'{\"view\":\"teacher\",\"year_label\":\"2568\",\"term_no\":2,\"class_name\":\"ม1\\/3\",\"day_of_week\":\"อังคาร\",\"period_start\":8,\"period_end\":8,\"span\":1,\"subject\":\"พละศึกษา - พละศึกษา\",\"teachers\":[\"สถาพร ดีประเสริฐ\"],\"room_name\":\"-\",\"source\":\"manual\",\"slot_ids\":[2973],\"forced\":\"no\"}','192.168.8.4','Mozilla/5.0 (Windows NT 10.0; Win64; x64) AppleWebKit/537.36 (KHTML, like Gecko) Chrome/141.0.0.0 Safari/537.36 Edg/141.0.0.0','2025-11-14 06:59:10'),(260,6,'t00241','add_timetable_slot','timetable_slots',NULL,NULL,'{\"view\":\"teacher\",\"year_label\":\"2568\",\"term_no\":2,\"class_name\":\"ม2\\/4\",\"day_of_week\":\"อังคาร\",\"period_start\":9,\"period_end\":9,\"span\":1,\"subject\":\"พละศึกษา - พละศึกษา\",\"teachers\":[\"สถาพร ดีประเสริฐ\"],\"room_name\":\"-\",\"source\":\"manual\",\"slot_ids\":[2974],\"forced\":\"no\"}','192.168.8.4','Mozilla/5.0 (Windows NT 10.0; Win64; x64) AppleWebKit/537.36 (KHTML, like Gecko) Chrome/141.0.0.0 Safari/537.36 Edg/141.0.0.0','2025-11-14 06:59:16'),(261,6,'t00241','add_timetable_slot','timetable_slots',NULL,NULL,'{\"view\":\"teacher\",\"year_label\":\"2568\",\"term_no\":2,\"class_name\":\"ม1\\/5\",\"day_of_week\":\"พุธ\",\"period_start\":1,\"period_end\":1,\"span\":1,\"subject\":\"พละศึกษา - พละศึกษา\",\"teachers\":[\"สถาพร ดีประเสริฐ\"],\"room_name\":\"-\",\"source\":\"manual\",\"slot_ids\":[2975],\"forced\":\"no\"}','192.168.8.4','Mozilla/5.0 (Windows NT 10.0; Win64; x64) AppleWebKit/537.36 (KHTML, like Gecko) Chrome/141.0.0.0 Safari/537.36 Edg/141.0.0.0','2025-11-14 06:59:21'),(262,6,'t00241','add_timetable_slot','timetable_slots',NULL,NULL,'{\"view\":\"teacher\",\"year_label\":\"2568\",\"term_no\":2,\"class_name\":\"ม1\\/4\",\"day_of_week\":\"พุธ\",\"period_start\":2,\"period_end\":2,\"span\":1,\"subject\":\"พละศึกษา - พละศึกษา\",\"teachers\":[\"สถาพร ดีประเสริฐ\"],\"room_name\":\"-\",\"source\":\"manual\",\"slot_ids\":[2976],\"forced\":\"no\"}','192.168.8.4','Mozilla/5.0 (Windows NT 10.0; Win64; x64) AppleWebKit/537.36 (KHTML, like Gecko) Chrome/141.0.0.0 Safari/537.36 Edg/141.0.0.0','2025-11-14 06:59:25'),(263,6,'t00241','add_timetable_slot','timetable_slots',NULL,NULL,'{\"view\":\"teacher\",\"year_label\":\"2568\",\"term_no\":2,\"class_name\":\"ม5\\/1\",\"day_of_week\":\"พุธ\",\"period_start\":3,\"period_end\":3,\"span\":1,\"subject\":\"พละ\\/สุข - พละ\\/สุข\",\"teachers\":[\"สถาพร ดีประเสริฐ\"],\"room_name\":\"-\",\"source\":\"manual\",\"slot_ids\":[2977],\"forced\":\"yes\"}','192.168.8.4','Mozilla/5.0 (Windows NT 10.0; Win64; x64) AppleWebKit/537.36 (KHTML, like Gecko) Chrome/141.0.0.0 Safari/537.36 Edg/141.0.0.0','2025-11-14 06:59:50'),(264,6,'t00241','delete','timetable_slots',2977,'{\"view\":\"teacher\",\"year_label\":\"2568\",\"term_no\":2,\"class_name\":\"ม5\\/1\",\"day_of_week\":\"พุธ\",\"period_no\":3,\"subject\":\"พละ\\/สุข - พละ\\/สุข\",\"teachers\":\"สถาพร ดีประเสริฐ\",\"room_name\":\"-\",\"source\":\"manual\"}',NULL,'192.168.8.4','Mozilla/5.0 (Windows NT 10.0; Win64; x64) AppleWebKit/537.36 (KHTML, like Gecko) Chrome/141.0.0.0 Safari/537.36 Edg/141.0.0.0','2025-11-14 07:00:16'),(265,6,'t00241','create_loads','teaching_loads',NULL,NULL,'{\"year_label\":\"2568\",\"term_no\":2,\"teacher_name\":\"กฤติมา จันหอม\",\"subject\":\"Math - Math\",\"classes\":[\"ป1\\/1\"],\"room_name\":\"-\",\"periods_per_week\":1,\"consecutive_slots\":1,\"inserted\":1,\"updated\":0,\"created_ids\":[398]}','192.168.8.4','Mozilla/5.0 (Windows NT 10.0; Win64; x64) AppleWebKit/537.36 (KHTML, like Gecko) Chrome/141.0.0.0 Safari/537.36 Edg/141.0.0.0','2025-11-14 07:05:57'),(266,6,'t00241','delete','teaching_loads',398,'{\"year_label\":\"2568\",\"term_no\":2,\"teacher_name\":\"กฤติมา จันหอม\",\"subject\":\"Math - Math\",\"class_name\":\"ป1\\/1\",\"room_name\":\"-\",\"periods_per_week\":1,\"consecutive_slots\":1}',NULL,'192.168.8.4','Mozilla/5.0 (Windows NT 10.0; Win64; x64) AppleWebKit/537.36 (KHTML, like Gecko) Chrome/141.0.0.0 Safari/537.36 Edg/141.0.0.0','2025-11-14 07:06:04'),(267,6,'t00241','update','teaching_loads',396,'{\"teacher_id\":57,\"subject_id\":34,\"class_id\":49,\"room_id\":null,\"periods_per_week\":1,\"consecutive_slots\":1}','{\"teacher_id\":57,\"teacher_name\":\"สถาพร ดีประเสริฐ\",\"subject_id\":32,\"subject_name\":\"พละศึกษา - พละศึกษา\",\"class_id\":49,\"class_name\":\"ม5\\/4\",\"room_id\":null,\"room_name\":\"-\",\"periods_per_week\":1,\"consecutive_slots\":1}','192.168.8.4','Mozilla/5.0 (Windows NT 10.0; Win64; x64) AppleWebKit/537.36 (KHTML, like Gecko) Chrome/141.0.0.0 Safari/537.36 Edg/141.0.0.0','2025-11-14 07:21:32'),(268,6,'t00241','add_timetable_slot','timetable_slots',NULL,NULL,'{\"view\":\"teacher\",\"year_label\":\"2568\",\"term_no\":2,\"class_name\":\"ม5\\/1\",\"day_of_week\":\"พุธ\",\"period_start\":3,\"period_end\":3,\"span\":1,\"subject\":\"พละศึกษา - พละศึกษา\",\"teachers\":[\"สถาพร ดีประเสริฐ\"],\"room_name\":\"-\",\"source\":\"manual\",\"slot_ids\":[2978],\"forced\":\"no\"}','192.168.8.4','Mozilla/5.0 (Windows NT 10.0; Win64; x64) AppleWebKit/537.36 (KHTML, like Gecko) Chrome/141.0.0.0 Safari/537.36 Edg/141.0.0.0','2025-11-14 07:21:48'),(269,6,'t00241','add_timetable_slot','timetable_slots',NULL,NULL,'{\"view\":\"teacher\",\"year_label\":\"2568\",\"term_no\":2,\"class_name\":\"ม5\\/3\",\"day_of_week\":\"พุธ\",\"period_start\":7,\"period_end\":7,\"span\":1,\"subject\":\"พละศึกษา - พละศึกษา\",\"teachers\":[\"สถาพร ดีประเสริฐ\"],\"room_name\":\"-\",\"source\":\"manual\",\"slot_ids\":[2979],\"forced\":\"no\"}','192.168.8.4','Mozilla/5.0 (Windows NT 10.0; Win64; x64) AppleWebKit/537.36 (KHTML, like Gecko) Chrome/141.0.0.0 Safari/537.36 Edg/141.0.0.0','2025-11-14 07:21:53'),(270,6,'t00241','add_timetable_slot','timetable_slots',NULL,NULL,'{\"view\":\"teacher\",\"year_label\":\"2568\",\"term_no\":2,\"class_name\":\"ม5\\/4\",\"day_of_week\":\"พุธ\",\"period_start\":8,\"period_end\":8,\"span\":1,\"subject\":\"พละศึกษา - พละศึกษา\",\"teachers\":[\"สถาพร ดีประเสริฐ\"],\"room_name\":\"-\",\"source\":\"manual\",\"slot_ids\":[2980],\"forced\":\"no\"}','192.168.8.4','Mozilla/5.0 (Windows NT 10.0; Win64; x64) AppleWebKit/537.36 (KHTML, like Gecko) Chrome/141.0.0.0 Safari/537.36 Edg/141.0.0.0','2025-11-14 07:21:57'),(271,6,'t00241','add_timetable_slot','timetable_slots',NULL,NULL,'{\"view\":\"teacher\",\"year_label\":\"2568\",\"term_no\":2,\"class_name\":\"ม5\\/2\",\"day_of_week\":\"พุธ\",\"period_start\":9,\"period_end\":9,\"span\":1,\"subject\":\"พละศึกษา - พละศึกษา\",\"teachers\":[\"สถาพร ดีประเสริฐ\"],\"room_name\":\"-\",\"source\":\"manual\",\"slot_ids\":[2981],\"forced\":\"no\"}','192.168.8.4','Mozilla/5.0 (Windows NT 10.0; Win64; x64) AppleWebKit/537.36 (KHTML, like Gecko) Chrome/141.0.0.0 Safari/537.36 Edg/141.0.0.0','2025-11-14 07:22:01'),(272,6,'t00241','add_timetable_slot','timetable_slots',NULL,NULL,'{\"view\":\"teacher\",\"year_label\":\"2568\",\"term_no\":2,\"class_name\":\"ม2\\/5\",\"day_of_week\":\"พฤหัสบดี\",\"period_start\":2,\"period_end\":2,\"span\":1,\"subject\":\"พละศึกษา - พละศึกษา\",\"teachers\":[\"สถาพร ดีประเสริฐ\"],\"room_name\":\"-\",\"source\":\"manual\",\"slot_ids\":[2982],\"forced\":\"no\"}','192.168.8.4','Mozilla/5.0 (Windows NT 10.0; Win64; x64) AppleWebKit/537.36 (KHTML, like Gecko) Chrome/141.0.0.0 Safari/537.36 Edg/141.0.0.0','2025-11-14 07:23:34'),(273,6,'t00241','add_timetable_slot','timetable_slots',NULL,NULL,'{\"view\":\"teacher\",\"year_label\":\"2568\",\"term_no\":2,\"class_name\":\"ม2\\/2\",\"day_of_week\":\"พฤหัสบดี\",\"period_start\":3,\"period_end\":3,\"span\":1,\"subject\":\"พละศึกษา - พละศึกษา\",\"teachers\":[\"สถาพร ดีประเสริฐ\"],\"room_name\":\"-\",\"source\":\"manual\",\"slot_ids\":[2983],\"forced\":\"no\"}','192.168.8.4','Mozilla/5.0 (Windows NT 10.0; Win64; x64) AppleWebKit/537.36 (KHTML, like Gecko) Chrome/141.0.0.0 Safari/537.36 Edg/141.0.0.0','2025-11-14 07:23:39'),(274,6,'t00241','add_timetable_slot','timetable_slots',NULL,NULL,'{\"view\":\"teacher\",\"year_label\":\"2568\",\"term_no\":2,\"class_name\":\"ม4\\/2\",\"day_of_week\":\"พฤหัสบดี\",\"period_start\":6,\"period_end\":6,\"span\":1,\"subject\":\"พละศึกษา - พละศึกษา\",\"teachers\":[\"สถาพร ดีประเสริฐ\"],\"room_name\":\"-\",\"source\":\"manual\",\"slot_ids\":[2984],\"forced\":\"no\"}','192.168.8.4','Mozilla/5.0 (Windows NT 10.0; Win64; x64) AppleWebKit/537.36 (KHTML, like Gecko) Chrome/141.0.0.0 Safari/537.36 Edg/141.0.0.0','2025-11-14 07:25:03'),(275,6,'t00241','add_timetable_slot','timetable_slots',NULL,NULL,'{\"view\":\"teacher\",\"year_label\":\"2568\",\"term_no\":2,\"class_name\":\"ม4\\/1\",\"day_of_week\":\"พฤหัสบดี\",\"period_start\":7,\"period_end\":7,\"span\":1,\"subject\":\"พละศึกษา - พละศึกษา\",\"teachers\":[\"สถาพร ดีประเสริฐ\"],\"room_name\":\"-\",\"source\":\"manual\",\"slot_ids\":[2985],\"forced\":\"no\"}','192.168.8.4','Mozilla/5.0 (Windows NT 10.0; Win64; x64) AppleWebKit/537.36 (KHTML, like Gecko) Chrome/141.0.0.0 Safari/537.36 Edg/141.0.0.0','2025-11-14 07:25:08'),(276,6,'t00241','add_timetable_slot','timetable_slots',NULL,NULL,'{\"view\":\"teacher\",\"year_label\":\"2568\",\"term_no\":2,\"class_name\":\"ม4\\/4\",\"day_of_week\":\"พฤหัสบดี\",\"period_start\":8,\"period_end\":8,\"span\":1,\"subject\":\"พละศึกษา - พละศึกษา\",\"teachers\":[\"สถาพร ดีประเสริฐ\"],\"room_name\":\"-\",\"source\":\"manual\",\"slot_ids\":[2986],\"forced\":\"no\"}','192.168.8.4','Mozilla/5.0 (Windows NT 10.0; Win64; x64) AppleWebKit/537.36 (KHTML, like Gecko) Chrome/141.0.0.0 Safari/537.36 Edg/141.0.0.0','2025-11-14 07:25:12'),(277,6,'t00241','add_timetable_slot','timetable_slots',NULL,NULL,'{\"view\":\"teacher\",\"year_label\":\"2568\",\"term_no\":2,\"class_name\":\"ม4\\/3\",\"day_of_week\":\"พฤหัสบดี\",\"period_start\":9,\"period_end\":9,\"span\":1,\"subject\":\"พละศึกษา - พละศึกษา\",\"teachers\":[\"สถาพร ดีประเสริฐ\"],\"room_name\":\"-\",\"source\":\"manual\",\"slot_ids\":[2987],\"forced\":\"no\"}','192.168.8.4','Mozilla/5.0 (Windows NT 10.0; Win64; x64) AppleWebKit/537.36 (KHTML, like Gecko) Chrome/141.0.0.0 Safari/537.36 Edg/141.0.0.0','2025-11-14 07:25:15'),(278,6,'t00241','add_timetable_slot','timetable_slots',NULL,NULL,'{\"view\":\"teacher\",\"year_label\":\"2568\",\"term_no\":2,\"class_name\":\"ม1\\/2\",\"day_of_week\":\"ศุกร์\",\"period_start\":1,\"period_end\":1,\"span\":1,\"subject\":\"พละศึกษา - พละศึกษา\",\"teachers\":[\"สถาพร ดีประเสริฐ\"],\"room_name\":\"-\",\"source\":\"manual\",\"slot_ids\":[2988],\"forced\":\"no\"}','192.168.8.4','Mozilla/5.0 (Windows NT 10.0; Win64; x64) AppleWebKit/537.36 (KHTML, like Gecko) Chrome/141.0.0.0 Safari/537.36 Edg/141.0.0.0','2025-11-14 07:25:50'),(279,6,'t00241','add_timetable_slot','timetable_slots',NULL,NULL,'{\"view\":\"teacher\",\"year_label\":\"2568\",\"term_no\":2,\"class_name\":\"ม1\\/1\",\"day_of_week\":\"ศุกร์\",\"period_start\":3,\"period_end\":3,\"span\":1,\"subject\":\"พละศึกษา - พละศึกษา\",\"teachers\":[\"สถาพร ดีประเสริฐ\"],\"room_name\":\"-\",\"source\":\"manual\",\"slot_ids\":[2989],\"forced\":\"no\"}','192.168.8.4','Mozilla/5.0 (Windows NT 10.0; Win64; x64) AppleWebKit/537.36 (KHTML, like Gecko) Chrome/141.0.0.0 Safari/537.36 Edg/141.0.0.0','2025-11-14 07:25:53'),(280,6,'t00241','add_timetable_slot','timetable_slots',NULL,NULL,'{\"view\":\"teacher\",\"year_label\":\"2568\",\"term_no\":2,\"class_name\":\"ม2\\/1\",\"day_of_week\":\"ศุกร์\",\"period_start\":7,\"period_end\":7,\"span\":1,\"subject\":\"พละศึกษา - พละศึกษา\",\"teachers\":[\"สถาพร ดีประเสริฐ\"],\"room_name\":\"-\",\"source\":\"manual\",\"slot_ids\":[2990],\"forced\":\"no\"}','192.168.8.4','Mozilla/5.0 (Windows NT 10.0; Win64; x64) AppleWebKit/537.36 (KHTML, like Gecko) Chrome/141.0.0.0 Safari/537.36 Edg/141.0.0.0','2025-11-14 07:25:57'),(281,6,'t00241','add_timetable_slot','timetable_slots',NULL,NULL,'{\"view\":\"teacher\",\"year_label\":\"2568\",\"term_no\":2,\"class_name\":\"ม2\\/3\",\"day_of_week\":\"ศุกร์\",\"period_start\":8,\"period_end\":8,\"span\":1,\"subject\":\"พละศึกษา - พละศึกษา\",\"teachers\":[\"สถาพร ดีประเสริฐ\"],\"room_name\":\"-\",\"source\":\"manual\",\"slot_ids\":[2991],\"forced\":\"no\"}','192.168.8.4','Mozilla/5.0 (Windows NT 10.0; Win64; x64) AppleWebKit/537.36 (KHTML, like Gecko) Chrome/141.0.0.0 Safari/537.36 Edg/141.0.0.0','2025-11-14 07:26:00'),(282,6,'t00241','create_loads','teaching_loads',NULL,NULL,'{\"year_label\":\"2568\",\"term_no\":2,\"teacher_name\":\"มนต์ชัย มั่นวศิน\",\"subject\":\"พละศึกษา - พละศึกษา\",\"classes\":[\"ม3\\/1\",\"ม3\\/2\",\"ม3\\/3\",\"ม3\\/4\",\"ม3\\/5\",\"ม6\\/1\",\"ม6\\/2\",\"ม6\\/3\",\"ม6\\/4\"],\"room_name\":\"-\",\"periods_per_week\":1,\"consecutive_slots\":1,\"inserted\":9,\"updated\":0,\"created_ids\":[399,400,401,402,403,404,405,406,407]}','192.168.8.4','Mozilla/5.0 (Windows NT 10.0; Win64; x64) AppleWebKit/537.36 (KHTML, like Gecko) Chrome/141.0.0.0 Safari/537.36 Edg/141.0.0.0','2025-11-14 07:27:11'),(283,6,'t00241','add_timetable_slot','timetable_slots',NULL,NULL,'{\"view\":\"teacher\",\"year_label\":\"2568\",\"term_no\":2,\"class_name\":\"ม6\\/2\",\"day_of_week\":\"พฤหัสบดี\",\"period_start\":2,\"period_end\":2,\"span\":1,\"subject\":\"พละศึกษา - พละศึกษา\",\"teachers\":[\"มนต์ชัย มั่นวศิน\"],\"room_name\":\"-\",\"source\":\"manual\",\"slot_ids\":[2992],\"forced\":\"no\"}','192.168.8.4','Mozilla/5.0 (Windows NT 10.0; Win64; x64) AppleWebKit/537.36 (KHTML, like Gecko) Chrome/141.0.0.0 Safari/537.36 Edg/141.0.0.0','2025-11-14 07:27:26'),(284,6,'t00241','add_timetable_slot','timetable_slots',NULL,NULL,'{\"view\":\"teacher\",\"year_label\":\"2568\",\"term_no\":2,\"class_name\":\"ม6\\/3\",\"day_of_week\":\"พฤหัสบดี\",\"period_start\":3,\"period_end\":3,\"span\":1,\"subject\":\"พละศึกษา - พละศึกษา\",\"teachers\":[\"มนต์ชัย มั่นวศิน\"],\"room_name\":\"-\",\"source\":\"manual\",\"slot_ids\":[2993],\"forced\":\"no\"}','192.168.8.4','Mozilla/5.0 (Windows NT 10.0; Win64; x64) AppleWebKit/537.36 (KHTML, like Gecko) Chrome/141.0.0.0 Safari/537.36 Edg/141.0.0.0','2025-11-14 07:27:29'),(285,6,'t00241','add_timetable_slot','timetable_slots',NULL,NULL,'{\"view\":\"teacher\",\"year_label\":\"2568\",\"term_no\":2,\"class_name\":\"ม6\\/4\",\"day_of_week\":\"พฤหัสบดี\",\"period_start\":7,\"period_end\":7,\"span\":1,\"subject\":\"พละศึกษา - พละศึกษา\",\"teachers\":[\"มนต์ชัย มั่นวศิน\"],\"room_name\":\"-\",\"source\":\"manual\",\"slot_ids\":[2994],\"forced\":\"no\"}','192.168.8.4','Mozilla/5.0 (Windows NT 10.0; Win64; x64) AppleWebKit/537.36 (KHTML, like Gecko) Chrome/141.0.0.0 Safari/537.36 Edg/141.0.0.0','2025-11-14 07:27:33'),(286,6,'t00241','add_timetable_slot','timetable_slots',NULL,NULL,'{\"view\":\"teacher\",\"year_label\":\"2568\",\"term_no\":2,\"class_name\":\"ม6\\/1\",\"day_of_week\":\"พฤหัสบดี\",\"period_start\":9,\"period_end\":9,\"span\":1,\"subject\":\"พละศึกษา - พละศึกษา\",\"teachers\":[\"มนต์ชัย มั่นวศิน\"],\"room_name\":\"-\",\"source\":\"manual\",\"slot_ids\":[2995],\"forced\":\"no\"}','192.168.8.4','Mozilla/5.0 (Windows NT 10.0; Win64; x64) AppleWebKit/537.36 (KHTML, like Gecko) Chrome/141.0.0.0 Safari/537.36 Edg/141.0.0.0','2025-11-14 07:27:36'),(287,6,'t00241','add_timetable_slot','timetable_slots',NULL,NULL,'{\"view\":\"teacher\",\"year_label\":\"2568\",\"term_no\":2,\"class_name\":\"ม3\\/4\",\"day_of_week\":\"ศุกร์\",\"period_start\":1,\"period_end\":1,\"span\":1,\"subject\":\"พละศึกษา - พละศึกษา\",\"teachers\":[\"มนต์ชัย มั่นวศิน\"],\"room_name\":\"-\",\"source\":\"manual\",\"slot_ids\":[2996],\"forced\":\"no\"}','192.168.8.4','Mozilla/5.0 (Windows NT 10.0; Win64; x64) AppleWebKit/537.36 (KHTML, like Gecko) Chrome/141.0.0.0 Safari/537.36 Edg/141.0.0.0','2025-11-14 07:28:30'),(288,6,'t00241','add_timetable_slot','timetable_slots',NULL,NULL,'{\"view\":\"teacher\",\"year_label\":\"2568\",\"term_no\":2,\"class_name\":\"ม3\\/3\",\"day_of_week\":\"ศุกร์\",\"period_start\":2,\"period_end\":2,\"span\":1,\"subject\":\"พละศึกษา - พละศึกษา\",\"teachers\":[\"มนต์ชัย มั่นวศิน\"],\"room_name\":\"-\",\"source\":\"manual\",\"slot_ids\":[2997],\"forced\":\"no\"}','192.168.8.4','Mozilla/5.0 (Windows NT 10.0; Win64; x64) AppleWebKit/537.36 (KHTML, like Gecko) Chrome/141.0.0.0 Safari/537.36 Edg/141.0.0.0','2025-11-14 07:28:32'),(289,6,'t00241','add_timetable_slot','timetable_slots',NULL,NULL,'{\"view\":\"teacher\",\"year_label\":\"2568\",\"term_no\":2,\"class_name\":\"ม3\\/5\",\"day_of_week\":\"ศุกร์\",\"period_start\":3,\"period_end\":3,\"span\":1,\"subject\":\"พละศึกษา - พละศึกษา\",\"teachers\":[\"มนต์ชัย มั่นวศิน\"],\"room_name\":\"-\",\"source\":\"manual\",\"slot_ids\":[2998],\"forced\":\"no\"}','192.168.8.4','Mozilla/5.0 (Windows NT 10.0; Win64; x64) AppleWebKit/537.36 (KHTML, like Gecko) Chrome/141.0.0.0 Safari/537.36 Edg/141.0.0.0','2025-11-14 07:28:36'),(290,6,'t00241','add_timetable_slot','timetable_slots',NULL,NULL,'{\"view\":\"teacher\",\"year_label\":\"2568\",\"term_no\":2,\"class_name\":\"ม3\\/1\",\"day_of_week\":\"ศุกร์\",\"period_start\":7,\"period_end\":7,\"span\":1,\"subject\":\"พละศึกษา - พละศึกษา\",\"teachers\":[\"มนต์ชัย มั่นวศิน\"],\"room_name\":\"-\",\"source\":\"manual\",\"slot_ids\":[2999],\"forced\":\"no\"}','192.168.8.4','Mozilla/5.0 (Windows NT 10.0; Win64; x64) AppleWebKit/537.36 (KHTML, like Gecko) Chrome/141.0.0.0 Safari/537.36 Edg/141.0.0.0','2025-11-14 07:28:41'),(291,6,'t00241','add_timetable_slot','timetable_slots',NULL,NULL,'{\"view\":\"teacher\",\"year_label\":\"2568\",\"term_no\":2,\"class_name\":\"ม3\\/2\",\"day_of_week\":\"ศุกร์\",\"period_start\":8,\"period_end\":8,\"span\":1,\"subject\":\"พละศึกษา - พละศึกษา\",\"teachers\":[\"มนต์ชัย มั่นวศิน\"],\"room_name\":\"-\",\"source\":\"manual\",\"slot_ids\":[3000],\"forced\":\"no\"}','192.168.8.4','Mozilla/5.0 (Windows NT 10.0; Win64; x64) AppleWebKit/537.36 (KHTML, like Gecko) Chrome/141.0.0.0 Safari/537.36 Edg/141.0.0.0','2025-11-14 07:28:45'),(292,6,'t00241','create_loads','teaching_loads',NULL,NULL,'{\"year_label\":\"2568\",\"term_no\":2,\"teacher_name\":\"อ.มนตรี .\",\"subject\":\"เคมี - เคมี\",\"classes\":[\"ม5\\/1\",\"ม5\\/2\",\"ม5\\/3\",\"ม5\\/4\"],\"room_name\":\"-\",\"periods_per_week\":4,\"consecutive_slots\":2,\"inserted\":4,\"updated\":0,\"created_ids\":[408,409,410,411]}','192.168.8.4','Mozilla/5.0 (Windows NT 10.0; Win64; x64) AppleWebKit/537.36 (KHTML, like Gecko) Chrome/141.0.0.0 Safari/537.36 Edg/141.0.0.0','2025-11-14 07:33:44'),(293,6,'t00241','add_timetable_slot','timetable_slots',NULL,NULL,'{\"view\":\"teacher\",\"year_label\":\"2568\",\"term_no\":2,\"class_name\":\"ม5\\/2\",\"day_of_week\":\"อังคาร\",\"period_start\":1,\"period_end\":2,\"span\":2,\"subject\":\"เคมี - เคมี\",\"teachers\":[\"อ.มนตรี .\"],\"room_name\":\"-\",\"source\":\"manual\",\"slot_ids\":[3001,3002],\"forced\":\"no\"}','192.168.8.4','Mozilla/5.0 (Windows NT 10.0; Win64; x64) AppleWebKit/537.36 (KHTML, like Gecko) Chrome/141.0.0.0 Safari/537.36 Edg/141.0.0.0','2025-11-14 07:34:06'),(294,6,'t00241','add_timetable_slot','timetable_slots',NULL,NULL,'{\"view\":\"teacher\",\"year_label\":\"2568\",\"term_no\":2,\"class_name\":\"ม5\\/3\",\"day_of_week\":\"อังคาร\",\"period_start\":3,\"period_end\":4,\"span\":2,\"subject\":\"เคมี - เคมี\",\"teachers\":[\"อ.มนตรี .\"],\"room_name\":\"-\",\"source\":\"manual\",\"slot_ids\":[3003,3004],\"forced\":\"no\"}','192.168.8.4','Mozilla/5.0 (Windows NT 10.0; Win64; x64) AppleWebKit/537.36 (KHTML, like Gecko) Chrome/141.0.0.0 Safari/537.36 Edg/141.0.0.0','2025-11-14 07:34:09'),(295,6,'t00241','add_timetable_slot','timetable_slots',NULL,NULL,'{\"view\":\"teacher\",\"year_label\":\"2568\",\"term_no\":2,\"class_name\":\"ม5\\/4\",\"day_of_week\":\"อังคาร\",\"period_start\":5,\"period_end\":5,\"span\":1,\"subject\":\"เคมี - เคมี\",\"teachers\":[\"อ.มนตรี .\"],\"room_name\":\"-\",\"source\":\"manual\",\"slot_ids\":[3005],\"forced\":\"no\"}','192.168.8.4','Mozilla/5.0 (Windows NT 10.0; Win64; x64) AppleWebKit/537.36 (KHTML, like Gecko) Chrome/141.0.0.0 Safari/537.36 Edg/141.0.0.0','2025-11-14 07:34:13'),(296,6,'t00241','add_timetable_slot','timetable_slots',NULL,NULL,'{\"view\":\"teacher\",\"year_label\":\"2568\",\"term_no\":2,\"class_name\":\"ม5\\/4\",\"day_of_week\":\"อังคาร\",\"period_start\":7,\"period_end\":7,\"span\":1,\"subject\":\"เคมี - เคมี\",\"teachers\":[\"อ.มนตรี .\"],\"room_name\":\"-\",\"source\":\"manual\",\"slot_ids\":[3006],\"forced\":\"yes\"}','192.168.8.4','Mozilla/5.0 (Windows NT 10.0; Win64; x64) AppleWebKit/537.36 (KHTML, like Gecko) Chrome/141.0.0.0 Safari/537.36 Edg/141.0.0.0','2025-11-14 07:34:18'),(297,6,'t00241','add_timetable_slot','timetable_slots',NULL,NULL,'{\"view\":\"teacher\",\"year_label\":\"2568\",\"term_no\":2,\"class_name\":\"ม5\\/1\",\"day_of_week\":\"อังคาร\",\"period_start\":8,\"period_end\":9,\"span\":2,\"subject\":\"เคมี - เคมี\",\"teachers\":[\"อ.มนตรี .\"],\"room_name\":\"-\",\"source\":\"manual\",\"slot_ids\":[3007,3008],\"forced\":\"no\"}','192.168.8.4','Mozilla/5.0 (Windows NT 10.0; Win64; x64) AppleWebKit/537.36 (KHTML, like Gecko) Chrome/141.0.0.0 Safari/537.36 Edg/141.0.0.0','2025-11-14 07:34:22'),(298,6,'t00241','add_timetable_slot','timetable_slots',NULL,NULL,'{\"view\":\"teacher\",\"year_label\":\"2568\",\"term_no\":2,\"class_name\":\"ม5\\/3\",\"day_of_week\":\"ศุกร์\",\"period_start\":1,\"period_end\":2,\"span\":2,\"subject\":\"เคมี - เคมี\",\"teachers\":[\"อ.มนตรี .\"],\"room_name\":\"-\",\"source\":\"manual\",\"slot_ids\":[3009,3010],\"forced\":\"no\"}','192.168.8.4','Mozilla/5.0 (Windows NT 10.0; Win64; x64) AppleWebKit/537.36 (KHTML, like Gecko) Chrome/141.0.0.0 Safari/537.36 Edg/141.0.0.0','2025-11-14 07:34:29'),(299,6,'t00241','add_timetable_slot','timetable_slots',NULL,NULL,'{\"view\":\"teacher\",\"year_label\":\"2568\",\"term_no\":2,\"class_name\":\"ม5\\/4\",\"day_of_week\":\"ศุกร์\",\"period_start\":3,\"period_end\":4,\"span\":2,\"subject\":\"เคมี - เคมี\",\"teachers\":[\"อ.มนตรี .\"],\"room_name\":\"-\",\"source\":\"manual\",\"slot_ids\":[3011,3012],\"forced\":\"no\"}','192.168.8.4','Mozilla/5.0 (Windows NT 10.0; Win64; x64) AppleWebKit/537.36 (KHTML, like Gecko) Chrome/141.0.0.0 Safari/537.36 Edg/141.0.0.0','2025-11-14 07:34:32'),(300,6,'t00241','add_timetable_slot','timetable_slots',NULL,NULL,'{\"view\":\"teacher\",\"year_label\":\"2568\",\"term_no\":2,\"class_name\":\"ม5\\/1\",\"day_of_week\":\"ศุกร์\",\"period_start\":5,\"period_end\":5,\"span\":1,\"subject\":\"เคมี - เคมี\",\"teachers\":[\"อ.มนตรี .\"],\"room_name\":\"-\",\"source\":\"manual\",\"slot_ids\":[3013],\"forced\":\"no\"}','192.168.8.4','Mozilla/5.0 (Windows NT 10.0; Win64; x64) AppleWebKit/537.36 (KHTML, like Gecko) Chrome/141.0.0.0 Safari/537.36 Edg/141.0.0.0','2025-11-14 07:34:38'),(301,6,'t00241','add_timetable_slot','timetable_slots',NULL,NULL,'{\"view\":\"teacher\",\"year_label\":\"2568\",\"term_no\":2,\"class_name\":\"ม5\\/1\",\"day_of_week\":\"ศุกร์\",\"period_start\":7,\"period_end\":7,\"span\":1,\"subject\":\"เคมี - เคมี\",\"teachers\":[\"อ.มนตรี .\"],\"room_name\":\"-\",\"source\":\"manual\",\"slot_ids\":[3014],\"forced\":\"yes\"}','192.168.8.4','Mozilla/5.0 (Windows NT 10.0; Win64; x64) AppleWebKit/537.36 (KHTML, like Gecko) Chrome/141.0.0.0 Safari/537.36 Edg/141.0.0.0','2025-11-14 07:34:43'),(302,6,'t00241','add_timetable_slot','timetable_slots',NULL,NULL,'{\"view\":\"teacher\",\"year_label\":\"2568\",\"term_no\":2,\"class_name\":\"ม5\\/2\",\"day_of_week\":\"ศุกร์\",\"period_start\":8,\"period_end\":9,\"span\":2,\"subject\":\"เคมี - เคมี\",\"teachers\":[\"อ.มนตรี .\"],\"room_name\":\"-\",\"source\":\"manual\",\"slot_ids\":[3015,3016],\"forced\":\"no\"}','192.168.8.4','Mozilla/5.0 (Windows NT 10.0; Win64; x64) AppleWebKit/537.36 (KHTML, like Gecko) Chrome/141.0.0.0 Safari/537.36 Edg/141.0.0.0','2025-11-14 07:34:47'),(303,6,'t00241','create_loads','teaching_loads',NULL,NULL,'{\"year_label\":\"2568\",\"term_no\":2,\"teacher_name\":\"อ.กรกฎ .\",\"subject\":\"เคมี - เคมี\",\"classes\":[\"ม4\\/1\",\"ม4\\/2\",\"ม4\\/3\",\"ม4\\/4\",\"ม6\\/1\",\"ม6\\/2\",\"ม6\\/3\",\"ม6\\/4\"],\"room_name\":\"-\",\"periods_per_week\":2,\"consecutive_slots\":2,\"inserted\":8,\"updated\":0,\"created_ids\":[412,413,414,415,416,417,418,419]}','192.168.8.4','Mozilla/5.0 (Windows NT 10.0; Win64; x64) AppleWebKit/537.36 (KHTML, like Gecko) Chrome/141.0.0.0 Safari/537.36 Edg/141.0.0.0','2025-11-14 07:36:27'),(304,6,'t00241','add_timetable_slot','timetable_slots',NULL,NULL,'{\"view\":\"teacher\",\"year_label\":\"2568\",\"term_no\":2,\"class_name\":\"ม6\\/4\",\"day_of_week\":\"พฤหัสบดี\",\"period_start\":1,\"period_end\":2,\"span\":2,\"subject\":\"เคมี - เคมี\",\"teachers\":[\"อ.กรกฎ .\"],\"room_name\":\"-\",\"source\":\"manual\",\"slot_ids\":[3017,3018],\"forced\":\"no\"}','192.168.8.4','Mozilla/5.0 (Windows NT 10.0; Win64; x64) AppleWebKit/537.36 (KHTML, like Gecko) Chrome/141.0.0.0 Safari/537.36 Edg/141.0.0.0','2025-11-14 07:36:38'),(305,6,'t00241','add_timetable_slot','timetable_slots',NULL,NULL,'{\"view\":\"teacher\",\"year_label\":\"2568\",\"term_no\":2,\"class_name\":\"ม6\\/1\",\"day_of_week\":\"พฤหัสบดี\",\"period_start\":3,\"period_end\":4,\"span\":2,\"subject\":\"เคมี - เคมี\",\"teachers\":[\"อ.กรกฎ .\"],\"room_name\":\"-\",\"source\":\"manual\",\"slot_ids\":[3019,3020],\"forced\":\"no\"}','192.168.8.4','Mozilla/5.0 (Windows NT 10.0; Win64; x64) AppleWebKit/537.36 (KHTML, like Gecko) Chrome/141.0.0.0 Safari/537.36 Edg/141.0.0.0','2025-11-14 07:36:42'),(306,6,'t00241','add_timetable_slot','timetable_slots',NULL,NULL,'{\"view\":\"teacher\",\"year_label\":\"2568\",\"term_no\":2,\"class_name\":\"ม6\\/2\",\"day_of_week\":\"พฤหัสบดี\",\"period_start\":5,\"period_end\":5,\"span\":1,\"subject\":\"เคมี - เคมี\",\"teachers\":[\"อ.กรกฎ .\"],\"room_name\":\"-\",\"source\":\"manual\",\"slot_ids\":[3021],\"forced\":\"no\"}','192.168.8.4','Mozilla/5.0 (Windows NT 10.0; Win64; x64) AppleWebKit/537.36 (KHTML, like Gecko) Chrome/141.0.0.0 Safari/537.36 Edg/141.0.0.0','2025-11-14 07:36:46'),(307,6,'t00241','add_timetable_slot','timetable_slots',NULL,NULL,'{\"view\":\"teacher\",\"year_label\":\"2568\",\"term_no\":2,\"class_name\":\"ม6\\/2\",\"day_of_week\":\"พฤหัสบดี\",\"period_start\":7,\"period_end\":7,\"span\":1,\"subject\":\"เคมี - เคมี\",\"teachers\":[\"อ.กรกฎ .\"],\"room_name\":\"-\",\"source\":\"manual\",\"slot_ids\":[3022],\"forced\":\"yes\"}','192.168.8.4','Mozilla/5.0 (Windows NT 10.0; Win64; x64) AppleWebKit/537.36 (KHTML, like Gecko) Chrome/141.0.0.0 Safari/537.36 Edg/141.0.0.0','2025-11-14 07:36:51'),(308,6,'t00241','add_timetable_slot','timetable_slots',NULL,NULL,'{\"view\":\"teacher\",\"year_label\":\"2568\",\"term_no\":2,\"class_name\":\"ม6\\/3\",\"day_of_week\":\"พฤหัสบดี\",\"period_start\":8,\"period_end\":9,\"span\":2,\"subject\":\"เคมี - เคมี\",\"teachers\":[\"อ.กรกฎ .\"],\"room_name\":\"-\",\"source\":\"manual\",\"slot_ids\":[3023,3024],\"forced\":\"no\"}','192.168.8.4','Mozilla/5.0 (Windows NT 10.0; Win64; x64) AppleWebKit/537.36 (KHTML, like Gecko) Chrome/141.0.0.0 Safari/537.36 Edg/141.0.0.0','2025-11-14 07:36:54'),(309,6,'t00241','add_timetable_slot','timetable_slots',NULL,NULL,'{\"view\":\"teacher\",\"year_label\":\"2568\",\"term_no\":2,\"class_name\":\"ม4\\/2\",\"day_of_week\":\"-\",\"period_start\":1,\"period_end\":2,\"span\":2,\"subject\":\"เคมี - เคมี\",\"teachers\":[\"อ.กรกฎ .\"],\"room_name\":\"-\",\"source\":\"manual\",\"slot_ids\":[3025,3026],\"forced\":\"no\"}','192.168.8.4','Mozilla/5.0 (Windows NT 10.0; Win64; x64) AppleWebKit/537.36 (KHTML, like Gecko) Chrome/141.0.0.0 Safari/537.36 Edg/141.0.0.0','2025-11-14 07:37:01'),(310,6,'t00241','add_timetable_slot','timetable_slots',NULL,NULL,'{\"view\":\"teacher\",\"year_label\":\"2568\",\"term_no\":2,\"class_name\":\"ม4\\/3\",\"day_of_week\":\"-\",\"period_start\":3,\"period_end\":4,\"span\":2,\"subject\":\"เคมี - เคมี\",\"teachers\":[\"อ.กรกฎ .\"],\"room_name\":\"-\",\"source\":\"manual\",\"slot_ids\":[3027,3028],\"forced\":\"no\"}','192.168.8.4','Mozilla/5.0 (Windows NT 10.0; Win64; x64) AppleWebKit/537.36 (KHTML, like Gecko) Chrome/141.0.0.0 Safari/537.36 Edg/141.0.0.0','2025-11-14 07:37:05'),(311,6,'t00241','add_timetable_slot','timetable_slots',NULL,NULL,'{\"view\":\"teacher\",\"year_label\":\"2568\",\"term_no\":2,\"class_name\":\"ม4\\/4\",\"day_of_week\":\"-\",\"period_start\":6,\"period_end\":7,\"span\":2,\"subject\":\"เคมี - เคมี\",\"teachers\":[\"อ.กรกฎ .\"],\"room_name\":\"-\",\"source\":\"manual\",\"slot_ids\":[3029,3030],\"forced\":\"no\"}','192.168.8.4','Mozilla/5.0 (Windows NT 10.0; Win64; x64) AppleWebKit/537.36 (KHTML, like Gecko) Chrome/141.0.0.0 Safari/537.36 Edg/141.0.0.0','2025-11-14 07:37:08'),(312,6,'t00241','add_timetable_slot','timetable_slots',NULL,NULL,'{\"view\":\"teacher\",\"year_label\":\"2568\",\"term_no\":2,\"class_name\":\"ม4\\/1\",\"day_of_week\":\"-\",\"period_start\":8,\"period_end\":9,\"span\":2,\"subject\":\"เคมี - เคมี\",\"teachers\":[\"อ.กรกฎ .\"],\"room_name\":\"-\",\"source\":\"manual\",\"slot_ids\":[3031,3032],\"forced\":\"no\"}','192.168.8.4','Mozilla/5.0 (Windows NT 10.0; Win64; x64) AppleWebKit/537.36 (KHTML, like Gecko) Chrome/141.0.0.0 Safari/537.36 Edg/141.0.0.0','2025-11-14 07:37:11'),(313,6,'t00241','create_loads','teaching_loads',NULL,NULL,'{\"year_label\":\"2568\",\"term_no\":2,\"teacher_name\":\"อ.บัณฑิต .\",\"subject\":\"คณิตศาสตร์ - คณิตศาสตร์\",\"classes\":[\"ม6\\/1\",\"ม6\\/2\",\"ม6\\/3\",\"ม6\\/4\"],\"room_name\":\"-\",\"periods_per_week\":4,\"consecutive_slots\":2,\"inserted\":4,\"updated\":0,\"created_ids\":[420,421,422,423]}','192.168.8.4','Mozilla/5.0 (Windows NT 10.0; Win64; x64) AppleWebKit/537.36 (KHTML, like Gecko) Chrome/141.0.0.0 Safari/537.36 Edg/141.0.0.0','2025-11-14 07:37:49'),(314,6,'t00241','create_loads','teaching_loads',NULL,NULL,'{\"year_label\":\"2568\",\"term_no\":2,\"teacher_name\":\"อ.บัณฑิต .\",\"subject\":\"คณิตศาสตร์ - คณิตศาสตร์\",\"classes\":[\"ม5\\/1\",\"ม5\\/2\",\"ม5\\/3\",\"ม5\\/4\"],\"room_name\":\"-\",\"periods_per_week\":2,\"consecutive_slots\":2,\"inserted\":4,\"updated\":0,\"created_ids\":[424,425,426,427]}','192.168.8.4','Mozilla/5.0 (Windows NT 10.0; Win64; x64) AppleWebKit/537.36 (KHTML, like Gecko) Chrome/141.0.0.0 Safari/537.36 Edg/141.0.0.0','2025-11-14 07:38:03'),(315,6,'t00241','add_timetable_slot','timetable_slots',NULL,NULL,'{\"view\":\"teacher\",\"year_label\":\"2568\",\"term_no\":2,\"class_name\":\"ม6\\/3\",\"day_of_week\":\"พฤหัสบดี\",\"period_start\":1,\"period_end\":2,\"span\":2,\"subject\":\"คณิตศาสตร์ - คณิตศาสตร์\",\"teachers\":[\"อ.บัณฑิต .\"],\"room_name\":\"-\",\"source\":\"manual\",\"slot_ids\":[3033,3034],\"forced\":\"no\"}','192.168.8.4','Mozilla/5.0 (Windows NT 10.0; Win64; x64) AppleWebKit/537.36 (KHTML, like Gecko) Chrome/141.0.0.0 Safari/537.36 Edg/141.0.0.0','2025-11-14 07:38:12'),(316,6,'t00241','add_timetable_slot','timetable_slots',NULL,NULL,'{\"view\":\"teacher\",\"year_label\":\"2568\",\"term_no\":2,\"class_name\":\"ม6\\/4\",\"day_of_week\":\"พฤหัสบดี\",\"period_start\":3,\"period_end\":4,\"span\":2,\"subject\":\"คณิตศาสตร์ - คณิตศาสตร์\",\"teachers\":[\"อ.บัณฑิต .\"],\"room_name\":\"-\",\"source\":\"manual\",\"slot_ids\":[3035,3036],\"forced\":\"no\"}','192.168.8.4','Mozilla/5.0 (Windows NT 10.0; Win64; x64) AppleWebKit/537.36 (KHTML, like Gecko) Chrome/141.0.0.0 Safari/537.36 Edg/141.0.0.0','2025-11-14 07:38:15'),(317,6,'t00241','add_timetable_slot','timetable_slots',NULL,NULL,'{\"view\":\"teacher\",\"year_label\":\"2568\",\"term_no\":2,\"class_name\":\"ม6\\/1\",\"day_of_week\":\"พฤหัสบดี\",\"period_start\":5,\"period_end\":5,\"span\":1,\"subject\":\"คณิตศาสตร์ - คณิตศาสตร์\",\"teachers\":[\"อ.บัณฑิต .\"],\"room_name\":\"-\",\"source\":\"manual\",\"slot_ids\":[3037],\"forced\":\"no\"}','192.168.8.4','Mozilla/5.0 (Windows NT 10.0; Win64; x64) AppleWebKit/537.36 (KHTML, like Gecko) Chrome/141.0.0.0 Safari/537.36 Edg/141.0.0.0','2025-11-14 07:38:21'),(318,6,'t00241','add_timetable_slot','timetable_slots',NULL,NULL,'{\"view\":\"teacher\",\"year_label\":\"2568\",\"term_no\":2,\"class_name\":\"ม6\\/1\",\"day_of_week\":\"พฤหัสบดี\",\"period_start\":7,\"period_end\":7,\"span\":1,\"subject\":\"คณิตศาสตร์ - คณิตศาสตร์\",\"teachers\":[\"อ.บัณฑิต .\"],\"room_name\":\"-\",\"source\":\"manual\",\"slot_ids\":[3038],\"forced\":\"yes\"}','192.168.8.4','Mozilla/5.0 (Windows NT 10.0; Win64; x64) AppleWebKit/537.36 (KHTML, like Gecko) Chrome/141.0.0.0 Safari/537.36 Edg/141.0.0.0','2025-11-14 07:38:30'),(319,6,'t00241','add_timetable_slot','timetable_slots',NULL,NULL,'{\"view\":\"teacher\",\"year_label\":\"2568\",\"term_no\":2,\"class_name\":\"ม6\\/2\",\"day_of_week\":\"พฤหัสบดี\",\"period_start\":8,\"period_end\":9,\"span\":2,\"subject\":\"คณิตศาสตร์ - คณิตศาสตร์\",\"teachers\":[\"อ.บัณฑิต .\"],\"room_name\":\"-\",\"source\":\"manual\",\"slot_ids\":[3039,3040],\"forced\":\"no\"}','192.168.8.4','Mozilla/5.0 (Windows NT 10.0; Win64; x64) AppleWebKit/537.36 (KHTML, like Gecko) Chrome/141.0.0.0 Safari/537.36 Edg/141.0.0.0','2025-11-14 07:38:34'),(320,6,'t00241','add_timetable_slot','timetable_slots',NULL,NULL,'{\"view\":\"teacher\",\"year_label\":\"2568\",\"term_no\":2,\"class_name\":\"ม6\\/2\",\"day_of_week\":\"ศุกร์\",\"period_start\":1,\"period_end\":2,\"span\":2,\"subject\":\"คณิตศาสตร์ - คณิตศาสตร์\",\"teachers\":[\"อ.บัณฑิต .\"],\"room_name\":\"-\",\"source\":\"manual\",\"slot_ids\":[3041,3042],\"forced\":\"no\"}','192.168.8.4','Mozilla/5.0 (Windows NT 10.0; Win64; x64) AppleWebKit/537.36 (KHTML, like Gecko) Chrome/141.0.0.0 Safari/537.36 Edg/141.0.0.0','2025-11-14 07:38:38'),(321,6,'t00241','add_timetable_slot','timetable_slots',NULL,NULL,'{\"view\":\"teacher\",\"year_label\":\"2568\",\"term_no\":2,\"class_name\":\"ม6\\/3\",\"day_of_week\":\"ศุกร์\",\"period_start\":3,\"period_end\":4,\"span\":2,\"subject\":\"คณิตศาสตร์ - คณิตศาสตร์\",\"teachers\":[\"อ.บัณฑิต .\"],\"room_name\":\"-\",\"source\":\"manual\",\"slot_ids\":[3043,3044],\"forced\":\"no\"}','192.168.8.4','Mozilla/5.0 (Windows NT 10.0; Win64; x64) AppleWebKit/537.36 (KHTML, like Gecko) Chrome/141.0.0.0 Safari/537.36 Edg/141.0.0.0','2025-11-14 07:38:42'),(322,6,'t00241','add_timetable_slot','timetable_slots',NULL,NULL,'{\"view\":\"teacher\",\"year_label\":\"2568\",\"term_no\":2,\"class_name\":\"ม6\\/4\",\"day_of_week\":\"ศุกร์\",\"period_start\":5,\"period_end\":5,\"span\":1,\"subject\":\"คณิตศาสตร์ - คณิตศาสตร์\",\"teachers\":[\"อ.บัณฑิต .\"],\"room_name\":\"-\",\"source\":\"manual\",\"slot_ids\":[3045],\"forced\":\"no\"}','192.168.8.4','Mozilla/5.0 (Windows NT 10.0; Win64; x64) AppleWebKit/537.36 (KHTML, like Gecko) Chrome/141.0.0.0 Safari/537.36 Edg/141.0.0.0','2025-11-14 07:38:48'),(323,6,'t00241','add_timetable_slot','timetable_slots',NULL,NULL,'{\"view\":\"teacher\",\"year_label\":\"2568\",\"term_no\":2,\"class_name\":\"ม6\\/4\",\"day_of_week\":\"ศุกร์\",\"period_start\":7,\"period_end\":7,\"span\":1,\"subject\":\"คณิตศาสตร์ - คณิตศาสตร์\",\"teachers\":[\"อ.บัณฑิต .\"],\"room_name\":\"-\",\"source\":\"manual\",\"slot_ids\":[3048],\"forced\":\"yes\"}','192.168.8.4','Mozilla/5.0 (Windows NT 10.0; Win64; x64) AppleWebKit/537.36 (KHTML, like Gecko) Chrome/141.0.0.0 Safari/537.36 Edg/141.0.0.0','2025-11-14 07:39:11'),(324,6,'t00241','add_timetable_slot','timetable_slots',NULL,NULL,'{\"view\":\"teacher\",\"year_label\":\"2568\",\"term_no\":2,\"class_name\":\"ม6\\/1\",\"day_of_week\":\"ศุกร์\",\"period_start\":8,\"period_end\":9,\"span\":2,\"subject\":\"คณิตศาสตร์ - คณิตศาสตร์\",\"teachers\":[\"อ.บัณฑิต .\"],\"room_name\":\"-\",\"source\":\"manual\",\"slot_ids\":[3049,3050],\"forced\":\"no\"}','192.168.8.4','Mozilla/5.0 (Windows NT 10.0; Win64; x64) AppleWebKit/537.36 (KHTML, like Gecko) Chrome/141.0.0.0 Safari/537.36 Edg/141.0.0.0','2025-11-14 07:39:17'),(325,6,'t00241','add_timetable_slot','timetable_slots',NULL,NULL,'{\"view\":\"teacher\",\"year_label\":\"2568\",\"term_no\":2,\"class_name\":\"ม5\\/2\",\"day_of_week\":\"-\",\"period_start\":1,\"period_end\":2,\"span\":2,\"subject\":\"คณิตศาสตร์ - คณิตศาสตร์\",\"teachers\":[\"อ.บัณฑิต .\"],\"room_name\":\"-\",\"source\":\"manual\",\"slot_ids\":[3051,3052],\"forced\":\"no\"}','192.168.8.4','Mozilla/5.0 (Windows NT 10.0; Win64; x64) AppleWebKit/537.36 (KHTML, like Gecko) Chrome/141.0.0.0 Safari/537.36 Edg/141.0.0.0','2025-11-14 07:39:22'),(326,6,'t00241','add_timetable_slot','timetable_slots',NULL,NULL,'{\"view\":\"teacher\",\"year_label\":\"2568\",\"term_no\":2,\"class_name\":\"ม5\\/3\",\"day_of_week\":\"-\",\"period_start\":3,\"period_end\":4,\"span\":2,\"subject\":\"คณิตศาสตร์ - คณิตศาสตร์\",\"teachers\":[\"อ.บัณฑิต .\"],\"room_name\":\"-\",\"source\":\"manual\",\"slot_ids\":[3053,3054],\"forced\":\"no\"}','192.168.8.4','Mozilla/5.0 (Windows NT 10.0; Win64; x64) AppleWebKit/537.36 (KHTML, like Gecko) Chrome/141.0.0.0 Safari/537.36 Edg/141.0.0.0','2025-11-14 07:39:25'),(327,6,'t00241','add_timetable_slot','timetable_slots',NULL,NULL,'{\"view\":\"teacher\",\"year_label\":\"2568\",\"term_no\":2,\"class_name\":\"ม5\\/4\",\"day_of_week\":\"-\",\"period_start\":5,\"period_end\":5,\"span\":1,\"subject\":\"คณิตศาสตร์ - คณิตศาสตร์\",\"teachers\":[\"อ.บัณฑิต .\"],\"room_name\":\"-\",\"source\":\"manual\",\"slot_ids\":[3055],\"forced\":\"no\"}','192.168.8.4','Mozilla/5.0 (Windows NT 10.0; Win64; x64) AppleWebKit/537.36 (KHTML, like Gecko) Chrome/141.0.0.0 Safari/537.36 Edg/141.0.0.0','2025-11-14 07:39:29'),(328,6,'t00241','add_timetable_slot','timetable_slots',NULL,NULL,'{\"view\":\"teacher\",\"year_label\":\"2568\",\"term_no\":2,\"class_name\":\"ม5\\/4\",\"day_of_week\":\"-\",\"period_start\":7,\"period_end\":7,\"span\":1,\"subject\":\"คณิตศาสตร์ - คณิตศาสตร์\",\"teachers\":[\"อ.บัณฑิต .\"],\"room_name\":\"-\",\"source\":\"manual\",\"slot_ids\":[3056],\"forced\":\"yes\"}','192.168.8.4','Mozilla/5.0 (Windows NT 10.0; Win64; x64) AppleWebKit/537.36 (KHTML, like Gecko) Chrome/141.0.0.0 Safari/537.36 Edg/141.0.0.0','2025-11-14 07:39:34'),(329,6,'t00241','add_timetable_slot','timetable_slots',NULL,NULL,'{\"view\":\"teacher\",\"year_label\":\"2568\",\"term_no\":2,\"class_name\":\"ม5\\/1\",\"day_of_week\":\"-\",\"period_start\":8,\"period_end\":9,\"span\":2,\"subject\":\"คณิตศาสตร์ - คณิตศาสตร์\",\"teachers\":[\"อ.บัณฑิต .\"],\"room_name\":\"-\",\"source\":\"manual\",\"slot_ids\":[3057,3058],\"forced\":\"no\"}','192.168.8.4','Mozilla/5.0 (Windows NT 10.0; Win64; x64) AppleWebKit/537.36 (KHTML, like Gecko) Chrome/141.0.0.0 Safari/537.36 Edg/141.0.0.0','2025-11-14 07:39:38'),(330,6,'t00241','create_loads','teaching_loads',NULL,NULL,'{\"year_label\":\"2568\",\"term_no\":2,\"teacher_name\":\"อ.ธิดา .\",\"subject\":\"เคมี - เคมี\",\"classes\":[\"ม6\\/1\",\"ม6\\/2\",\"ม6\\/3\",\"ม6\\/4\"],\"room_name\":\"-\",\"periods_per_week\":4,\"consecutive_slots\":2,\"inserted\":4,\"updated\":0,\"created_ids\":[428,429,430,431]}','192.168.8.4','Mozilla/5.0 (Windows NT 10.0; Win64; x64) AppleWebKit/537.36 (KHTML, like Gecko) Chrome/141.0.0.0 Safari/537.36 Edg/141.0.0.0','2025-11-14 07:40:02'),(331,6,'t00241','add_timetable_slot','timetable_slots',NULL,NULL,'{\"view\":\"teacher\",\"year_label\":\"2568\",\"term_no\":2,\"class_name\":\"ม6\\/2\",\"day_of_week\":\"พุธ\",\"period_start\":1,\"period_end\":2,\"span\":2,\"subject\":\"เคมี - เคมี\",\"teachers\":[\"อ.ธิดา .\"],\"room_name\":\"-\",\"source\":\"manual\",\"slot_ids\":[3059,3060],\"forced\":\"no\"}','192.168.8.4','Mozilla/5.0 (Windows NT 10.0; Win64; x64) AppleWebKit/537.36 (KHTML, like Gecko) Chrome/141.0.0.0 Safari/537.36 Edg/141.0.0.0','2025-11-14 07:40:22'),(332,6,'t00241','add_timetable_slot','timetable_slots',NULL,NULL,'{\"view\":\"teacher\",\"year_label\":\"2568\",\"term_no\":2,\"class_name\":\"ม6\\/3\",\"day_of_week\":\"พุธ\",\"period_start\":3,\"period_end\":4,\"span\":2,\"subject\":\"เคมี - เคมี\",\"teachers\":[\"อ.ธิดา .\"],\"room_name\":\"-\",\"source\":\"manual\",\"slot_ids\":[3061,3062],\"forced\":\"no\"}','192.168.8.4','Mozilla/5.0 (Windows NT 10.0; Win64; x64) AppleWebKit/537.36 (KHTML, like Gecko) Chrome/141.0.0.0 Safari/537.36 Edg/141.0.0.0','2025-11-14 07:40:24'),(333,6,'t00241','add_timetable_slot','timetable_slots',NULL,NULL,'{\"view\":\"teacher\",\"year_label\":\"2568\",\"term_no\":2,\"class_name\":\"ม6\\/4\",\"day_of_week\":\"พุธ\",\"period_start\":5,\"period_end\":5,\"span\":1,\"subject\":\"เคมี - เคมี\",\"teachers\":[\"อ.ธิดา .\"],\"room_name\":\"-\",\"source\":\"manual\",\"slot_ids\":[3063],\"forced\":\"no\"}','192.168.8.4','Mozilla/5.0 (Windows NT 10.0; Win64; x64) AppleWebKit/537.36 (KHTML, like Gecko) Chrome/141.0.0.0 Safari/537.36 Edg/141.0.0.0','2025-11-14 07:40:29'),(334,6,'t00241','add_timetable_slot','timetable_slots',NULL,NULL,'{\"view\":\"teacher\",\"year_label\":\"2568\",\"term_no\":2,\"class_name\":\"ม6\\/4\",\"day_of_week\":\"พุธ\",\"period_start\":7,\"period_end\":7,\"span\":1,\"subject\":\"เคมี - เคมี\",\"teachers\":[\"อ.ธิดา .\"],\"room_name\":\"-\",\"source\":\"manual\",\"slot_ids\":[3064],\"forced\":\"yes\"}','192.168.8.4','Mozilla/5.0 (Windows NT 10.0; Win64; x64) AppleWebKit/537.36 (KHTML, like Gecko) Chrome/141.0.0.0 Safari/537.36 Edg/141.0.0.0','2025-11-14 07:40:34'),(335,6,'t00241','add_timetable_slot','timetable_slots',NULL,NULL,'{\"view\":\"teacher\",\"year_label\":\"2568\",\"term_no\":2,\"class_name\":\"ม6\\/1\",\"day_of_week\":\"พุธ\",\"period_start\":8,\"period_end\":9,\"span\":2,\"subject\":\"เคมี - เคมี\",\"teachers\":[\"อ.ธิดา .\"],\"room_name\":\"-\",\"source\":\"manual\",\"slot_ids\":[3065,3066],\"forced\":\"no\"}','192.168.8.4','Mozilla/5.0 (Windows NT 10.0; Win64; x64) AppleWebKit/537.36 (KHTML, like Gecko) Chrome/141.0.0.0 Safari/537.36 Edg/141.0.0.0','2025-11-14 07:40:39'),(336,6,'t00241','add_timetable_slot','timetable_slots',NULL,NULL,'{\"view\":\"teacher\",\"year_label\":\"2568\",\"term_no\":2,\"class_name\":\"ม6\\/1\",\"day_of_week\":\"-\",\"period_start\":1,\"period_end\":2,\"span\":2,\"subject\":\"เคมี - เคมี\",\"teachers\":[\"อ.ธิดา .\"],\"room_name\":\"-\",\"source\":\"manual\",\"slot_ids\":[3067,3068],\"forced\":\"no\"}','192.168.8.4','Mozilla/5.0 (Windows NT 10.0; Win64; x64) AppleWebKit/537.36 (KHTML, like Gecko) Chrome/141.0.0.0 Safari/537.36 Edg/141.0.0.0','2025-11-14 07:40:44'),(337,6,'t00241','add_timetable_slot','timetable_slots',NULL,NULL,'{\"view\":\"teacher\",\"year_label\":\"2568\",\"term_no\":2,\"class_name\":\"ม6\\/2\",\"day_of_week\":\"-\",\"period_start\":3,\"period_end\":4,\"span\":2,\"subject\":\"เคมี - เคมี\",\"teachers\":[\"อ.ธิดา .\"],\"room_name\":\"-\",\"source\":\"manual\",\"slot_ids\":[3069,3070],\"forced\":\"no\"}','192.168.8.4','Mozilla/5.0 (Windows NT 10.0; Win64; x64) AppleWebKit/537.36 (KHTML, like Gecko) Chrome/141.0.0.0 Safari/537.36 Edg/141.0.0.0','2025-11-14 07:40:48'),(338,6,'t00241','add_timetable_slot','timetable_slots',NULL,NULL,'{\"view\":\"teacher\",\"year_label\":\"2568\",\"term_no\":2,\"class_name\":\"ม6\\/3\",\"day_of_week\":\"-\",\"period_start\":5,\"period_end\":5,\"span\":1,\"subject\":\"เคมี - เคมี\",\"teachers\":[\"อ.ธิดา .\"],\"room_name\":\"-\",\"source\":\"manual\",\"slot_ids\":[3071],\"forced\":\"no\"}','192.168.8.4','Mozilla/5.0 (Windows NT 10.0; Win64; x64) AppleWebKit/537.36 (KHTML, like Gecko) Chrome/141.0.0.0 Safari/537.36 Edg/141.0.0.0','2025-11-14 07:40:52'),(339,6,'t00241','add_timetable_slot','timetable_slots',NULL,NULL,'{\"view\":\"teacher\",\"year_label\":\"2568\",\"term_no\":2,\"class_name\":\"ม6\\/3\",\"day_of_week\":\"-\",\"period_start\":7,\"period_end\":7,\"span\":1,\"subject\":\"เคมี - เคมี\",\"teachers\":[\"อ.ธิดา .\"],\"room_name\":\"-\",\"source\":\"manual\",\"slot_ids\":[3072],\"forced\":\"yes\"}','192.168.8.4','Mozilla/5.0 (Windows NT 10.0; Win64; x64) AppleWebKit/537.36 (KHTML, like Gecko) Chrome/141.0.0.0 Safari/537.36 Edg/141.0.0.0','2025-11-14 07:40:57'),(340,6,'t00241','add_timetable_slot','timetable_slots',NULL,NULL,'{\"view\":\"teacher\",\"year_label\":\"2568\",\"term_no\":2,\"class_name\":\"ม6\\/4\",\"day_of_week\":\"-\",\"period_start\":8,\"period_end\":9,\"span\":2,\"subject\":\"เคมี - เคมี\",\"teachers\":[\"อ.ธิดา .\"],\"room_name\":\"-\",\"source\":\"manual\",\"slot_ids\":[3073,3074],\"forced\":\"no\"}','192.168.8.4','Mozilla/5.0 (Windows NT 10.0; Win64; x64) AppleWebKit/537.36 (KHTML, like Gecko) Chrome/141.0.0.0 Safari/537.36 Edg/141.0.0.0','2025-11-14 07:41:00'),(341,6,'t00241','create_loads','teaching_loads',NULL,NULL,'{\"year_label\":\"2568\",\"term_no\":2,\"teacher_name\":\"อ.รัตนาภรณ์ .\",\"subject\":\"คณิตศาสตร์ - คณิตศาสตร์\",\"classes\":[\"ม6\\/1\",\"ม6\\/2\",\"ม6\\/3\",\"ม6\\/4\"],\"room_name\":\"-\",\"periods_per_week\":2,\"consecutive_slots\":2,\"inserted\":4,\"updated\":0,\"created_ids\":[432,433,434,435]}','192.168.8.4','Mozilla/5.0 (Windows NT 10.0; Win64; x64) AppleWebKit/537.36 (KHTML, like Gecko) Chrome/141.0.0.0 Safari/537.36 Edg/141.0.0.0','2025-11-14 07:41:32'),(342,6,'t00241','create_loads','teaching_loads',NULL,NULL,'{\"year_label\":\"2568\",\"term_no\":2,\"teacher_name\":\"อ.รัตนาภรณ์ .\",\"subject\":\"คณิตศาสตร์ - คณิตศาสตร์\",\"classes\":[\"ม5\\/1\",\"ม5\\/2\",\"ม5\\/3\",\"ม5\\/4\"],\"room_name\":\"-\",\"periods_per_week\":4,\"consecutive_slots\":2,\"inserted\":4,\"updated\":0,\"created_ids\":[436,437,438,439]}','192.168.8.4','Mozilla/5.0 (Windows NT 10.0; Win64; x64) AppleWebKit/537.36 (KHTML, like Gecko) Chrome/141.0.0.0 Safari/537.36 Edg/141.0.0.0','2025-11-14 07:41:47'),(343,6,'t00241','add_timetable_slot','timetable_slots',NULL,NULL,'{\"view\":\"teacher\",\"year_label\":\"2568\",\"term_no\":2,\"class_name\":\"ม6\\/4\",\"day_of_week\":\"อังคาร\",\"period_start\":1,\"period_end\":2,\"span\":2,\"subject\":\"คณิตศาสตร์ - คณิตศาสตร์\",\"teachers\":[\"อ.รัตนาภรณ์ .\"],\"room_name\":\"-\",\"source\":\"manual\",\"slot_ids\":[3075,3076],\"forced\":\"no\"}','192.168.8.4','Mozilla/5.0 (Windows NT 10.0; Win64; x64) AppleWebKit/537.36 (KHTML, like Gecko) Chrome/141.0.0.0 Safari/537.36 Edg/141.0.0.0','2025-11-14 07:42:00'),(344,6,'t00241','add_timetable_slot','timetable_slots',NULL,NULL,'{\"view\":\"teacher\",\"year_label\":\"2568\",\"term_no\":2,\"class_name\":\"ม6\\/1\",\"day_of_week\":\"อังคาร\",\"period_start\":3,\"period_end\":4,\"span\":2,\"subject\":\"คณิตศาสตร์ - คณิตศาสตร์\",\"teachers\":[\"อ.รัตนาภรณ์ .\"],\"room_name\":\"-\",\"source\":\"manual\",\"slot_ids\":[3077,3078],\"forced\":\"no\"}','192.168.8.4','Mozilla/5.0 (Windows NT 10.0; Win64; x64) AppleWebKit/537.36 (KHTML, like Gecko) Chrome/141.0.0.0 Safari/537.36 Edg/141.0.0.0','2025-11-14 07:42:05'),(345,6,'t00241','add_timetable_slot','timetable_slots',NULL,NULL,'{\"view\":\"teacher\",\"year_label\":\"2568\",\"term_no\":2,\"class_name\":\"ม6\\/2\",\"day_of_week\":\"อังคาร\",\"period_start\":5,\"period_end\":5,\"span\":1,\"subject\":\"คณิตศาสตร์ - คณิตศาสตร์\",\"teachers\":[\"อ.รัตนาภรณ์ .\"],\"room_name\":\"-\",\"source\":\"manual\",\"slot_ids\":[3079],\"forced\":\"no\"}','192.168.8.4','Mozilla/5.0 (Windows NT 10.0; Win64; x64) AppleWebKit/537.36 (KHTML, like Gecko) Chrome/141.0.0.0 Safari/537.36 Edg/141.0.0.0','2025-11-14 07:42:09'),(346,6,'t00241','add_timetable_slot','timetable_slots',NULL,NULL,'{\"view\":\"teacher\",\"year_label\":\"2568\",\"term_no\":2,\"class_name\":\"ม6\\/2\",\"day_of_week\":\"อังคาร\",\"period_start\":7,\"period_end\":7,\"span\":1,\"subject\":\"คณิตศาสตร์ - คณิตศาสตร์\",\"teachers\":[\"อ.รัตนาภรณ์ .\"],\"room_name\":\"-\",\"source\":\"manual\",\"slot_ids\":[3080],\"forced\":\"yes\"}','192.168.8.4','Mozilla/5.0 (Windows NT 10.0; Win64; x64) AppleWebKit/537.36 (KHTML, like Gecko) Chrome/141.0.0.0 Safari/537.36 Edg/141.0.0.0','2025-11-14 07:42:14'),(347,6,'t00241','add_timetable_slot','timetable_slots',NULL,NULL,'{\"view\":\"teacher\",\"year_label\":\"2568\",\"term_no\":2,\"class_name\":\"ม6\\/3\",\"day_of_week\":\"อังคาร\",\"period_start\":8,\"period_end\":9,\"span\":2,\"subject\":\"คณิตศาสตร์ - คณิตศาสตร์\",\"teachers\":[\"อ.รัตนาภรณ์ .\"],\"room_name\":\"-\",\"source\":\"manual\",\"slot_ids\":[3081,3082],\"forced\":\"no\"}','192.168.8.4','Mozilla/5.0 (Windows NT 10.0; Win64; x64) AppleWebKit/537.36 (KHTML, like Gecko) Chrome/141.0.0.0 Safari/537.36 Edg/141.0.0.0','2025-11-14 07:42:19'),(348,6,'t00241','add_timetable_slot','timetable_slots',NULL,NULL,'{\"view\":\"teacher\",\"year_label\":\"2568\",\"term_no\":2,\"class_name\":\"ม5\\/4\",\"day_of_week\":\"พฤหัสบดี\",\"period_start\":1,\"period_end\":2,\"span\":2,\"subject\":\"คณิตศาสตร์ - คณิตศาสตร์\",\"teachers\":[\"อ.รัตนาภรณ์ .\"],\"room_name\":\"-\",\"source\":\"manual\",\"slot_ids\":[3083,3084],\"forced\":\"no\"}','192.168.8.4','Mozilla/5.0 (Windows NT 10.0; Win64; x64) AppleWebKit/537.36 (KHTML, like Gecko) Chrome/141.0.0.0 Safari/537.36 Edg/141.0.0.0','2025-11-14 07:42:25'),(349,6,'t00241','add_timetable_slot','timetable_slots',NULL,NULL,'{\"view\":\"teacher\",\"year_label\":\"2568\",\"term_no\":2,\"class_name\":\"ม5\\/1\",\"day_of_week\":\"พฤหัสบดี\",\"period_start\":3,\"period_end\":4,\"span\":2,\"subject\":\"คณิตศาสตร์ - คณิตศาสตร์\",\"teachers\":[\"อ.รัตนาภรณ์ .\"],\"room_name\":\"-\",\"source\":\"manual\",\"slot_ids\":[3085,3086],\"forced\":\"no\"}','192.168.8.4','Mozilla/5.0 (Windows NT 10.0; Win64; x64) AppleWebKit/537.36 (KHTML, like Gecko) Chrome/141.0.0.0 Safari/537.36 Edg/141.0.0.0','2025-11-14 07:42:28'),(350,6,'t00241','add_timetable_slot','timetable_slots',NULL,NULL,'{\"view\":\"teacher\",\"year_label\":\"2568\",\"term_no\":2,\"class_name\":\"ม5\\/2\",\"day_of_week\":\"พฤหัสบดี\",\"period_start\":5,\"period_end\":5,\"span\":1,\"subject\":\"คณิตศาสตร์ - คณิตศาสตร์\",\"teachers\":[\"อ.รัตนาภรณ์ .\"],\"room_name\":\"-\",\"source\":\"manual\",\"slot_ids\":[3087],\"forced\":\"no\"}','192.168.8.4','Mozilla/5.0 (Windows NT 10.0; Win64; x64) AppleWebKit/537.36 (KHTML, like Gecko) Chrome/141.0.0.0 Safari/537.36 Edg/141.0.0.0','2025-11-14 07:42:35'),(351,6,'t00241','add_timetable_slot','timetable_slots',NULL,NULL,'{\"view\":\"teacher\",\"year_label\":\"2568\",\"term_no\":2,\"class_name\":\"ม5\\/2\",\"day_of_week\":\"พฤหัสบดี\",\"period_start\":7,\"period_end\":7,\"span\":1,\"subject\":\"คณิตศาสตร์ - คณิตศาสตร์\",\"teachers\":[\"อ.รัตนาภรณ์ .\"],\"room_name\":\"-\",\"source\":\"manual\",\"slot_ids\":[3088],\"forced\":\"yes\"}','192.168.8.4','Mozilla/5.0 (Windows NT 10.0; Win64; x64) AppleWebKit/537.36 (KHTML, like Gecko) Chrome/141.0.0.0 Safari/537.36 Edg/141.0.0.0','2025-11-14 07:42:41'),(352,6,'t00241','add_timetable_slot','timetable_slots',NULL,NULL,'{\"view\":\"teacher\",\"year_label\":\"2568\",\"term_no\":2,\"class_name\":\"ม5\\/3\",\"day_of_week\":\"พฤหัสบดี\",\"period_start\":8,\"period_end\":9,\"span\":2,\"subject\":\"คณิตศาสตร์ - คณิตศาสตร์\",\"teachers\":[\"อ.รัตนาภรณ์ .\"],\"room_name\":\"-\",\"source\":\"manual\",\"slot_ids\":[3089,3090],\"forced\":\"no\"}','192.168.8.4','Mozilla/5.0 (Windows NT 10.0; Win64; x64) AppleWebKit/537.36 (KHTML, like Gecko) Chrome/141.0.0.0 Safari/537.36 Edg/141.0.0.0','2025-11-14 07:42:44'),(353,6,'t00241','add_timetable_slot','timetable_slots',NULL,NULL,'{\"view\":\"teacher\",\"year_label\":\"2568\",\"term_no\":2,\"class_name\":\"ม5\\/4\",\"day_of_week\":\"ศุกร์\",\"period_start\":1,\"period_end\":2,\"span\":2,\"subject\":\"คณิตศาสตร์ - คณิตศาสตร์\",\"teachers\":[\"อ.รัตนาภรณ์ .\"],\"room_name\":\"-\",\"source\":\"manual\",\"slot_ids\":[3091,3092],\"forced\":\"no\"}','192.168.8.4','Mozilla/5.0 (Windows NT 10.0; Win64; x64) AppleWebKit/537.36 (KHTML, like Gecko) Chrome/141.0.0.0 Safari/537.36 Edg/141.0.0.0','2025-11-14 07:42:48'),(354,6,'t00241','add_timetable_slot','timetable_slots',NULL,NULL,'{\"view\":\"teacher\",\"year_label\":\"2568\",\"term_no\":2,\"class_name\":\"ม5\\/1\",\"day_of_week\":\"ศุกร์\",\"period_start\":3,\"period_end\":4,\"span\":2,\"subject\":\"คณิตศาสตร์ - คณิตศาสตร์\",\"teachers\":[\"อ.รัตนาภรณ์ .\"],\"room_name\":\"-\",\"source\":\"manual\",\"slot_ids\":[3093,3094],\"forced\":\"no\"}','192.168.8.4','Mozilla/5.0 (Windows NT 10.0; Win64; x64) AppleWebKit/537.36 (KHTML, like Gecko) Chrome/141.0.0.0 Safari/537.36 Edg/141.0.0.0','2025-11-14 07:42:52'),(355,6,'t00241','add_timetable_slot','timetable_slots',NULL,NULL,'{\"view\":\"teacher\",\"year_label\":\"2568\",\"term_no\":2,\"class_name\":\"ม5\\/2\",\"day_of_week\":\"ศุกร์\",\"period_start\":5,\"period_end\":5,\"span\":1,\"subject\":\"คณิตศาสตร์ - คณิตศาสตร์\",\"teachers\":[\"อ.รัตนาภรณ์ .\"],\"room_name\":\"-\",\"source\":\"manual\",\"slot_ids\":[3095],\"forced\":\"no\"}','192.168.8.4','Mozilla/5.0 (Windows NT 10.0; Win64; x64) AppleWebKit/537.36 (KHTML, like Gecko) Chrome/141.0.0.0 Safari/537.36 Edg/141.0.0.0','2025-11-14 07:42:56'),(356,6,'t00241','add_timetable_slot','timetable_slots',NULL,NULL,'{\"view\":\"teacher\",\"year_label\":\"2568\",\"term_no\":2,\"class_name\":\"ม5\\/2\",\"day_of_week\":\"ศุกร์\",\"period_start\":7,\"period_end\":7,\"span\":1,\"subject\":\"คณิตศาสตร์ - คณิตศาสตร์\",\"teachers\":[\"อ.รัตนาภรณ์ .\"],\"room_name\":\"-\",\"source\":\"manual\",\"slot_ids\":[3096],\"forced\":\"yes\"}','192.168.8.4','Mozilla/5.0 (Windows NT 10.0; Win64; x64) AppleWebKit/537.36 (KHTML, like Gecko) Chrome/141.0.0.0 Safari/537.36 Edg/141.0.0.0','2025-11-14 07:43:02'),(357,6,'t00241','add_timetable_slot','timetable_slots',NULL,NULL,'{\"view\":\"teacher\",\"year_label\":\"2568\",\"term_no\":2,\"class_name\":\"ม5\\/3\",\"day_of_week\":\"ศุกร์\",\"period_start\":8,\"period_end\":9,\"span\":2,\"subject\":\"คณิตศาสตร์ - คณิตศาสตร์\",\"teachers\":[\"อ.รัตนาภรณ์ .\"],\"room_name\":\"-\",\"source\":\"manual\",\"slot_ids\":[3097,3098],\"forced\":\"no\"}','192.168.8.4','Mozilla/5.0 (Windows NT 10.0; Win64; x64) AppleWebKit/537.36 (KHTML, like Gecko) Chrome/141.0.0.0 Safari/537.36 Edg/141.0.0.0','2025-11-14 07:43:05'),(358,6,'t00241','create_loads','teaching_loads',NULL,NULL,'{\"year_label\":\"2568\",\"term_no\":2,\"teacher_name\":\"อ.สุธน .\",\"subject\":\"เคมี - เคมี\",\"classes\":[\"ม4\\/1\",\"ม4\\/2\",\"ม4\\/3\",\"ม4\\/4\"],\"room_name\":\"-\",\"periods_per_week\":4,\"consecutive_slots\":2,\"inserted\":4,\"updated\":0,\"created_ids\":[440,441,442,443]}','192.168.8.4','Mozilla/5.0 (Windows NT 10.0; Win64; x64) AppleWebKit/537.36 (KHTML, like Gecko) Chrome/141.0.0.0 Safari/537.36 Edg/141.0.0.0','2025-11-14 07:44:48'),(359,6,'t00241','add_timetable_slot','timetable_slots',NULL,NULL,'{\"view\":\"teacher\",\"year_label\":\"2568\",\"term_no\":2,\"class_name\":\"ม4\\/4\",\"day_of_week\":\"-\",\"period_start\":1,\"period_end\":2,\"span\":2,\"subject\":\"เคมี - เคมี\",\"teachers\":[\"อ.สุธน .\"],\"room_name\":\"-\",\"source\":\"manual\",\"slot_ids\":[3099,3100],\"forced\":\"yes\"}','192.168.8.4','Mozilla/5.0 (Windows NT 10.0; Win64; x64) AppleWebKit/537.36 (KHTML, like Gecko) Chrome/141.0.0.0 Safari/537.36 Edg/141.0.0.0','2025-11-14 07:45:27'),(360,6,'t00241','add_timetable_slot','timetable_slots',NULL,NULL,'{\"view\":\"teacher\",\"year_label\":\"2568\",\"term_no\":2,\"class_name\":\"ม4\\/1\",\"day_of_week\":\"-\",\"period_start\":3,\"period_end\":4,\"span\":2,\"subject\":\"เคมี - เคมี\",\"teachers\":[\"อ.สุธน .\"],\"room_name\":\"-\",\"source\":\"manual\",\"slot_ids\":[3101,3102],\"forced\":\"yes\"}','192.168.8.4','Mozilla/5.0 (Windows NT 10.0; Win64; x64) AppleWebKit/537.36 (KHTML, like Gecko) Chrome/141.0.0.0 Safari/537.36 Edg/141.0.0.0','2025-11-14 07:49:24'),(361,6,'t00241','add_timetable_slot','timetable_slots',NULL,NULL,'{\"view\":\"teacher\",\"year_label\":\"2568\",\"term_no\":2,\"class_name\":\"ม4\\/2\",\"day_of_week\":\"-\",\"period_start\":6,\"period_end\":7,\"span\":2,\"subject\":\"เคมี - เคมี\",\"teachers\":[\"อ.สุธน .\"],\"room_name\":\"-\",\"source\":\"manual\",\"slot_ids\":[3103,3104],\"forced\":\"yes\"}','192.168.8.4','Mozilla/5.0 (Windows NT 10.0; Win64; x64) AppleWebKit/537.36 (KHTML, like Gecko) Chrome/141.0.0.0 Safari/537.36 Edg/141.0.0.0','2025-11-14 07:49:30'),(362,6,'t00241','add_timetable_slot','timetable_slots',NULL,NULL,'{\"view\":\"teacher\",\"year_label\":\"2568\",\"term_no\":2,\"class_name\":\"ม4\\/3\",\"day_of_week\":\"-\",\"period_start\":8,\"period_end\":9,\"span\":2,\"subject\":\"เคมี - เคมี\",\"teachers\":[\"อ.สุธน .\"],\"room_name\":\"-\",\"source\":\"manual\",\"slot_ids\":[3105,3106],\"forced\":\"yes\"}','192.168.8.4','Mozilla/5.0 (Windows NT 10.0; Win64; x64) AppleWebKit/537.36 (KHTML, like Gecko) Chrome/141.0.0.0 Safari/537.36 Edg/141.0.0.0','2025-11-14 07:49:35'),(363,6,'t00241','add_timetable_slot','timetable_slots',NULL,NULL,'{\"view\":\"teacher\",\"year_label\":\"2568\",\"term_no\":2,\"class_name\":\"ม4\\/2\",\"day_of_week\":\"-\",\"period_start\":1,\"period_end\":2,\"span\":2,\"subject\":\"เคมี - เคมี\",\"teachers\":[\"อ.สุธน .\"],\"room_name\":\"-\",\"source\":\"manual\",\"slot_ids\":[3107,3108],\"forced\":\"no\"}','192.168.8.4','Mozilla/5.0 (Windows NT 10.0; Win64; x64) AppleWebKit/537.36 (KHTML, like Gecko) Chrome/141.0.0.0 Safari/537.36 Edg/141.0.0.0','2025-11-14 07:49:39'),(364,6,'t00241','add_timetable_slot','timetable_slots',NULL,NULL,'{\"view\":\"teacher\",\"year_label\":\"2568\",\"term_no\":2,\"class_name\":\"ม4\\/3\",\"day_of_week\":\"-\",\"period_start\":3,\"period_end\":4,\"span\":2,\"subject\":\"เคมี - เคมี\",\"teachers\":[\"อ.สุธน .\"],\"room_name\":\"-\",\"source\":\"manual\",\"slot_ids\":[3109,3110],\"forced\":\"no\"}','192.168.8.4','Mozilla/5.0 (Windows NT 10.0; Win64; x64) AppleWebKit/537.36 (KHTML, like Gecko) Chrome/141.0.0.0 Safari/537.36 Edg/141.0.0.0','2025-11-14 07:49:43'),(365,6,'t00241','add_timetable_slot','timetable_slots',NULL,NULL,'{\"view\":\"teacher\",\"year_label\":\"2568\",\"term_no\":2,\"class_name\":\"ม4\\/4\",\"day_of_week\":\"-\",\"period_start\":6,\"period_end\":7,\"span\":2,\"subject\":\"เคมี - เคมี\",\"teachers\":[\"อ.สุธน .\"],\"room_name\":\"-\",\"source\":\"manual\",\"slot_ids\":[3111,3112],\"forced\":\"no\"}','192.168.8.4','Mozilla/5.0 (Windows NT 10.0; Win64; x64) AppleWebKit/537.36 (KHTML, like Gecko) Chrome/141.0.0.0 Safari/537.36 Edg/141.0.0.0','2025-11-14 07:49:47'),(366,6,'t00241','add_timetable_slot','timetable_slots',NULL,NULL,'{\"view\":\"teacher\",\"year_label\":\"2568\",\"term_no\":2,\"class_name\":\"ม4\\/1\",\"day_of_week\":\"-\",\"period_start\":8,\"period_end\":9,\"span\":2,\"subject\":\"เคมี - เคมี\",\"teachers\":[\"อ.สุธน .\"],\"room_name\":\"-\",\"source\":\"manual\",\"slot_ids\":[3113,3114],\"forced\":\"no\"}','192.168.8.4','Mozilla/5.0 (Windows NT 10.0; Win64; x64) AppleWebKit/537.36 (KHTML, like Gecko) Chrome/141.0.0.0 Safari/537.36 Edg/141.0.0.0','2025-11-14 07:49:49'),(367,6,'t00241','create_loads','teaching_loads',NULL,NULL,'{\"year_label\":\"2568\",\"term_no\":2,\"teacher_name\":\"อ.ศักดิ์ชัย .\",\"subject\":\"เคมี - เคมี\",\"classes\":[\"ม5\\/1\",\"ม5\\/2\",\"ม5\\/3\",\"ม5\\/4\"],\"room_name\":\"-\",\"periods_per_week\":4,\"consecutive_slots\":2,\"inserted\":4,\"updated\":0,\"created_ids\":[444,445,446,447]}','192.168.8.4','Mozilla/5.0 (Windows NT 10.0; Win64; x64) AppleWebKit/537.36 (KHTML, like Gecko) Chrome/141.0.0.0 Safari/537.36 Edg/141.0.0.0','2025-11-14 07:50:34'),(368,7,'t00254','create_loads','teaching_loads',NULL,NULL,'{\"year_label\":\"2568\",\"term_no\":2,\"teacher_name\":\"ธนา บุญชู\",\"subject\":\"เทคโนโลยี - เทคโนโลยี\",\"classes\":[\"ม1\\/1\",\"ม1\\/2\",\"ม1\\/3\",\"ม1\\/4\",\"ม1\\/5\",\"ม2\\/1\",\"ม2\\/2\",\"ม2\\/3\",\"ม2\\/4\",\"ม2\\/5\",\"ม4\\/1\",\"ม4\\/2\",\"ม4\\/3\",\"ม4\\/4\"],\"room_name\":\"-\",\"periods_per_week\":1,\"consecutive_slots\":1,\"inserted\":14,\"updated\":0,\"created_ids\":[448,449,450,451,452,453,454,455,456,457,458,459,460,461]}','192.168.8.17','Mozilla/5.0 (Windows NT 10.0; Win64; x64) AppleWebKit/537.36 (KHTML, like Gecko) Chrome/142.0.0.0 Safari/537.36 Edg/142.0.0.0','2025-11-14 07:54:02'),(369,7,'t00254','create_loads','teaching_loads',NULL,NULL,'{\"year_label\":\"2568\",\"term_no\":2,\"teacher_name\":\"จิรายุ คุ้มถนอม\",\"subject\":\"เทคโนโลยี - เทคโนโลยี\",\"classes\":[\"ม4\\/1\",\"ม4\\/2\",\"ม4\\/3\",\"ม4\\/4\",\"ม5\\/1\",\"ม5\\/2\",\"ม5\\/3\",\"ม5\\/4\"],\"room_name\":\"-\",\"periods_per_week\":1,\"consecutive_slots\":1,\"inserted\":8,\"updated\":0,\"created_ids\":[462,463,464,465,466,467,468,469]}','192.168.8.17','Mozilla/5.0 (Windows NT 10.0; Win64; x64) AppleWebKit/537.36 (KHTML, like Gecko) Chrome/142.0.0.0 Safari/537.36 Edg/142.0.0.0','2025-11-14 07:54:28'),(370,7,'t00254','add_timetable_slot','timetable_slots',NULL,NULL,'{\"view\":\"teacher\",\"year_label\":\"2568\",\"term_no\":2,\"class_name\":\"ม2\\/2\",\"day_of_week\":\"จันทร์\",\"period_start\":1,\"period_end\":1,\"span\":1,\"subject\":\"เทคโนโลยี - เทคโนโลยี\",\"teachers\":[\"ธนา บุญชู\"],\"room_name\":\"-\",\"source\":\"manual\",\"slot_ids\":[3115],\"forced\":\"no\"}','192.168.8.17','Mozilla/5.0 (Windows NT 10.0; Win64; x64) AppleWebKit/537.36 (KHTML, like Gecko) Chrome/142.0.0.0 Safari/537.36 Edg/142.0.0.0','2025-11-14 07:55:32'),(371,7,'t00254','add_timetable_slot','timetable_slots',NULL,NULL,'{\"view\":\"teacher\",\"year_label\":\"2568\",\"term_no\":2,\"class_name\":\"ม2\\/3\",\"day_of_week\":\"จันทร์\",\"period_start\":2,\"period_end\":2,\"span\":1,\"subject\":\"เทคโนโลยี - เทคโนโลยี\",\"teachers\":[\"ธนา บุญชู\"],\"room_name\":\"-\",\"source\":\"manual\",\"slot_ids\":[3116],\"forced\":\"no\"}','192.168.8.17','Mozilla/5.0 (Windows NT 10.0; Win64; x64) AppleWebKit/537.36 (KHTML, like Gecko) Chrome/142.0.0.0 Safari/537.36 Edg/142.0.0.0','2025-11-14 07:55:36'),(372,7,'t00254','delete','timetable_slots',3116,'{\"view\":\"teacher\",\"year_label\":\"2568\",\"term_no\":2,\"class_name\":\"ม2\\/3\",\"day_of_week\":\"จันทร์\",\"period_no\":2,\"subject\":\"เทคโนโลยี - เทคโนโลยี\",\"teachers\":\"ธนา บุญชู\",\"room_name\":\"-\",\"source\":\"manual\"}',NULL,'192.168.8.17','Mozilla/5.0 (Windows NT 10.0; Win64; x64) AppleWebKit/537.36 (KHTML, like Gecko) Chrome/142.0.0.0 Safari/537.36 Edg/142.0.0.0','2025-11-14 07:55:45'),(373,7,'t00254','delete','timetable_slots',3115,'{\"view\":\"teacher\",\"year_label\":\"2568\",\"term_no\":2,\"class_name\":\"ม2\\/2\",\"day_of_week\":\"จันทร์\",\"period_no\":1,\"subject\":\"เทคโนโลยี - เทคโนโลยี\",\"teachers\":\"ธนา บุญชู\",\"room_name\":\"-\",\"source\":\"manual\"}',NULL,'192.168.8.17','Mozilla/5.0 (Windows NT 10.0; Win64; x64) AppleWebKit/537.36 (KHTML, like Gecko) Chrome/142.0.0.0 Safari/537.36 Edg/142.0.0.0','2025-11-14 07:55:48'),(374,7,'t00254','update','teaching_loads',448,'{\"teacher_id\":87,\"subject_id\":13,\"class_id\":1,\"room_id\":null,\"periods_per_week\":1,\"consecutive_slots\":1}','{\"teacher_id\":87,\"teacher_name\":\"ธนา บุญชู\",\"subject_id\":13,\"subject_name\":\"เทคโนโลยี - เทคโนโลยี\",\"class_id\":1,\"class_name\":\"ม1\\/1\",\"room_id\":64,\"room_name\":\"12103 - Lab computer 2\",\"periods_per_week\":1,\"consecutive_slots\":1}','192.168.8.17','Mozilla/5.0 (Windows NT 10.0; Win64; x64) AppleWebKit/537.36 (KHTML, like Gecko) Chrome/142.0.0.0 Safari/537.36 Edg/142.0.0.0','2025-11-14 07:56:06'),(375,7,'t00254','update','teaching_loads',449,'{\"teacher_id\":87,\"subject_id\":13,\"class_id\":2,\"room_id\":null,\"periods_per_week\":1,\"consecutive_slots\":1}','{\"teacher_id\":87,\"teacher_name\":\"ธนา บุญชู\",\"subject_id\":13,\"subject_name\":\"เทคโนโลยี - เทคโนโลยี\",\"class_id\":2,\"class_name\":\"ม1\\/2\",\"room_id\":64,\"room_name\":\"12103 - Lab computer 2\",\"periods_per_week\":1,\"consecutive_slots\":1}','192.168.8.17','Mozilla/5.0 (Windows NT 10.0; Win64; x64) AppleWebKit/537.36 (KHTML, like Gecko) Chrome/142.0.0.0 Safari/537.36 Edg/142.0.0.0','2025-11-14 07:56:09'),(376,7,'t00254','update','teaching_loads',450,'{\"teacher_id\":87,\"subject_id\":13,\"class_id\":3,\"room_id\":null,\"periods_per_week\":1,\"consecutive_slots\":1}','{\"teacher_id\":87,\"teacher_name\":\"ธนา บุญชู\",\"subject_id\":13,\"subject_name\":\"เทคโนโลยี - เทคโนโลยี\",\"class_id\":3,\"class_name\":\"ม1\\/3\",\"room_id\":64,\"room_name\":\"12103 - Lab computer 2\",\"periods_per_week\":1,\"consecutive_slots\":1}','192.168.8.17','Mozilla/5.0 (Windows NT 10.0; Win64; x64) AppleWebKit/537.36 (KHTML, like Gecko) Chrome/142.0.0.0 Safari/537.36 Edg/142.0.0.0','2025-11-14 07:56:12'),(377,7,'t00254','update','teaching_loads',451,'{\"teacher_id\":87,\"subject_id\":13,\"class_id\":4,\"room_id\":null,\"periods_per_week\":1,\"consecutive_slots\":1}','{\"teacher_id\":87,\"teacher_name\":\"ธนา บุญชู\",\"subject_id\":13,\"subject_name\":\"เทคโนโลยี - เทคโนโลยี\",\"class_id\":4,\"class_name\":\"ม1\\/4\",\"room_id\":64,\"room_name\":\"12103 - Lab computer 2\",\"periods_per_week\":1,\"consecutive_slots\":1}','192.168.8.17','Mozilla/5.0 (Windows NT 10.0; Win64; x64) AppleWebKit/537.36 (KHTML, like Gecko) Chrome/142.0.0.0 Safari/537.36 Edg/142.0.0.0','2025-11-14 07:56:14'),(378,7,'t00254','update','teaching_loads',452,'{\"teacher_id\":87,\"subject_id\":13,\"class_id\":5,\"room_id\":null,\"periods_per_week\":1,\"consecutive_slots\":1}','{\"teacher_id\":87,\"teacher_name\":\"ธนา บุญชู\",\"subject_id\":13,\"subject_name\":\"เทคโนโลยี - เทคโนโลยี\",\"class_id\":5,\"class_name\":\"ม1\\/5\",\"room_id\":64,\"room_name\":\"12103 - Lab computer 2\",\"periods_per_week\":1,\"consecutive_slots\":1}','192.168.8.17','Mozilla/5.0 (Windows NT 10.0; Win64; x64) AppleWebKit/537.36 (KHTML, like Gecko) Chrome/142.0.0.0 Safari/537.36 Edg/142.0.0.0','2025-11-14 07:56:17'),(379,7,'t00254','update','teaching_loads',453,'{\"teacher_id\":87,\"subject_id\":13,\"class_id\":17,\"room_id\":null,\"periods_per_week\":1,\"consecutive_slots\":1}','{\"teacher_id\":87,\"teacher_name\":\"ธนา บุญชู\",\"subject_id\":13,\"subject_name\":\"เทคโนโลยี - เทคโนโลยี\",\"class_id\":17,\"class_name\":\"ม2\\/1\",\"room_id\":64,\"room_name\":\"12103 - Lab computer 2\",\"periods_per_week\":1,\"consecutive_slots\":1}','192.168.8.17','Mozilla/5.0 (Windows NT 10.0; Win64; x64) AppleWebKit/537.36 (KHTML, like Gecko) Chrome/142.0.0.0 Safari/537.36 Edg/142.0.0.0','2025-11-14 07:56:19'),(380,7,'t00254','update','teaching_loads',454,'{\"teacher_id\":87,\"subject_id\":13,\"class_id\":18,\"room_id\":null,\"periods_per_week\":1,\"consecutive_slots\":1}','{\"teacher_id\":87,\"teacher_name\":\"ธนา บุญชู\",\"subject_id\":13,\"subject_name\":\"เทคโนโลยี - เทคโนโลยี\",\"class_id\":18,\"class_name\":\"ม2\\/2\",\"room_id\":64,\"room_name\":\"12103 - Lab computer 2\",\"periods_per_week\":1,\"consecutive_slots\":1}','192.168.8.17','Mozilla/5.0 (Windows NT 10.0; Win64; x64) AppleWebKit/537.36 (KHTML, like Gecko) Chrome/142.0.0.0 Safari/537.36 Edg/142.0.0.0','2025-11-14 07:56:22'),(381,7,'t00254','update','teaching_loads',455,'{\"teacher_id\":87,\"subject_id\":13,\"class_id\":19,\"room_id\":null,\"periods_per_week\":1,\"consecutive_slots\":1}','{\"teacher_id\":87,\"teacher_name\":\"ธนา บุญชู\",\"subject_id\":13,\"subject_name\":\"เทคโนโลยี - เทคโนโลยี\",\"class_id\":19,\"class_name\":\"ม2\\/3\",\"room_id\":64,\"room_name\":\"12103 - Lab computer 2\",\"periods_per_week\":1,\"consecutive_slots\":1}','192.168.8.17','Mozilla/5.0 (Windows NT 10.0; Win64; x64) AppleWebKit/537.36 (KHTML, like Gecko) Chrome/142.0.0.0 Safari/537.36 Edg/142.0.0.0','2025-11-14 07:56:25'),(382,7,'t00254','update','teaching_loads',456,'{\"teacher_id\":87,\"subject_id\":13,\"class_id\":20,\"room_id\":null,\"periods_per_week\":1,\"consecutive_slots\":1}','{\"teacher_id\":87,\"teacher_name\":\"ธนา บุญชู\",\"subject_id\":13,\"subject_name\":\"เทคโนโลยี - เทคโนโลยี\",\"class_id\":20,\"class_name\":\"ม2\\/4\",\"room_id\":64,\"room_name\":\"12103 - Lab computer 2\",\"periods_per_week\":1,\"consecutive_slots\":1}','192.168.8.17','Mozilla/5.0 (Windows NT 10.0; Win64; x64) AppleWebKit/537.36 (KHTML, like Gecko) Chrome/142.0.0.0 Safari/537.36 Edg/142.0.0.0','2025-11-14 07:56:28'),(383,7,'t00254','update','teaching_loads',457,'{\"teacher_id\":87,\"subject_id\":13,\"class_id\":21,\"room_id\":null,\"periods_per_week\":1,\"consecutive_slots\":1}','{\"teacher_id\":87,\"teacher_name\":\"ธนา บุญชู\",\"subject_id\":13,\"subject_name\":\"เทคโนโลยี - เทคโนโลยี\",\"class_id\":21,\"class_name\":\"ม2\\/5\",\"room_id\":64,\"room_name\":\"12103 - Lab computer 2\",\"periods_per_week\":1,\"consecutive_slots\":1}','192.168.8.17','Mozilla/5.0 (Windows NT 10.0; Win64; x64) AppleWebKit/537.36 (KHTML, like Gecko) Chrome/142.0.0.0 Safari/537.36 Edg/142.0.0.0','2025-11-14 07:56:30'),(384,7,'t00254','update','teaching_loads',458,'{\"teacher_id\":87,\"subject_id\":13,\"class_id\":42,\"room_id\":null,\"periods_per_week\":1,\"consecutive_slots\":1}','{\"teacher_id\":87,\"teacher_name\":\"ธนา บุญชู\",\"subject_id\":13,\"subject_name\":\"เทคโนโลยี - เทคโนโลยี\",\"class_id\":42,\"class_name\":\"ม4\\/1\",\"room_id\":63,\"room_name\":\"12102 - Lab computer 1\",\"periods_per_week\":1,\"consecutive_slots\":1}','192.168.8.17','Mozilla/5.0 (Windows NT 10.0; Win64; x64) AppleWebKit/537.36 (KHTML, like Gecko) Chrome/142.0.0.0 Safari/537.36 Edg/142.0.0.0','2025-11-14 07:56:33'),(385,7,'t00254','update','teaching_loads',459,'{\"teacher_id\":87,\"subject_id\":13,\"class_id\":43,\"room_id\":null,\"periods_per_week\":1,\"consecutive_slots\":1}','{\"teacher_id\":87,\"teacher_name\":\"ธนา บุญชู\",\"subject_id\":13,\"subject_name\":\"เทคโนโลยี - เทคโนโลยี\",\"class_id\":43,\"class_name\":\"ม4\\/2\",\"room_id\":63,\"room_name\":\"12102 - Lab computer 1\",\"periods_per_week\":1,\"consecutive_slots\":1}','192.168.8.17','Mozilla/5.0 (Windows NT 10.0; Win64; x64) AppleWebKit/537.36 (KHTML, like Gecko) Chrome/142.0.0.0 Safari/537.36 Edg/142.0.0.0','2025-11-14 07:56:35'),(386,7,'t00254','update','teaching_loads',460,'{\"teacher_id\":87,\"subject_id\":13,\"class_id\":44,\"room_id\":null,\"periods_per_week\":1,\"consecutive_slots\":1}','{\"teacher_id\":87,\"teacher_name\":\"ธนา บุญชู\",\"subject_id\":13,\"subject_name\":\"เทคโนโลยี - เทคโนโลยี\",\"class_id\":44,\"class_name\":\"ม4\\/3\",\"room_id\":63,\"room_name\":\"12102 - Lab computer 1\",\"periods_per_week\":1,\"consecutive_slots\":1}','192.168.8.17','Mozilla/5.0 (Windows NT 10.0; Win64; x64) AppleWebKit/537.36 (KHTML, like Gecko) Chrome/142.0.0.0 Safari/537.36 Edg/142.0.0.0','2025-11-14 07:56:38'),(387,7,'t00254','update','teaching_loads',461,'{\"teacher_id\":87,\"subject_id\":13,\"class_id\":45,\"room_id\":null,\"periods_per_week\":1,\"consecutive_slots\":1}','{\"teacher_id\":87,\"teacher_name\":\"ธนา บุญชู\",\"subject_id\":13,\"subject_name\":\"เทคโนโลยี - เทคโนโลยี\",\"class_id\":45,\"class_name\":\"ม4\\/4\",\"room_id\":63,\"room_name\":\"12102 - Lab computer 1\",\"periods_per_week\":1,\"consecutive_slots\":1}','192.168.8.17','Mozilla/5.0 (Windows NT 10.0; Win64; x64) AppleWebKit/537.36 (KHTML, like Gecko) Chrome/142.0.0.0 Safari/537.36 Edg/142.0.0.0','2025-11-14 07:56:42'),(388,7,'t00254','update','teaching_loads',462,'{\"teacher_id\":86,\"subject_id\":13,\"class_id\":42,\"room_id\":null,\"periods_per_week\":1,\"consecutive_slots\":1}','{\"teacher_id\":86,\"teacher_name\":\"จิรายุ คุ้มถนอม\",\"subject_id\":13,\"subject_name\":\"เทคโนโลยี - เทคโนโลยี\",\"class_id\":42,\"class_name\":\"ม4\\/1\",\"room_id\":63,\"room_name\":\"12102 - Lab computer 1\",\"periods_per_week\":1,\"consecutive_slots\":1}','192.168.8.17','Mozilla/5.0 (Windows NT 10.0; Win64; x64) AppleWebKit/537.36 (KHTML, like Gecko) Chrome/142.0.0.0 Safari/537.36 Edg/142.0.0.0','2025-11-14 07:56:49'),(389,7,'t00254','update','teaching_loads',463,'{\"teacher_id\":86,\"subject_id\":13,\"class_id\":43,\"room_id\":null,\"periods_per_week\":1,\"consecutive_slots\":1}','{\"teacher_id\":86,\"teacher_name\":\"จิรายุ คุ้มถนอม\",\"subject_id\":13,\"subject_name\":\"เทคโนโลยี - เทคโนโลยี\",\"class_id\":43,\"class_name\":\"ม4\\/2\",\"room_id\":63,\"room_name\":\"12102 - Lab computer 1\",\"periods_per_week\":1,\"consecutive_slots\":1}','192.168.8.17','Mozilla/5.0 (Windows NT 10.0; Win64; x64) AppleWebKit/537.36 (KHTML, like Gecko) Chrome/142.0.0.0 Safari/537.36 Edg/142.0.0.0','2025-11-14 07:56:52'),(390,7,'t00254','update','teaching_loads',464,'{\"teacher_id\":86,\"subject_id\":13,\"class_id\":44,\"room_id\":null,\"periods_per_week\":1,\"consecutive_slots\":1}','{\"teacher_id\":86,\"teacher_name\":\"จิรายุ คุ้มถนอม\",\"subject_id\":13,\"subject_name\":\"เทคโนโลยี - เทคโนโลยี\",\"class_id\":44,\"class_name\":\"ม4\\/3\",\"room_id\":63,\"room_name\":\"12102 - Lab computer 1\",\"periods_per_week\":1,\"consecutive_slots\":1}','192.168.8.17','Mozilla/5.0 (Windows NT 10.0; Win64; x64) AppleWebKit/537.36 (KHTML, like Gecko) Chrome/142.0.0.0 Safari/537.36 Edg/142.0.0.0','2025-11-14 07:56:54'),(391,7,'t00254','update','teaching_loads',465,'{\"teacher_id\":86,\"subject_id\":13,\"class_id\":45,\"room_id\":null,\"periods_per_week\":1,\"consecutive_slots\":1}','{\"teacher_id\":86,\"teacher_name\":\"จิรายุ คุ้มถนอม\",\"subject_id\":13,\"subject_name\":\"เทคโนโลยี - เทคโนโลยี\",\"class_id\":45,\"class_name\":\"ม4\\/4\",\"room_id\":63,\"room_name\":\"12102 - Lab computer 1\",\"periods_per_week\":1,\"consecutive_slots\":1}','192.168.8.17','Mozilla/5.0 (Windows NT 10.0; Win64; x64) AppleWebKit/537.36 (KHTML, like Gecko) Chrome/142.0.0.0 Safari/537.36 Edg/142.0.0.0','2025-11-14 07:56:56'),(392,7,'t00254','update','teaching_loads',466,'{\"teacher_id\":86,\"subject_id\":13,\"class_id\":46,\"room_id\":null,\"periods_per_week\":1,\"consecutive_slots\":1}','{\"teacher_id\":86,\"teacher_name\":\"จิรายุ คุ้มถนอม\",\"subject_id\":13,\"subject_name\":\"เทคโนโลยี - เทคโนโลยี\",\"class_id\":46,\"class_name\":\"ม5\\/1\",\"room_id\":63,\"room_name\":\"12102 - Lab computer 1\",\"periods_per_week\":1,\"consecutive_slots\":1}','192.168.8.17','Mozilla/5.0 (Windows NT 10.0; Win64; x64) AppleWebKit/537.36 (KHTML, like Gecko) Chrome/142.0.0.0 Safari/537.36 Edg/142.0.0.0','2025-11-14 07:56:58'),(393,7,'t00254','update','teaching_loads',467,'{\"teacher_id\":86,\"subject_id\":13,\"class_id\":47,\"room_id\":null,\"periods_per_week\":1,\"consecutive_slots\":1}','{\"teacher_id\":86,\"teacher_name\":\"จิรายุ คุ้มถนอม\",\"subject_id\":13,\"subject_name\":\"เทคโนโลยี - เทคโนโลยี\",\"class_id\":47,\"class_name\":\"ม5\\/2\",\"room_id\":63,\"room_name\":\"12102 - Lab computer 1\",\"periods_per_week\":1,\"consecutive_slots\":1}','192.168.8.17','Mozilla/5.0 (Windows NT 10.0; Win64; x64) AppleWebKit/537.36 (KHTML, like Gecko) Chrome/142.0.0.0 Safari/537.36 Edg/142.0.0.0','2025-11-14 07:57:01'),(394,7,'t00254','update','teaching_loads',468,'{\"teacher_id\":86,\"subject_id\":13,\"class_id\":48,\"room_id\":null,\"periods_per_week\":1,\"consecutive_slots\":1}','{\"teacher_id\":86,\"teacher_name\":\"จิรายุ คุ้มถนอม\",\"subject_id\":13,\"subject_name\":\"เทคโนโลยี - เทคโนโลยี\",\"class_id\":48,\"class_name\":\"ม5\\/3\",\"room_id\":63,\"room_name\":\"12102 - Lab computer 1\",\"periods_per_week\":1,\"consecutive_slots\":1}','192.168.8.17','Mozilla/5.0 (Windows NT 10.0; Win64; x64) AppleWebKit/537.36 (KHTML, like Gecko) Chrome/142.0.0.0 Safari/537.36 Edg/142.0.0.0','2025-11-14 07:57:03'),(395,7,'t00254','update','teaching_loads',469,'{\"teacher_id\":86,\"subject_id\":13,\"class_id\":49,\"room_id\":null,\"periods_per_week\":1,\"consecutive_slots\":1}','{\"teacher_id\":86,\"teacher_name\":\"จิรายุ คุ้มถนอม\",\"subject_id\":13,\"subject_name\":\"เทคโนโลยี - เทคโนโลยี\",\"class_id\":49,\"class_name\":\"ม5\\/4\",\"room_id\":63,\"room_name\":\"12102 - Lab computer 1\",\"periods_per_week\":1,\"consecutive_slots\":1}','192.168.8.17','Mozilla/5.0 (Windows NT 10.0; Win64; x64) AppleWebKit/537.36 (KHTML, like Gecko) Chrome/142.0.0.0 Safari/537.36 Edg/142.0.0.0','2025-11-14 07:57:05'),(396,7,'t00254','add_timetable_slot','timetable_slots',NULL,NULL,'{\"view\":\"teacher\",\"year_label\":\"2568\",\"term_no\":2,\"class_name\":\"ม2\\/2\",\"day_of_week\":\"จันทร์\",\"period_start\":1,\"period_end\":1,\"span\":1,\"subject\":\"เทคโนโลยี - เทคโนโลยี\",\"teachers\":[\"ธนา บุญชู\"],\"room_name\":\"Lab computer 2\",\"source\":\"manual\",\"slot_ids\":[3117],\"forced\":\"no\"}','192.168.8.17','Mozilla/5.0 (Windows NT 10.0; Win64; x64) AppleWebKit/537.36 (KHTML, like Gecko) Chrome/142.0.0.0 Safari/537.36 Edg/142.0.0.0','2025-11-14 07:57:18'),(397,7,'t00254','add_timetable_slot','timetable_slots',NULL,NULL,'{\"view\":\"teacher\",\"year_label\":\"2568\",\"term_no\":2,\"class_name\":\"ม2\\/3\",\"day_of_week\":\"จันทร์\",\"period_start\":2,\"period_end\":2,\"span\":1,\"subject\":\"เทคโนโลยี - เทคโนโลยี\",\"teachers\":[\"ธนา บุญชู\"],\"room_name\":\"Lab computer 2\",\"source\":\"manual\",\"slot_ids\":[3118],\"forced\":\"no\"}','192.168.8.17','Mozilla/5.0 (Windows NT 10.0; Win64; x64) AppleWebKit/537.36 (KHTML, like Gecko) Chrome/142.0.0.0 Safari/537.36 Edg/142.0.0.0','2025-11-14 07:57:45'),(398,7,'t00254','add_timetable_slot','timetable_slots',NULL,NULL,'{\"view\":\"teacher\",\"year_label\":\"2568\",\"term_no\":2,\"class_name\":\"ม2\\/4\",\"day_of_week\":\"จันทร์\",\"period_start\":3,\"period_end\":3,\"span\":1,\"subject\":\"เทคโนโลยี - เทคโนโลยี\",\"teachers\":[\"ธนา บุญชู\"],\"room_name\":\"Lab computer 2\",\"source\":\"manual\",\"slot_ids\":[3119],\"forced\":\"no\"}','192.168.8.17','Mozilla/5.0 (Windows NT 10.0; Win64; x64) AppleWebKit/537.36 (KHTML, like Gecko) Chrome/142.0.0.0 Safari/537.36 Edg/142.0.0.0','2025-11-14 07:57:49'),(399,7,'t00254','add_timetable_slot','timetable_slots',NULL,NULL,'{\"view\":\"teacher\",\"year_label\":\"2568\",\"term_no\":2,\"class_name\":\"ม1\\/1\",\"day_of_week\":\"อังคาร\",\"period_start\":6,\"period_end\":6,\"span\":1,\"subject\":\"เทคโนโลยี - เทคโนโลยี\",\"teachers\":[\"ธนา บุญชู\"],\"room_name\":\"Lab computer 2\",\"source\":\"manual\",\"slot_ids\":[3120],\"forced\":\"no\"}','192.168.8.17','Mozilla/5.0 (Windows NT 10.0; Win64; x64) AppleWebKit/537.36 (KHTML, like Gecko) Chrome/142.0.0.0 Safari/537.36 Edg/142.0.0.0','2025-11-14 07:57:53'),(400,7,'t00254','add_timetable_slot','timetable_slots',NULL,NULL,'{\"view\":\"teacher\",\"year_label\":\"2568\",\"term_no\":2,\"class_name\":\"ม1\\/2\",\"day_of_week\":\"อังคาร\",\"period_start\":8,\"period_end\":8,\"span\":1,\"subject\":\"เทคโนโลยี - เทคโนโลยี\",\"teachers\":[\"ธนา บุญชู\"],\"room_name\":\"Lab computer 2\",\"source\":\"manual\",\"slot_ids\":[3121],\"forced\":\"no\"}','192.168.8.17','Mozilla/5.0 (Windows NT 10.0; Win64; x64) AppleWebKit/537.36 (KHTML, like Gecko) Chrome/142.0.0.0 Safari/537.36 Edg/142.0.0.0','2025-11-14 07:57:57'),(401,7,'t00254','add_timetable_slot','timetable_slots',NULL,NULL,'{\"view\":\"teacher\",\"year_label\":\"2568\",\"term_no\":2,\"class_name\":\"ม4\\/1\",\"day_of_week\":\"อังคาร\",\"period_start\":9,\"period_end\":9,\"span\":1,\"subject\":\"เทคโนโลยี - เทคโนโลยี\",\"teachers\":[\"จิรายุ คุ้มถนอม\",\"ธนา บุญชู\"],\"room_name\":\"Lab computer 1\",\"source\":\"manual\",\"slot_ids\":[3122],\"forced\":\"no\"}','192.168.8.17','Mozilla/5.0 (Windows NT 10.0; Win64; x64) AppleWebKit/537.36 (KHTML, like Gecko) Chrome/142.0.0.0 Safari/537.36 Edg/142.0.0.0','2025-11-14 07:58:01'),(402,7,'t00254','add_timetable_slot','timetable_slots',NULL,NULL,'{\"view\":\"teacher\",\"year_label\":\"2568\",\"term_no\":2,\"class_name\":\"ม2\\/1\",\"day_of_week\":\"พุธ\",\"period_start\":6,\"period_end\":6,\"span\":1,\"subject\":\"เทคโนโลยี - เทคโนโลยี\",\"teachers\":[\"ธนา บุญชู\"],\"room_name\":\"Lab computer 2\",\"source\":\"manual\",\"slot_ids\":[3123],\"forced\":\"no\"}','192.168.8.17','Mozilla/5.0 (Windows NT 10.0; Win64; x64) AppleWebKit/537.36 (KHTML, like Gecko) Chrome/142.0.0.0 Safari/537.36 Edg/142.0.0.0','2025-11-14 07:58:11'),(403,7,'t00254','add_timetable_slot','timetable_slots',NULL,NULL,'{\"view\":\"teacher\",\"year_label\":\"2568\",\"term_no\":2,\"class_name\":\"ม1\\/3\",\"day_of_week\":\"พฤหัสบดี\",\"period_start\":2,\"period_end\":2,\"span\":1,\"subject\":\"เทคโนโลยี - เทคโนโลยี\",\"teachers\":[\"ธนา บุญชู\"],\"room_name\":\"Lab computer 2\",\"source\":\"manual\",\"slot_ids\":[3124],\"forced\":\"no\"}','192.168.8.17','Mozilla/5.0 (Windows NT 10.0; Win64; x64) AppleWebKit/537.36 (KHTML, like Gecko) Chrome/142.0.0.0 Safari/537.36 Edg/142.0.0.0','2025-11-14 07:58:18'),(404,7,'t00254','add_timetable_slot','timetable_slots',NULL,NULL,'{\"view\":\"teacher\",\"year_label\":\"2568\",\"term_no\":2,\"class_name\":\"ม1\\/4\",\"day_of_week\":\"พฤหัสบดี\",\"period_start\":3,\"period_end\":3,\"span\":1,\"subject\":\"เทคโนโลยี - เทคโนโลยี\",\"teachers\":[\"ธนา บุญชู\"],\"room_name\":\"Lab computer 2\",\"source\":\"manual\",\"slot_ids\":[3125],\"forced\":\"no\"}','192.168.8.17','Mozilla/5.0 (Windows NT 10.0; Win64; x64) AppleWebKit/537.36 (KHTML, like Gecko) Chrome/142.0.0.0 Safari/537.36 Edg/142.0.0.0','2025-11-14 07:58:21'),(405,7,'t00254','add_timetable_slot','timetable_slots',NULL,NULL,'{\"view\":\"teacher\",\"year_label\":\"2568\",\"term_no\":2,\"class_name\":\"ม1\\/5\",\"day_of_week\":\"พฤหัสบดี\",\"period_start\":6,\"period_end\":6,\"span\":1,\"subject\":\"เทคโนโลยี - เทคโนโลยี\",\"teachers\":[\"ธนา บุญชู\"],\"room_name\":\"Lab computer 2\",\"source\":\"manual\",\"slot_ids\":[3126],\"forced\":\"no\"}','192.168.8.17','Mozilla/5.0 (Windows NT 10.0; Win64; x64) AppleWebKit/537.36 (KHTML, like Gecko) Chrome/142.0.0.0 Safari/537.36 Edg/142.0.0.0','2025-11-14 07:58:26'),(406,7,'t00254','add_timetable_slot','timetable_slots',NULL,NULL,'{\"view\":\"teacher\",\"year_label\":\"2568\",\"term_no\":2,\"class_name\":\"ม2\\/5\",\"day_of_week\":\"พฤหัสบดี\",\"period_start\":7,\"period_end\":7,\"span\":1,\"subject\":\"เทคโนโลยี - เทคโนโลยี\",\"teachers\":[\"ธนา บุญชู\"],\"room_name\":\"Lab computer 2\",\"source\":\"manual\",\"slot_ids\":[3127],\"forced\":\"no\"}','192.168.8.17','Mozilla/5.0 (Windows NT 10.0; Win64; x64) AppleWebKit/537.36 (KHTML, like Gecko) Chrome/142.0.0.0 Safari/537.36 Edg/142.0.0.0','2025-11-14 07:58:29'),(407,7,'t00254','add_timetable_slot','timetable_slots',NULL,NULL,'{\"view\":\"teacher\",\"year_label\":\"2568\",\"term_no\":2,\"class_name\":\"ม4\\/2\",\"day_of_week\":\"ศุกร์\",\"period_start\":1,\"period_end\":1,\"span\":1,\"subject\":\"เทคโนโลยี - เทคโนโลยี\",\"teachers\":[\"จิรายุ คุ้มถนอม\",\"ธนา บุญชู\"],\"room_name\":\"Lab computer 1\",\"source\":\"manual\",\"slot_ids\":[3128],\"forced\":\"no\"}','192.168.8.17','Mozilla/5.0 (Windows NT 10.0; Win64; x64) AppleWebKit/537.36 (KHTML, like Gecko) Chrome/142.0.0.0 Safari/537.36 Edg/142.0.0.0','2025-11-14 07:59:18'),(408,7,'t00254','add_timetable_slot','timetable_slots',NULL,NULL,'{\"view\":\"teacher\",\"year_label\":\"2568\",\"term_no\":2,\"class_name\":\"ม4\\/3\",\"day_of_week\":\"ศุกร์\",\"period_start\":3,\"period_end\":3,\"span\":1,\"subject\":\"เทคโนโลยี - เทคโนโลยี\",\"teachers\":[\"จิรายุ คุ้มถนอม\",\"ธนา บุญชู\"],\"room_name\":\"Lab computer 1\",\"source\":\"manual\",\"slot_ids\":[3129],\"forced\":\"no\"}','192.168.8.17','Mozilla/5.0 (Windows NT 10.0; Win64; x64) AppleWebKit/537.36 (KHTML, like Gecko) Chrome/142.0.0.0 Safari/537.36 Edg/142.0.0.0','2025-11-14 07:59:27'),(409,7,'t00254','add_timetable_slot','timetable_slots',NULL,NULL,'{\"view\":\"teacher\",\"year_label\":\"2568\",\"term_no\":2,\"class_name\":\"ม4\\/4\",\"day_of_week\":\"ศุกร์\",\"period_start\":6,\"period_end\":6,\"span\":1,\"subject\":\"เทคโนโลยี - เทคโนโลยี\",\"teachers\":[\"จิรายุ คุ้มถนอม\",\"ธนา บุญชู\"],\"room_name\":\"Lab computer 1\",\"source\":\"manual\",\"slot_ids\":[3130],\"forced\":\"no\"}','192.168.8.17','Mozilla/5.0 (Windows NT 10.0; Win64; x64) AppleWebKit/537.36 (KHTML, like Gecko) Chrome/142.0.0.0 Safari/537.36 Edg/142.0.0.0','2025-11-14 07:59:31'),(410,7,'t00254','create_loads','teaching_loads',NULL,NULL,'{\"year_label\":\"2568\",\"term_no\":2,\"teacher_name\":\"พรพจน์ พฤกษานันท์\",\"subject\":\"เทคโนโลยี - เทคโนโลยี\",\"classes\":[\"ม3\\/1\",\"ม3\\/2\",\"ม3\\/3\",\"ม3\\/4\",\"ม3\\/5\",\"ม5\\/1\",\"ม5\\/2\",\"ม5\\/3\",\"ม5\\/4\",\"ม6\\/1\",\"ม6\\/2\",\"ม6\\/3\",\"ม6\\/4\"],\"room_name\":\"12102 - Lab computer 1\",\"periods_per_week\":1,\"consecutive_slots\":1,\"inserted\":13,\"updated\":0,\"created_ids\":[470,471,472,473,474,475,476,477,478,479,480,481,482]}','192.168.8.17','Mozilla/5.0 (Windows NT 10.0; Win64; x64) AppleWebKit/537.36 (KHTML, like Gecko) Chrome/142.0.0.0 Safari/537.36 Edg/142.0.0.0','2025-11-14 08:01:24'),(411,7,'t00254','create_loads','teaching_loads',NULL,NULL,'{\"year_label\":\"2568\",\"term_no\":2,\"teacher_name\":\"พรพจน์ พฤกษานันท์\",\"subject\":\"QQ English - QQ English\",\"classes\":[\"ม3\\/1\",\"ม3\\/2\",\"ม3\\/3\",\"ม3\\/4\",\"ม3\\/5\"],\"room_name\":\"12103 - Lab computer 2\",\"periods_per_week\":1,\"consecutive_slots\":1,\"inserted\":5,\"updated\":0,\"created_ids\":[483,484,485,486,487]}','192.168.8.17','Mozilla/5.0 (Windows NT 10.0; Win64; x64) AppleWebKit/537.36 (KHTML, like Gecko) Chrome/142.0.0.0 Safari/537.36 Edg/142.0.0.0','2025-11-14 08:01:59'),(412,7,'t00254','create_loads','teaching_loads',NULL,NULL,'{\"year_label\":\"2568\",\"term_no\":2,\"teacher_name\":\"พรพจน์ พฤกษานันท์\",\"subject\":\"QQ English - QQ English\",\"classes\":[\"ม6\\/1\",\"ม6\\/2\",\"ม6\\/3\",\"ม6\\/4\"],\"room_name\":\"12102 - Lab computer 1\",\"periods_per_week\":1,\"consecutive_slots\":1,\"inserted\":4,\"updated\":0,\"created_ids\":[488,489,490,491]}','192.168.8.17','Mozilla/5.0 (Windows NT 10.0; Win64; x64) AppleWebKit/537.36 (KHTML, like Gecko) Chrome/142.0.0.0 Safari/537.36 Edg/142.0.0.0','2025-11-14 08:02:16'),(413,7,'t00254','add_timetable_slot','timetable_slots',NULL,NULL,'{\"view\":\"teacher\",\"year_label\":\"2568\",\"term_no\":2,\"class_name\":\"ม3\\/1\",\"day_of_week\":\"จันทร์\",\"period_start\":2,\"period_end\":2,\"span\":1,\"subject\":\"เทคโนโลยี - เทคโนโลยี\",\"teachers\":[\"พรพจน์ พฤกษานันท์\"],\"room_name\":\"Lab computer 1\",\"source\":\"manual\",\"slot_ids\":[3131],\"forced\":\"no\"}','192.168.8.17','Mozilla/5.0 (Windows NT 10.0; Win64; x64) AppleWebKit/537.36 (KHTML, like Gecko) Chrome/142.0.0.0 Safari/537.36 Edg/142.0.0.0','2025-11-14 08:03:46'),(414,7,'t00254','add_timetable_slot','timetable_slots',NULL,NULL,'{\"view\":\"teacher\",\"year_label\":\"2568\",\"term_no\":2,\"class_name\":\"ม3\\/2\",\"day_of_week\":\"จันทร์\",\"period_start\":3,\"period_end\":3,\"span\":1,\"subject\":\"เทคโนโลยี - เทคโนโลยี\",\"teachers\":[\"พรพจน์ พฤกษานันท์\"],\"room_name\":\"Lab computer 1\",\"source\":\"manual\",\"slot_ids\":[3132],\"forced\":\"no\"}','192.168.8.17','Mozilla/5.0 (Windows NT 10.0; Win64; x64) AppleWebKit/537.36 (KHTML, like Gecko) Chrome/142.0.0.0 Safari/537.36 Edg/142.0.0.0','2025-11-14 08:03:55'),(415,7,'t00254','add_timetable_slot','timetable_slots',NULL,NULL,'{\"view\":\"teacher\",\"year_label\":\"2568\",\"term_no\":2,\"class_name\":\"ม3\\/3\",\"day_of_week\":\"จันทร์\",\"period_start\":6,\"period_end\":6,\"span\":1,\"subject\":\"เทคโนโลยี - เทคโนโลยี\",\"teachers\":[\"พรพจน์ พฤกษานันท์\"],\"room_name\":\"Lab computer 1\",\"source\":\"manual\",\"slot_ids\":[3133],\"forced\":\"no\"}','192.168.8.17','Mozilla/5.0 (Windows NT 10.0; Win64; x64) AppleWebKit/537.36 (KHTML, like Gecko) Chrome/142.0.0.0 Safari/537.36 Edg/142.0.0.0','2025-11-14 08:04:08'),(416,7,'t00254','add_timetable_slot','timetable_slots',NULL,NULL,'{\"view\":\"teacher\",\"year_label\":\"2568\",\"term_no\":2,\"class_name\":\"ม3\\/4\",\"day_of_week\":\"จันทร์\",\"period_start\":7,\"period_end\":7,\"span\":1,\"subject\":\"เทคโนโลยี - เทคโนโลยี\",\"teachers\":[\"พรพจน์ พฤกษานันท์\"],\"room_name\":\"Lab computer 1\",\"source\":\"manual\",\"slot_ids\":[3134],\"forced\":\"no\"}','192.168.8.17','Mozilla/5.0 (Windows NT 10.0; Win64; x64) AppleWebKit/537.36 (KHTML, like Gecko) Chrome/142.0.0.0 Safari/537.36 Edg/142.0.0.0','2025-11-14 08:04:14'),(417,7,'t00254','add_timetable_slot','timetable_slots',NULL,NULL,'{\"view\":\"teacher\",\"year_label\":\"2568\",\"term_no\":2,\"class_name\":\"ม3\\/5\",\"day_of_week\":\"อังคาร\",\"period_start\":8,\"period_end\":8,\"span\":1,\"subject\":\"เทคโนโลยี - เทคโนโลยี\",\"teachers\":[\"พรพจน์ พฤกษานันท์\"],\"room_name\":\"Lab computer 1\",\"source\":\"manual\",\"slot_ids\":[3135],\"forced\":\"no\"}','192.168.8.17','Mozilla/5.0 (Windows NT 10.0; Win64; x64) AppleWebKit/537.36 (KHTML, like Gecko) Chrome/142.0.0.0 Safari/537.36 Edg/142.0.0.0','2025-11-14 08:04:29'),(418,7,'t00254','add_timetable_slot','timetable_slots',NULL,NULL,'{\"view\":\"teacher\",\"year_label\":\"2568\",\"term_no\":2,\"class_name\":\"ม6\\/1\",\"day_of_week\":\"พุธ\",\"period_start\":1,\"period_end\":1,\"span\":1,\"subject\":\"เทคโนโลยี - เทคโนโลยี\",\"teachers\":[\"พรพจน์ พฤกษานันท์\"],\"room_name\":\"Lab computer 1\",\"source\":\"manual\",\"slot_ids\":[3136],\"forced\":\"no\"}','192.168.8.17','Mozilla/5.0 (Windows NT 10.0; Win64; x64) AppleWebKit/537.36 (KHTML, like Gecko) Chrome/142.0.0.0 Safari/537.36 Edg/142.0.0.0','2025-11-14 08:04:40'),(419,7,'t00254','add_timetable_slot','timetable_slots',NULL,NULL,'{\"view\":\"teacher\",\"year_label\":\"2568\",\"term_no\":2,\"class_name\":\"ม6\\/1\",\"day_of_week\":\"พุธ\",\"period_start\":2,\"period_end\":2,\"span\":1,\"subject\":\"QQ English - QQ English\",\"teachers\":[\"พรพจน์ พฤกษานันท์\"],\"room_name\":\"Lab computer 1\",\"source\":\"manual\",\"slot_ids\":[3137],\"forced\":\"no\"}','192.168.8.17','Mozilla/5.0 (Windows NT 10.0; Win64; x64) AppleWebKit/537.36 (KHTML, like Gecko) Chrome/142.0.0.0 Safari/537.36 Edg/142.0.0.0','2025-11-14 08:04:48'),(420,7,'t00254','add_timetable_slot','timetable_slots',NULL,NULL,'{\"view\":\"teacher\",\"year_label\":\"2568\",\"term_no\":2,\"class_name\":\"ม6\\/2\",\"day_of_week\":\"พุธ\",\"period_start\":3,\"period_end\":3,\"span\":1,\"subject\":\"เทคโนโลยี - เทคโนโลยี\",\"teachers\":[\"พรพจน์ พฤกษานันท์\"],\"room_name\":\"Lab computer 1\",\"source\":\"manual\",\"slot_ids\":[3138],\"forced\":\"no\"}','192.168.8.17','Mozilla/5.0 (Windows NT 10.0; Win64; x64) AppleWebKit/537.36 (KHTML, like Gecko) Chrome/142.0.0.0 Safari/537.36 Edg/142.0.0.0','2025-11-14 08:05:20'),(421,7,'t00254','add_timetable_slot','timetable_slots',NULL,NULL,'{\"view\":\"teacher\",\"year_label\":\"2568\",\"term_no\":2,\"class_name\":\"ม6\\/2\",\"day_of_week\":\"พุธ\",\"period_start\":4,\"period_end\":4,\"span\":1,\"subject\":\"QQ English - QQ English\",\"teachers\":[\"พรพจน์ พฤกษานันท์\"],\"room_name\":\"Lab computer 1\",\"source\":\"manual\",\"slot_ids\":[3139],\"forced\":\"no\"}','192.168.8.17','Mozilla/5.0 (Windows NT 10.0; Win64; x64) AppleWebKit/537.36 (KHTML, like Gecko) Chrome/142.0.0.0 Safari/537.36 Edg/142.0.0.0','2025-11-14 08:05:33'),(422,7,'t00254','add_timetable_slot','timetable_slots',NULL,NULL,'{\"view\":\"teacher\",\"year_label\":\"2568\",\"term_no\":2,\"class_name\":\"ม6\\/3\",\"day_of_week\":\"พุธ\",\"period_start\":5,\"period_end\":5,\"span\":1,\"subject\":\"เทคโนโลยี - เทคโนโลยี\",\"teachers\":[\"พรพจน์ พฤกษานันท์\"],\"room_name\":\"Lab computer 1\",\"source\":\"manual\",\"slot_ids\":[3140],\"forced\":\"no\"}','192.168.8.17','Mozilla/5.0 (Windows NT 10.0; Win64; x64) AppleWebKit/537.36 (KHTML, like Gecko) Chrome/142.0.0.0 Safari/537.36 Edg/142.0.0.0','2025-11-14 08:05:50'),(423,7,'t00254','add_timetable_slot','timetable_slots',NULL,NULL,'{\"view\":\"teacher\",\"year_label\":\"2568\",\"term_no\":2,\"class_name\":\"ม6\\/3\",\"day_of_week\":\"พุธ\",\"period_start\":7,\"period_end\":7,\"span\":1,\"subject\":\"QQ English - QQ English\",\"teachers\":[\"พรพจน์ พฤกษานันท์\"],\"room_name\":\"Lab computer 1\",\"source\":\"manual\",\"slot_ids\":[3141],\"forced\":\"no\"}','192.168.8.17','Mozilla/5.0 (Windows NT 10.0; Win64; x64) AppleWebKit/537.36 (KHTML, like Gecko) Chrome/142.0.0.0 Safari/537.36 Edg/142.0.0.0','2025-11-14 08:05:56'),(424,7,'t00254','add_timetable_slot','timetable_slots',NULL,NULL,'{\"view\":\"teacher\",\"year_label\":\"2568\",\"term_no\":2,\"class_name\":\"ม6\\/4\",\"day_of_week\":\"พุธ\",\"period_start\":8,\"period_end\":8,\"span\":1,\"subject\":\"เทคโนโลยี - เทคโนโลยี\",\"teachers\":[\"พรพจน์ พฤกษานันท์\"],\"room_name\":\"Lab computer 1\",\"source\":\"manual\",\"slot_ids\":[3142],\"forced\":\"no\"}','192.168.8.17','Mozilla/5.0 (Windows NT 10.0; Win64; x64) AppleWebKit/537.36 (KHTML, like Gecko) Chrome/142.0.0.0 Safari/537.36 Edg/142.0.0.0','2025-11-14 08:06:06'),(425,6,'t00241','add_timetable_slot','timetable_slots',NULL,NULL,'{\"view\":\"teacher\",\"year_label\":\"2568\",\"term_no\":2,\"class_name\":\"ม5\\/1\",\"day_of_week\":\"-\",\"period_start\":1,\"period_end\":2,\"span\":2,\"subject\":\"เคมี - เคมี\",\"teachers\":[\"อ.ศักดิ์ชัย .\"],\"room_name\":\"-\",\"source\":\"manual\",\"slot_ids\":[3143,3144],\"forced\":\"no\"}','192.168.8.4','Mozilla/5.0 (Windows NT 10.0; Win64; x64) AppleWebKit/537.36 (KHTML, like Gecko) Chrome/141.0.0.0 Safari/537.36 Edg/141.0.0.0','2025-11-14 08:06:09'),(426,7,'t00254','add_timetable_slot','timetable_slots',NULL,NULL,'{\"view\":\"teacher\",\"year_label\":\"2568\",\"term_no\":2,\"class_name\":\"ม6\\/4\",\"day_of_week\":\"พุธ\",\"period_start\":9,\"period_end\":9,\"span\":1,\"subject\":\"QQ English - QQ English\",\"teachers\":[\"พรพจน์ พฤกษานันท์\"],\"room_name\":\"Lab computer 1\",\"source\":\"manual\",\"slot_ids\":[3145],\"forced\":\"no\"}','192.168.8.17','Mozilla/5.0 (Windows NT 10.0; Win64; x64) AppleWebKit/537.36 (KHTML, like Gecko) Chrome/142.0.0.0 Safari/537.36 Edg/142.0.0.0','2025-11-14 08:06:11'),(427,6,'t00241','add_timetable_slot','timetable_slots',NULL,NULL,'{\"view\":\"teacher\",\"year_label\":\"2568\",\"term_no\":2,\"class_name\":\"ม5\\/2\",\"day_of_week\":\"-\",\"period_start\":3,\"period_end\":4,\"span\":2,\"subject\":\"เคมี - เคมี\",\"teachers\":[\"อ.ศักดิ์ชัย .\"],\"room_name\":\"-\",\"source\":\"manual\",\"slot_ids\":[3146,3147],\"forced\":\"no\"}','192.168.8.4','Mozilla/5.0 (Windows NT 10.0; Win64; x64) AppleWebKit/537.36 (KHTML, like Gecko) Chrome/141.0.0.0 Safari/537.36 Edg/141.0.0.0','2025-11-14 08:06:13'),(428,6,'t00241','add_timetable_slot','timetable_slots',NULL,NULL,'{\"view\":\"teacher\",\"year_label\":\"2568\",\"term_no\":2,\"class_name\":\"ม5\\/3\",\"day_of_week\":\"-\",\"period_start\":5,\"period_end\":5,\"span\":1,\"subject\":\"เคมี - เคมี\",\"teachers\":[\"อ.ศักดิ์ชัย .\"],\"room_name\":\"-\",\"source\":\"manual\",\"slot_ids\":[3148],\"forced\":\"no\"}','192.168.8.4','Mozilla/5.0 (Windows NT 10.0; Win64; x64) AppleWebKit/537.36 (KHTML, like Gecko) Chrome/141.0.0.0 Safari/537.36 Edg/141.0.0.0','2025-11-14 08:06:17'),(429,6,'t00241','add_timetable_slot','timetable_slots',NULL,NULL,'{\"view\":\"teacher\",\"year_label\":\"2568\",\"term_no\":2,\"class_name\":\"ม5\\/3\",\"day_of_week\":\"-\",\"period_start\":7,\"period_end\":7,\"span\":1,\"subject\":\"เคมี - เคมี\",\"teachers\":[\"อ.ศักดิ์ชัย .\"],\"room_name\":\"-\",\"source\":\"manual\",\"slot_ids\":[3149],\"forced\":\"yes\"}','192.168.8.4','Mozilla/5.0 (Windows NT 10.0; Win64; x64) AppleWebKit/537.36 (KHTML, like Gecko) Chrome/141.0.0.0 Safari/537.36 Edg/141.0.0.0','2025-11-14 08:06:21'),(430,7,'t00254','add_timetable_slot','timetable_slots',NULL,NULL,'{\"view\":\"teacher\",\"year_label\":\"2568\",\"term_no\":2,\"class_name\":\"ม5\\/3\",\"day_of_week\":\"พฤหัสบดี\",\"period_start\":1,\"period_end\":1,\"span\":1,\"subject\":\"เทคโนโลยี - เทคโนโลยี\",\"teachers\":[\"จิรายุ คุ้มถนอม\",\"พรพจน์ พฤกษานันท์\"],\"room_name\":\"Lab computer 1\",\"source\":\"manual\",\"slot_ids\":[3150],\"forced\":\"no\"}','192.168.8.17','Mozilla/5.0 (Windows NT 10.0; Win64; x64) AppleWebKit/537.36 (KHTML, like Gecko) Chrome/142.0.0.0 Safari/537.36 Edg/142.0.0.0','2025-11-14 08:06:22'),(431,6,'t00241','add_timetable_slot','timetable_slots',NULL,NULL,'{\"view\":\"teacher\",\"year_label\":\"2568\",\"term_no\":2,\"class_name\":\"ม5\\/4\",\"day_of_week\":\"-\",\"period_start\":8,\"period_end\":9,\"span\":2,\"subject\":\"เคมี - เคมี\",\"teachers\":[\"อ.ศักดิ์ชัย .\"],\"room_name\":\"-\",\"source\":\"manual\",\"slot_ids\":[3151,3152],\"forced\":\"no\"}','192.168.8.4','Mozilla/5.0 (Windows NT 10.0; Win64; x64) AppleWebKit/537.36 (KHTML, like Gecko) Chrome/141.0.0.0 Safari/537.36 Edg/141.0.0.0','2025-11-14 08:06:25'),(432,6,'t00241','add_timetable_slot','timetable_slots',NULL,NULL,'{\"view\":\"teacher\",\"year_label\":\"2568\",\"term_no\":2,\"class_name\":\"ม5\\/4\",\"day_of_week\":\"-\",\"period_start\":1,\"period_end\":2,\"span\":2,\"subject\":\"เคมี - เคมี\",\"teachers\":[\"อ.ศักดิ์ชัย .\"],\"room_name\":\"-\",\"source\":\"manual\",\"slot_ids\":[3153,3154],\"forced\":\"no\"}','192.168.8.4','Mozilla/5.0 (Windows NT 10.0; Win64; x64) AppleWebKit/537.36 (KHTML, like Gecko) Chrome/141.0.0.0 Safari/537.36 Edg/141.0.0.0','2025-11-14 08:06:30'),(433,6,'t00241','add_timetable_slot','timetable_slots',NULL,NULL,'{\"view\":\"teacher\",\"year_label\":\"2568\",\"term_no\":2,\"class_name\":\"ม5\\/3\",\"day_of_week\":\"-\",\"period_start\":3,\"period_end\":4,\"span\":2,\"subject\":\"เคมี - เคมี\",\"teachers\":[\"อ.ศักดิ์ชัย .\"],\"room_name\":\"-\",\"source\":\"manual\",\"slot_ids\":[3155,3156],\"forced\":\"no\"}','192.168.8.4','Mozilla/5.0 (Windows NT 10.0; Win64; x64) AppleWebKit/537.36 (KHTML, like Gecko) Chrome/141.0.0.0 Safari/537.36 Edg/141.0.0.0','2025-11-14 08:06:35'),(434,7,'t00254','add_timetable_slot','timetable_slots',NULL,NULL,'{\"view\":\"teacher\",\"year_label\":\"2568\",\"term_no\":2,\"class_name\":\"ม5\\/4\",\"day_of_week\":\"พฤหัสบดี\",\"period_start\":3,\"period_end\":3,\"span\":1,\"subject\":\"เทคโนโลยี - เทคโนโลยี\",\"teachers\":[\"จิรายุ คุ้มถนอม\",\"พรพจน์ พฤกษานันท์\"],\"room_name\":\"Lab computer 1\",\"source\":\"manual\",\"slot_ids\":[3157],\"forced\":\"no\"}','192.168.8.17','Mozilla/5.0 (Windows NT 10.0; Win64; x64) AppleWebKit/537.36 (KHTML, like Gecko) Chrome/142.0.0.0 Safari/537.36 Edg/142.0.0.0','2025-11-14 08:06:39'),(435,6,'t00241','add_timetable_slot','timetable_slots',NULL,NULL,'{\"view\":\"teacher\",\"year_label\":\"2568\",\"term_no\":2,\"class_name\":\"ม5\\/2\",\"day_of_week\":\"-\",\"period_start\":5,\"period_end\":5,\"span\":1,\"subject\":\"เคมี - เคมี\",\"teachers\":[\"อ.ศักดิ์ชัย .\"],\"room_name\":\"-\",\"source\":\"manual\",\"slot_ids\":[3158],\"forced\":\"no\"}','192.168.8.4','Mozilla/5.0 (Windows NT 10.0; Win64; x64) AppleWebKit/537.36 (KHTML, like Gecko) Chrome/141.0.0.0 Safari/537.36 Edg/141.0.0.0','2025-11-14 08:06:40'),(436,7,'t00254','add_timetable_slot','timetable_slots',NULL,NULL,'{\"view\":\"teacher\",\"year_label\":\"2568\",\"term_no\":2,\"class_name\":\"ม5\\/1\",\"day_of_week\":\"พฤหัสบดี\",\"period_start\":5,\"period_end\":5,\"span\":1,\"subject\":\"เทคโนโลยี - เทคโนโลยี\",\"teachers\":[\"จิรายุ คุ้มถนอม\",\"พรพจน์ พฤกษานันท์\"],\"room_name\":\"Lab computer 1\",\"source\":\"manual\",\"slot_ids\":[3159],\"forced\":\"no\"}','192.168.8.17','Mozilla/5.0 (Windows NT 10.0; Win64; x64) AppleWebKit/537.36 (KHTML, like Gecko) Chrome/142.0.0.0 Safari/537.36 Edg/142.0.0.0','2025-11-14 08:06:44'),(437,6,'t00241','add_timetable_slot','timetable_slots',NULL,NULL,'{\"view\":\"teacher\",\"year_label\":\"2568\",\"term_no\":2,\"class_name\":\"ม5\\/2\",\"day_of_week\":\"-\",\"period_start\":7,\"period_end\":7,\"span\":1,\"subject\":\"เคมี - เคมี\",\"teachers\":[\"อ.ศักดิ์ชัย .\"],\"room_name\":\"-\",\"source\":\"manual\",\"slot_ids\":[3160],\"forced\":\"yes\"}','192.168.8.4','Mozilla/5.0 (Windows NT 10.0; Win64; x64) AppleWebKit/537.36 (KHTML, like Gecko) Chrome/141.0.0.0 Safari/537.36 Edg/141.0.0.0','2025-11-14 08:06:44'),(438,6,'t00241','add_timetable_slot','timetable_slots',NULL,NULL,'{\"view\":\"teacher\",\"year_label\":\"2568\",\"term_no\":2,\"class_name\":\"ม5\\/1\",\"day_of_week\":\"-\",\"period_start\":8,\"period_end\":9,\"span\":2,\"subject\":\"เคมี - เคมี\",\"teachers\":[\"อ.ศักดิ์ชัย .\"],\"room_name\":\"-\",\"source\":\"manual\",\"slot_ids\":[3161,3162],\"forced\":\"no\"}','192.168.8.4','Mozilla/5.0 (Windows NT 10.0; Win64; x64) AppleWebKit/537.36 (KHTML, like Gecko) Chrome/141.0.0.0 Safari/537.36 Edg/141.0.0.0','2025-11-14 08:06:47'),(439,7,'t00254','add_timetable_slot','timetable_slots',NULL,NULL,'{\"view\":\"teacher\",\"year_label\":\"2568\",\"term_no\":2,\"class_name\":\"ม5\\/2\",\"day_of_week\":\"พฤหัสบดี\",\"period_start\":8,\"period_end\":8,\"span\":1,\"subject\":\"เทคโนโลยี - เทคโนโลยี\",\"teachers\":[\"จิรายุ คุ้มถนอม\",\"พรพจน์ พฤกษานันท์\"],\"room_name\":\"Lab computer 1\",\"source\":\"manual\",\"slot_ids\":[3163],\"forced\":\"no\"}','192.168.8.17','Mozilla/5.0 (Windows NT 10.0; Win64; x64) AppleWebKit/537.36 (KHTML, like Gecko) Chrome/142.0.0.0 Safari/537.36 Edg/142.0.0.0','2025-11-14 08:06:52'),(440,7,'t00254','add_timetable_slot','timetable_slots',NULL,NULL,'{\"view\":\"teacher\",\"year_label\":\"2568\",\"term_no\":2,\"class_name\":\"ม3\\/1\",\"day_of_week\":\"ศุกร์\",\"period_start\":1,\"period_end\":1,\"span\":1,\"subject\":\"QQ English - QQ English\",\"teachers\":[\"พรพจน์ พฤกษานันท์\"],\"room_name\":\"Lab computer 2\",\"source\":\"manual\",\"slot_ids\":[3164],\"forced\":\"no\"}','192.168.8.17','Mozilla/5.0 (Windows NT 10.0; Win64; x64) AppleWebKit/537.36 (KHTML, like Gecko) Chrome/142.0.0.0 Safari/537.36 Edg/142.0.0.0','2025-11-14 08:06:58'),(441,7,'t00254','add_timetable_slot','timetable_slots',NULL,NULL,'{\"view\":\"teacher\",\"year_label\":\"2568\",\"term_no\":2,\"class_name\":\"ม3\\/2\",\"day_of_week\":\"ศุกร์\",\"period_start\":2,\"period_end\":2,\"span\":1,\"subject\":\"QQ English - QQ English\",\"teachers\":[\"พรพจน์ พฤกษานันท์\"],\"room_name\":\"Lab computer 2\",\"source\":\"manual\",\"slot_ids\":[3165],\"forced\":\"no\"}','192.168.8.17','Mozilla/5.0 (Windows NT 10.0; Win64; x64) AppleWebKit/537.36 (KHTML, like Gecko) Chrome/142.0.0.0 Safari/537.36 Edg/142.0.0.0','2025-11-14 08:07:03'),(442,7,'t00254','add_timetable_slot','timetable_slots',NULL,NULL,'{\"view\":\"teacher\",\"year_label\":\"2568\",\"term_no\":2,\"class_name\":\"ม3\\/3\",\"day_of_week\":\"ศุกร์\",\"period_start\":4,\"period_end\":4,\"span\":1,\"subject\":\"QQ English - QQ English\",\"teachers\":[\"พรพจน์ พฤกษานันท์\"],\"room_name\":\"Lab computer 2\",\"source\":\"manual\",\"slot_ids\":[3166],\"forced\":\"no\"}','192.168.8.17','Mozilla/5.0 (Windows NT 10.0; Win64; x64) AppleWebKit/537.36 (KHTML, like Gecko) Chrome/142.0.0.0 Safari/537.36 Edg/142.0.0.0','2025-11-14 08:07:07'),(443,7,'t00254','add_timetable_slot','timetable_slots',NULL,NULL,'{\"view\":\"teacher\",\"year_label\":\"2568\",\"term_no\":2,\"class_name\":\"ม3\\/4\",\"day_of_week\":\"ศุกร์\",\"period_start\":7,\"period_end\":7,\"span\":1,\"subject\":\"QQ English - QQ English\",\"teachers\":[\"พรพจน์ พฤกษานันท์\"],\"room_name\":\"Lab computer 2\",\"source\":\"manual\",\"slot_ids\":[3167],\"forced\":\"no\"}','192.168.8.17','Mozilla/5.0 (Windows NT 10.0; Win64; x64) AppleWebKit/537.36 (KHTML, like Gecko) Chrome/142.0.0.0 Safari/537.36 Edg/142.0.0.0','2025-11-14 08:07:12'),(444,7,'t00254','add_timetable_slot','timetable_slots',NULL,NULL,'{\"view\":\"teacher\",\"year_label\":\"2568\",\"term_no\":2,\"class_name\":\"ม3\\/5\",\"day_of_week\":\"ศุกร์\",\"period_start\":8,\"period_end\":8,\"span\":1,\"subject\":\"QQ English - QQ English\",\"teachers\":[\"พรพจน์ พฤกษานันท์\"],\"room_name\":\"Lab computer 2\",\"source\":\"manual\",\"slot_ids\":[3168],\"forced\":\"no\"}','192.168.8.17','Mozilla/5.0 (Windows NT 10.0; Win64; x64) AppleWebKit/537.36 (KHTML, like Gecko) Chrome/142.0.0.0 Safari/537.36 Edg/142.0.0.0','2025-11-14 08:07:17'),(445,6,'t00241','create_loads','teaching_loads',NULL,NULL,'{\"year_label\":\"2568\",\"term_no\":2,\"teacher_name\":\"อ.เคมี ม6 .\",\"subject\":\"Math - Math\",\"classes\":[\"ม6\\/1\",\"ม6\\/2\",\"ม6\\/3\",\"ม6\\/4\"],\"room_name\":\"-\",\"periods_per_week\":4,\"consecutive_slots\":2,\"inserted\":4,\"updated\":0,\"created_ids\":[492,493,494,495]}','192.168.8.4','Mozilla/5.0 (Windows NT 10.0; Win64; x64) AppleWebKit/537.36 (KHTML, like Gecko) Chrome/141.0.0.0 Safari/537.36 Edg/141.0.0.0','2025-11-14 08:07:45'),(446,6,'t00241','update','teaching_loads',492,'{\"teacher_id\":120,\"subject_id\":18,\"class_id\":50,\"room_id\":null,\"periods_per_week\":4,\"consecutive_slots\":2}','{\"teacher_id\":120,\"teacher_name\":\"อ.เคมี ม6 .\",\"subject_id\":10,\"subject_name\":\"เคมี - เคมี\",\"class_id\":50,\"class_name\":\"ม6\\/1\",\"room_id\":null,\"room_name\":\"-\",\"periods_per_week\":4,\"consecutive_slots\":2}','192.168.8.4','Mozilla/5.0 (Windows NT 10.0; Win64; x64) AppleWebKit/537.36 (KHTML, like Gecko) Chrome/141.0.0.0 Safari/537.36 Edg/141.0.0.0','2025-11-14 08:08:14'),(447,6,'t00241','update','teaching_loads',493,'{\"teacher_id\":120,\"subject_id\":18,\"class_id\":51,\"room_id\":null,\"periods_per_week\":4,\"consecutive_slots\":2}','{\"teacher_id\":120,\"teacher_name\":\"อ.เคมี ม6 .\",\"subject_id\":10,\"subject_name\":\"เคมี - เคมี\",\"class_id\":51,\"class_name\":\"ม6\\/2\",\"room_id\":null,\"room_name\":\"-\",\"periods_per_week\":4,\"consecutive_slots\":2}','192.168.8.4','Mozilla/5.0 (Windows NT 10.0; Win64; x64) AppleWebKit/537.36 (KHTML, like Gecko) Chrome/141.0.0.0 Safari/537.36 Edg/141.0.0.0','2025-11-14 08:08:19'),(448,6,'t00241','update','teaching_loads',494,'{\"teacher_id\":120,\"subject_id\":18,\"class_id\":52,\"room_id\":null,\"periods_per_week\":4,\"consecutive_slots\":2}','{\"teacher_id\":120,\"teacher_name\":\"อ.เคมี ม6 .\",\"subject_id\":10,\"subject_name\":\"เคมี - เคมี\",\"class_id\":52,\"class_name\":\"ม6\\/3\",\"room_id\":null,\"room_name\":\"-\",\"periods_per_week\":4,\"consecutive_slots\":2}','192.168.8.4','Mozilla/5.0 (Windows NT 10.0; Win64; x64) AppleWebKit/537.36 (KHTML, like Gecko) Chrome/141.0.0.0 Safari/537.36 Edg/141.0.0.0','2025-11-14 08:08:22'),(449,6,'t00241','update','teaching_loads',495,'{\"teacher_id\":120,\"subject_id\":18,\"class_id\":53,\"room_id\":null,\"periods_per_week\":4,\"consecutive_slots\":2}','{\"teacher_id\":120,\"teacher_name\":\"อ.เคมี ม6 .\",\"subject_id\":10,\"subject_name\":\"เคมี - เคมี\",\"class_id\":53,\"class_name\":\"ม6\\/4\",\"room_id\":null,\"room_name\":\"-\",\"periods_per_week\":4,\"consecutive_slots\":2}','192.168.8.4','Mozilla/5.0 (Windows NT 10.0; Win64; x64) AppleWebKit/537.36 (KHTML, like Gecko) Chrome/141.0.0.0 Safari/537.36 Edg/141.0.0.0','2025-11-14 08:08:26'),(450,6,'t00241','add_timetable_slot','timetable_slots',NULL,NULL,'{\"view\":\"teacher\",\"year_label\":\"2568\",\"term_no\":2,\"class_name\":\"ม6\\/1\",\"day_of_week\":\"พฤหัสบดี\",\"period_start\":1,\"period_end\":2,\"span\":2,\"subject\":\"เคมี - เคมี\",\"teachers\":[\"อ.เคมี ม6 .\"],\"room_name\":\"-\",\"source\":\"manual\",\"slot_ids\":[3169,3170],\"forced\":\"yes\"}','192.168.8.4','Mozilla/5.0 (Windows NT 10.0; Win64; x64) AppleWebKit/537.36 (KHTML, like Gecko) Chrome/141.0.0.0 Safari/537.36 Edg/141.0.0.0','2025-11-14 08:08:52'),(451,6,'t00241','delete','timetable_slots',3170,'{\"view\":\"teacher\",\"year_label\":\"2568\",\"term_no\":2,\"class_name\":\"ม6\\/1\",\"day_of_week\":\"พฤหัสบดี\",\"period_no\":2,\"subject\":\"เคมี - เคมี\",\"teachers\":\"อ.เคมี ม6 .\",\"room_name\":\"-\",\"source\":\"manual\"}',NULL,'192.168.8.4','Mozilla/5.0 (Windows NT 10.0; Win64; x64) AppleWebKit/537.36 (KHTML, like Gecko) Chrome/141.0.0.0 Safari/537.36 Edg/141.0.0.0','2025-11-14 08:09:18'),(452,6,'t00241','delete','timetable_slots',3169,'{\"view\":\"teacher\",\"year_label\":\"2568\",\"term_no\":2,\"class_name\":\"ม6\\/1\",\"day_of_week\":\"พฤหัสบดี\",\"period_no\":1,\"subject\":\"เคมี - เคมี\",\"teachers\":\"อ.เคมี ม6 .\",\"room_name\":\"-\",\"source\":\"manual\"}',NULL,'192.168.8.4','Mozilla/5.0 (Windows NT 10.0; Win64; x64) AppleWebKit/537.36 (KHTML, like Gecko) Chrome/141.0.0.0 Safari/537.36 Edg/141.0.0.0','2025-11-14 08:09:20'),(453,6,'t00241','delete','teaching_loads',492,'{\"year_label\":\"2568\",\"term_no\":2,\"teacher_name\":\"อ.เคมี ม6 .\",\"subject\":\"เคมี - เคมี\",\"class_name\":\"ม6\\/1\",\"room_name\":\"-\",\"periods_per_week\":4,\"consecutive_slots\":2}',NULL,'192.168.8.4','Mozilla/5.0 (Windows NT 10.0; Win64; x64) AppleWebKit/537.36 (KHTML, like Gecko) Chrome/141.0.0.0 Safari/537.36 Edg/141.0.0.0','2025-11-14 08:09:47'),(454,6,'t00241','delete','teaching_loads',493,'{\"year_label\":\"2568\",\"term_no\":2,\"teacher_name\":\"อ.เคมี ม6 .\",\"subject\":\"เคมี - เคมี\",\"class_name\":\"ม6\\/2\",\"room_name\":\"-\",\"periods_per_week\":4,\"consecutive_slots\":2}',NULL,'192.168.8.4','Mozilla/5.0 (Windows NT 10.0; Win64; x64) AppleWebKit/537.36 (KHTML, like Gecko) Chrome/141.0.0.0 Safari/537.36 Edg/141.0.0.0','2025-11-14 08:09:48'),(455,6,'t00241','delete','teaching_loads',494,'{\"year_label\":\"2568\",\"term_no\":2,\"teacher_name\":\"อ.เคมี ม6 .\",\"subject\":\"เคมี - เคมี\",\"class_name\":\"ม6\\/3\",\"room_name\":\"-\",\"periods_per_week\":4,\"consecutive_slots\":2}',NULL,'192.168.8.4','Mozilla/5.0 (Windows NT 10.0; Win64; x64) AppleWebKit/537.36 (KHTML, like Gecko) Chrome/141.0.0.0 Safari/537.36 Edg/141.0.0.0','2025-11-14 08:09:50'),(456,6,'t00241','delete','teaching_loads',495,'{\"year_label\":\"2568\",\"term_no\":2,\"teacher_name\":\"อ.เคมี ม6 .\",\"subject\":\"เคมี - เคมี\",\"class_name\":\"ม6\\/4\",\"room_name\":\"-\",\"periods_per_week\":4,\"consecutive_slots\":2}',NULL,'192.168.8.4','Mozilla/5.0 (Windows NT 10.0; Win64; x64) AppleWebKit/537.36 (KHTML, like Gecko) Chrome/141.0.0.0 Safari/537.36 Edg/141.0.0.0','2025-11-14 08:09:52'),(457,7,'t00254','create_loads','teaching_loads',NULL,NULL,'{\"year_label\":\"2568\",\"term_no\":2,\"teacher_name\":\"จิรายุ คุ้มถนอม\",\"subject\":\"QQ English - QQ English\",\"classes\":[\"ม5\\/1\",\"ม5\\/2\",\"ม5\\/3\",\"ม5\\/4\"],\"room_name\":\"12102 - Lab computer 1\",\"periods_per_week\":1,\"consecutive_slots\":1,\"inserted\":4,\"updated\":0,\"created_ids\":[496,497,498,499]}','192.168.8.17','Mozilla/5.0 (Windows NT 10.0; Win64; x64) AppleWebKit/537.36 (KHTML, like Gecko) Chrome/142.0.0.0 Safari/537.36 Edg/142.0.0.0','2025-11-14 08:10:11'),(458,7,'t00254','add_timetable_slot','timetable_slots',NULL,NULL,'{\"view\":\"teacher\",\"year_label\":\"2568\",\"term_no\":2,\"class_name\":\"ม5\\/3\",\"day_of_week\":\"พฤหัสบดี\",\"period_start\":2,\"period_end\":2,\"span\":1,\"subject\":\"QQ English - QQ English\",\"teachers\":[\"จิรายุ คุ้มถนอม\"],\"room_name\":\"Lab computer 1\",\"source\":\"manual\",\"slot_ids\":[3171],\"forced\":\"no\"}','192.168.8.17','Mozilla/5.0 (Windows NT 10.0; Win64; x64) AppleWebKit/537.36 (KHTML, like Gecko) Chrome/142.0.0.0 Safari/537.36 Edg/142.0.0.0','2025-11-14 08:10:33'),(459,7,'t00254','add_timetable_slot','timetable_slots',NULL,NULL,'{\"view\":\"teacher\",\"year_label\":\"2568\",\"term_no\":2,\"class_name\":\"ม5\\/4\",\"day_of_week\":\"พฤหัสบดี\",\"period_start\":4,\"period_end\":4,\"span\":1,\"subject\":\"QQ English - QQ English\",\"teachers\":[\"จิรายุ คุ้มถนอม\"],\"room_name\":\"Lab computer 1\",\"source\":\"manual\",\"slot_ids\":[3172],\"forced\":\"no\"}','192.168.8.17','Mozilla/5.0 (Windows NT 10.0; Win64; x64) AppleWebKit/537.36 (KHTML, like Gecko) Chrome/142.0.0.0 Safari/537.36 Edg/142.0.0.0','2025-11-14 08:10:39'),(460,7,'t00254','add_timetable_slot','timetable_slots',NULL,NULL,'{\"view\":\"teacher\",\"year_label\":\"2568\",\"term_no\":2,\"class_name\":\"ม5\\/1\",\"day_of_week\":\"พฤหัสบดี\",\"period_start\":7,\"period_end\":7,\"span\":1,\"subject\":\"QQ English - QQ English\",\"teachers\":[\"จิรายุ คุ้มถนอม\"],\"room_name\":\"Lab computer 1\",\"source\":\"manual\",\"slot_ids\":[3173],\"forced\":\"no\"}','192.168.8.17','Mozilla/5.0 (Windows NT 10.0; Win64; x64) AppleWebKit/537.36 (KHTML, like Gecko) Chrome/142.0.0.0 Safari/537.36 Edg/142.0.0.0','2025-11-14 08:10:47'),(461,7,'t00254','add_timetable_slot','timetable_slots',NULL,NULL,'{\"view\":\"teacher\",\"year_label\":\"2568\",\"term_no\":2,\"class_name\":\"ม5\\/2\",\"day_of_week\":\"พฤหัสบดี\",\"period_start\":9,\"period_end\":9,\"span\":1,\"subject\":\"QQ English - QQ English\",\"teachers\":[\"จิรายุ คุ้มถนอม\"],\"room_name\":\"Lab computer 1\",\"source\":\"manual\",\"slot_ids\":[3174],\"forced\":\"no\"}','192.168.8.17','Mozilla/5.0 (Windows NT 10.0; Win64; x64) AppleWebKit/537.36 (KHTML, like Gecko) Chrome/142.0.0.0 Safari/537.36 Edg/142.0.0.0','2025-11-14 08:10:50'),(462,6,'t00241','create_loads','teaching_loads',NULL,NULL,'{\"year_label\":\"2568\",\"term_no\":2,\"teacher_name\":\"อ.กันทิมาณี .\",\"subject\":\"ชีวะ - ชีวะ\",\"classes\":[\"ม6\\/1\",\"ม6\\/2\",\"ม6\\/3\",\"ม6\\/4\"],\"room_name\":\"-\",\"periods_per_week\":4,\"consecutive_slots\":2,\"inserted\":4,\"updated\":0,\"created_ids\":[500,501,502,503]}','192.168.8.4','Mozilla/5.0 (Windows NT 10.0; Win64; x64) AppleWebKit/537.36 (KHTML, like Gecko) Chrome/141.0.0.0 Safari/537.36 Edg/141.0.0.0','2025-11-14 08:12:26'),(463,7,'t00254','create_loads','teaching_loads',NULL,NULL,'{\"year_label\":\"2568\",\"term_no\":2,\"teacher_name\":\"ขวัญชัย เณรแตง\",\"subject\":\"QQ English - QQ English\",\"classes\":[\"ม2\\/1\",\"ม2\\/2\",\"ม2\\/3\",\"ม2\\/4\",\"ม2\\/5\"],\"room_name\":\"12103 - Lab computer 2\",\"periods_per_week\":1,\"consecutive_slots\":1,\"inserted\":5,\"updated\":0,\"created_ids\":[504,505,506,507,508]}','172.16.8.26','Mozilla/5.0 (Macintosh; Intel Mac OS X 10_15_7) AppleWebKit/605.1.15 (KHTML, like Gecko) Version/26.1 Safari/605.1.15','2025-11-14 08:15:38'),(464,7,'t00254','create_loads','teaching_loads',NULL,NULL,'{\"year_label\":\"2568\",\"term_no\":2,\"teacher_name\":\"ขวัญชัย เณรแตง\",\"subject\":\"เทคโนโลยี - เทคโนโลยี\",\"classes\":[\"ม1\\/1\",\"ม1\\/2\",\"ม1\\/3\",\"ม1\\/4\",\"ม1\\/5\"],\"room_name\":\"12103 - Lab computer 2\",\"periods_per_week\":1,\"consecutive_slots\":1,\"inserted\":5,\"updated\":0,\"created_ids\":[509,510,511,512,513]}','172.16.8.26','Mozilla/5.0 (Macintosh; Intel Mac OS X 10_15_7) AppleWebKit/605.1.15 (KHTML, like Gecko) Version/26.1 Safari/605.1.15','2025-11-14 08:16:41'),(465,7,'t00254','create_loads','teaching_loads',NULL,NULL,'{\"year_label\":\"2568\",\"term_no\":2,\"teacher_name\":\"ขวัญชัย เณรแตง\",\"subject\":\"เทคโนโลยี - เทคโนโลยี\",\"classes\":[\"ม3\\/1\",\"ม3\\/2\",\"ม3\\/3\",\"ม3\\/4\",\"ม3\\/5\"],\"room_name\":\"12102 - Lab computer 1\",\"periods_per_week\":1,\"consecutive_slots\":1,\"inserted\":5,\"updated\":0,\"created_ids\":[514,515,516,517,518]}','172.16.8.26','Mozilla/5.0 (Macintosh; Intel Mac OS X 10_15_7) AppleWebKit/605.1.15 (KHTML, like Gecko) Version/26.1 Safari/605.1.15','2025-11-14 08:17:02'),(466,7,'t00254','add_timetable_slot','timetable_slots',NULL,NULL,'{\"view\":\"teacher\",\"year_label\":\"2568\",\"term_no\":2,\"class_name\":\"ม3\\/5\",\"day_of_week\":\"จันทร์\",\"period_start\":9,\"period_end\":9,\"span\":1,\"subject\":\"เทคโนโลยี - เทคโนโลยี\",\"teachers\":[\"ขวัญชัย เณรแตง\"],\"room_name\":\"Lab computer 1\",\"source\":\"manual\",\"slot_ids\":[3175],\"forced\":\"no\"}','172.16.8.26','Mozilla/5.0 (Macintosh; Intel Mac OS X 10_15_7) AppleWebKit/605.1.15 (KHTML, like Gecko) Version/26.1 Safari/605.1.15','2025-11-14 08:18:08'),(467,7,'t00254','add_timetable_slot','timetable_slots',NULL,NULL,'{\"view\":\"teacher\",\"year_label\":\"2568\",\"term_no\":2,\"class_name\":\"ม3\\/1\",\"day_of_week\":\"อังคาร\",\"period_start\":1,\"period_end\":1,\"span\":1,\"subject\":\"เทคโนโลยี - เทคโนโลยี\",\"teachers\":[\"ขวัญชัย เณรแตง\"],\"room_name\":\"Lab computer 1\",\"source\":\"manual\",\"slot_ids\":[3176],\"forced\":\"no\"}','172.16.8.26','Mozilla/5.0 (Macintosh; Intel Mac OS X 10_15_7) AppleWebKit/605.1.15 (KHTML, like Gecko) Version/26.1 Safari/605.1.15','2025-11-14 08:18:20'),(468,7,'t00254','add_timetable_slot','timetable_slots',NULL,NULL,'{\"view\":\"teacher\",\"year_label\":\"2568\",\"term_no\":2,\"class_name\":\"ม3\\/2\",\"day_of_week\":\"อังคาร\",\"period_start\":2,\"period_end\":2,\"span\":1,\"subject\":\"เทคโนโลยี - เทคโนโลยี\",\"teachers\":[\"ขวัญชัย เณรแตง\"],\"room_name\":\"Lab computer 1\",\"source\":\"manual\",\"slot_ids\":[3177],\"forced\":\"no\"}','172.16.8.26','Mozilla/5.0 (Macintosh; Intel Mac OS X 10_15_7) AppleWebKit/605.1.15 (KHTML, like Gecko) Version/26.1 Safari/605.1.15','2025-11-14 08:18:29'),(469,7,'t00254','add_timetable_slot','timetable_slots',NULL,NULL,'{\"view\":\"teacher\",\"year_label\":\"2568\",\"term_no\":2,\"class_name\":\"ม3\\/3\",\"day_of_week\":\"อังคาร\",\"period_start\":3,\"period_end\":3,\"span\":1,\"subject\":\"เทคโนโลยี - เทคโนโลยี\",\"teachers\":[\"ขวัญชัย เณรแตง\"],\"room_name\":\"Lab computer 1\",\"source\":\"manual\",\"slot_ids\":[3178],\"forced\":\"no\"}','172.16.8.26','Mozilla/5.0 (Macintosh; Intel Mac OS X 10_15_7) AppleWebKit/605.1.15 (KHTML, like Gecko) Version/26.1 Safari/605.1.15','2025-11-14 08:18:37'),(470,7,'t00254','add_timetable_slot','timetable_slots',NULL,NULL,'{\"view\":\"teacher\",\"year_label\":\"2568\",\"term_no\":2,\"class_name\":\"ม3\\/4\",\"day_of_week\":\"อังคาร\",\"period_start\":8,\"period_end\":8,\"span\":1,\"subject\":\"เทคโนโลยี - เทคโนโลยี\",\"teachers\":[\"ขวัญชัย เณรแตง\"],\"room_name\":\"Lab computer 1\",\"source\":\"manual\",\"slot_ids\":[3179],\"forced\":\"no\"}','172.16.8.26','Mozilla/5.0 (Macintosh; Intel Mac OS X 10_15_7) AppleWebKit/605.1.15 (KHTML, like Gecko) Version/26.1 Safari/605.1.15','2025-11-14 08:18:46'),(471,7,'t00254','add_timetable_slot','timetable_slots',NULL,NULL,'{\"view\":\"teacher\",\"year_label\":\"2568\",\"term_no\":2,\"class_name\":\"ม2\\/2\",\"day_of_week\":\"อังคาร\",\"period_start\":7,\"period_end\":7,\"span\":1,\"subject\":\"QQ English - QQ English\",\"teachers\":[\"ขวัญชัย เณรแตง\"],\"room_name\":\"Lab computer 2\",\"source\":\"manual\",\"slot_ids\":[3180],\"forced\":\"no\"}','172.16.8.26','Mozilla/5.0 (Macintosh; Intel Mac OS X 10_15_7) AppleWebKit/605.1.15 (KHTML, like Gecko) Version/26.1 Safari/605.1.15','2025-11-14 08:18:55'),(472,7,'t00254','add_timetable_slot','timetable_slots',NULL,NULL,'{\"view\":\"teacher\",\"year_label\":\"2568\",\"term_no\":2,\"class_name\":\"ม2\\/3\",\"day_of_week\":\"อังคาร\",\"period_start\":9,\"period_end\":9,\"span\":1,\"subject\":\"QQ English - QQ English\",\"teachers\":[\"ขวัญชัย เณรแตง\"],\"room_name\":\"Lab computer 2\",\"source\":\"manual\",\"slot_ids\":[3181],\"forced\":\"no\"}','172.16.8.26','Mozilla/5.0 (Macintosh; Intel Mac OS X 10_15_7) AppleWebKit/605.1.15 (KHTML, like Gecko) Version/26.1 Safari/605.1.15','2025-11-14 08:19:03'),(473,7,'t00254','add_timetable_slot','timetable_slots',NULL,NULL,'{\"view\":\"teacher\",\"year_label\":\"2568\",\"term_no\":2,\"class_name\":\"ม2\\/5\",\"day_of_week\":\"พุธ\",\"period_start\":3,\"period_end\":3,\"span\":1,\"subject\":\"QQ English - QQ English\",\"teachers\":[\"ขวัญชัย เณรแตง\"],\"room_name\":\"Lab computer 2\",\"source\":\"manual\",\"slot_ids\":[3182],\"forced\":\"no\"}','172.16.8.26','Mozilla/5.0 (Macintosh; Intel Mac OS X 10_15_7) AppleWebKit/605.1.15 (KHTML, like Gecko) Version/26.1 Safari/605.1.15','2025-11-14 08:19:14'),(474,7,'t00254','add_timetable_slot','timetable_slots',NULL,NULL,'{\"view\":\"teacher\",\"year_label\":\"2568\",\"term_no\":2,\"class_name\":\"ม2\\/1\",\"day_of_week\":\"พุธ\",\"period_start\":5,\"period_end\":5,\"span\":1,\"subject\":\"QQ English - QQ English\",\"teachers\":[\"ขวัญชัย เณรแตง\"],\"room_name\":\"Lab computer 2\",\"source\":\"manual\",\"slot_ids\":[3183],\"forced\":\"no\"}','172.16.8.26','Mozilla/5.0 (Macintosh; Intel Mac OS X 10_15_7) AppleWebKit/605.1.15 (KHTML, like Gecko) Version/26.1 Safari/605.1.15','2025-11-14 08:19:23'),(475,7,'t00254','add_timetable_slot','timetable_slots',NULL,NULL,'{\"view\":\"teacher\",\"year_label\":\"2568\",\"term_no\":2,\"class_name\":\"ม2\\/4\",\"day_of_week\":\"พุธ\",\"period_start\":8,\"period_end\":8,\"span\":1,\"subject\":\"QQ English - QQ English\",\"teachers\":[\"ขวัญชัย เณรแตง\"],\"room_name\":\"Lab computer 2\",\"source\":\"manual\",\"slot_ids\":[3184],\"forced\":\"no\"}','172.16.8.26','Mozilla/5.0 (Macintosh; Intel Mac OS X 10_15_7) AppleWebKit/605.1.15 (KHTML, like Gecko) Version/26.1 Safari/605.1.15','2025-11-14 08:19:31'),(476,7,'t00254','add_timetable_slot','timetable_slots',NULL,NULL,'{\"view\":\"teacher\",\"year_label\":\"2568\",\"term_no\":2,\"class_name\":\"ม1\\/1\",\"day_of_week\":\"พฤหัสบดี\",\"period_start\":1,\"period_end\":1,\"span\":1,\"subject\":\"เทคโนโลยี - เทคโนโลยี\",\"teachers\":[\"ขวัญชัย เณรแตง\"],\"room_name\":\"Lab computer 2\",\"source\":\"manual\",\"slot_ids\":[3185],\"forced\":\"no\"}','172.16.8.26','Mozilla/5.0 (Macintosh; Intel Mac OS X 10_15_7) AppleWebKit/605.1.15 (KHTML, like Gecko) Version/26.1 Safari/605.1.15','2025-11-14 08:19:48'),(477,7,'t00254','add_timetable_slot','timetable_slots',NULL,NULL,'{\"view\":\"teacher\",\"year_label\":\"2568\",\"term_no\":2,\"class_name\":\"ม1\\/2\",\"day_of_week\":\"พฤหัสบดี\",\"period_start\":8,\"period_end\":8,\"span\":1,\"subject\":\"เทคโนโลยี - เทคโนโลยี\",\"teachers\":[\"ขวัญชัย เณรแตง\"],\"room_name\":\"Lab computer 2\",\"source\":\"manual\",\"slot_ids\":[3186],\"forced\":\"no\"}','172.16.8.26','Mozilla/5.0 (Macintosh; Intel Mac OS X 10_15_7) AppleWebKit/605.1.15 (KHTML, like Gecko) Version/26.1 Safari/605.1.15','2025-11-14 08:20:06'),(478,7,'t00254','delete','timetable_slots',3185,'{\"view\":\"teacher\",\"year_label\":\"2568\",\"term_no\":2,\"class_name\":\"ม1\\/1\",\"day_of_week\":\"พฤหัสบดี\",\"period_no\":1,\"subject\":\"เทคโนโลยี - เทคโนโลยี\",\"teachers\":\"ขวัญชัย เณรแตง\",\"room_name\":\"Lab computer 2\",\"source\":\"manual\"}',NULL,'172.16.8.26','Mozilla/5.0 (Macintosh; Intel Mac OS X 10_15_7) AppleWebKit/605.1.15 (KHTML, like Gecko) Version/26.1 Safari/605.1.15','2025-11-14 08:21:01'),(479,7,'t00254','delete','timetable_slots',3186,'{\"view\":\"teacher\",\"year_label\":\"2568\",\"term_no\":2,\"class_name\":\"ม1\\/2\",\"day_of_week\":\"พฤหัสบดี\",\"period_no\":8,\"subject\":\"เทคโนโลยี - เทคโนโลยี\",\"teachers\":\"ขวัญชัย เณรแตง\",\"room_name\":\"Lab computer 2\",\"source\":\"manual\"}',NULL,'172.16.8.26','Mozilla/5.0 (Macintosh; Intel Mac OS X 10_15_7) AppleWebKit/605.1.15 (KHTML, like Gecko) Version/26.1 Safari/605.1.15','2025-11-14 08:21:05'),(480,7,'t00254','delete','timetable_slots',3184,'{\"view\":\"teacher\",\"year_label\":\"2568\",\"term_no\":2,\"class_name\":\"ม2\\/4\",\"day_of_week\":\"พุธ\",\"period_no\":8,\"subject\":\"QQ English - QQ English\",\"teachers\":\"ขวัญชัย เณรแตง\",\"room_name\":\"Lab computer 2\",\"source\":\"manual\"}',NULL,'172.16.8.26','Mozilla/5.0 (Macintosh; Intel Mac OS X 10_15_7) AppleWebKit/605.1.15 (KHTML, like Gecko) Version/26.1 Safari/605.1.15','2025-11-14 08:21:08'),(481,7,'t00254','delete','timetable_slots',3183,'{\"view\":\"teacher\",\"year_label\":\"2568\",\"term_no\":2,\"class_name\":\"ม2\\/1\",\"day_of_week\":\"พุธ\",\"period_no\":5,\"subject\":\"QQ English - QQ English\",\"teachers\":\"ขวัญชัย เณรแตง\",\"room_name\":\"Lab computer 2\",\"source\":\"manual\"}',NULL,'172.16.8.26','Mozilla/5.0 (Macintosh; Intel Mac OS X 10_15_7) AppleWebKit/605.1.15 (KHTML, like Gecko) Version/26.1 Safari/605.1.15','2025-11-14 08:21:12'),(482,7,'t00254','delete','timetable_slots',3182,'{\"view\":\"teacher\",\"year_label\":\"2568\",\"term_no\":2,\"class_name\":\"ม2\\/5\",\"day_of_week\":\"พุธ\",\"period_no\":3,\"subject\":\"QQ English - QQ English\",\"teachers\":\"ขวัญชัย เณรแตง\",\"room_name\":\"Lab computer 2\",\"source\":\"manual\"}',NULL,'172.16.8.26','Mozilla/5.0 (Macintosh; Intel Mac OS X 10_15_7) AppleWebKit/605.1.15 (KHTML, like Gecko) Version/26.1 Safari/605.1.15','2025-11-14 08:21:16'),(483,7,'t00254','delete','timetable_slots',3181,'{\"view\":\"teacher\",\"year_label\":\"2568\",\"term_no\":2,\"class_name\":\"ม2\\/3\",\"day_of_week\":\"อังคาร\",\"period_no\":9,\"subject\":\"QQ English - QQ English\",\"teachers\":\"ขวัญชัย เณรแตง\",\"room_name\":\"Lab computer 2\",\"source\":\"manual\"}',NULL,'172.16.8.26','Mozilla/5.0 (Macintosh; Intel Mac OS X 10_15_7) AppleWebKit/605.1.15 (KHTML, like Gecko) Version/26.1 Safari/605.1.15','2025-11-14 08:21:19'),(484,7,'t00254','delete','timetable_slots',3179,'{\"view\":\"teacher\",\"year_label\":\"2568\",\"term_no\":2,\"class_name\":\"ม3\\/4\",\"day_of_week\":\"อังคาร\",\"period_no\":8,\"subject\":\"เทคโนโลยี - เทคโนโลยี\",\"teachers\":\"ขวัญชัย เณรแตง\",\"room_name\":\"Lab computer 1\",\"source\":\"manual\"}',NULL,'172.16.8.26','Mozilla/5.0 (Macintosh; Intel Mac OS X 10_15_7) AppleWebKit/605.1.15 (KHTML, like Gecko) Version/26.1 Safari/605.1.15','2025-11-14 08:21:23'),(485,7,'t00254','delete','timetable_slots',3180,'{\"view\":\"teacher\",\"year_label\":\"2568\",\"term_no\":2,\"class_name\":\"ม2\\/2\",\"day_of_week\":\"อังคาร\",\"period_no\":7,\"subject\":\"QQ English - QQ English\",\"teachers\":\"ขวัญชัย เณรแตง\",\"room_name\":\"Lab computer 2\",\"source\":\"manual\"}',NULL,'172.16.8.26','Mozilla/5.0 (Macintosh; Intel Mac OS X 10_15_7) AppleWebKit/605.1.15 (KHTML, like Gecko) Version/26.1 Safari/605.1.15','2025-11-14 08:21:25'),(486,7,'t00254','delete','timetable_slots',3178,'{\"view\":\"teacher\",\"year_label\":\"2568\",\"term_no\":2,\"class_name\":\"ม3\\/3\",\"day_of_week\":\"อังคาร\",\"period_no\":3,\"subject\":\"เทคโนโลยี - เทคโนโลยี\",\"teachers\":\"ขวัญชัย เณรแตง\",\"room_name\":\"Lab computer 1\",\"source\":\"manual\"}',NULL,'172.16.8.26','Mozilla/5.0 (Macintosh; Intel Mac OS X 10_15_7) AppleWebKit/605.1.15 (KHTML, like Gecko) Version/26.1 Safari/605.1.15','2025-11-14 08:21:28'),(487,7,'t00254','delete','timetable_slots',3177,'{\"view\":\"teacher\",\"year_label\":\"2568\",\"term_no\":2,\"class_name\":\"ม3\\/2\",\"day_of_week\":\"อังคาร\",\"period_no\":2,\"subject\":\"เทคโนโลยี - เทคโนโลยี\",\"teachers\":\"ขวัญชัย เณรแตง\",\"room_name\":\"Lab computer 1\",\"source\":\"manual\"}',NULL,'172.16.8.26','Mozilla/5.0 (Macintosh; Intel Mac OS X 10_15_7) AppleWebKit/605.1.15 (KHTML, like Gecko) Version/26.1 Safari/605.1.15','2025-11-14 08:21:32'),(488,7,'t00254','delete','timetable_slots',3176,'{\"view\":\"teacher\",\"year_label\":\"2568\",\"term_no\":2,\"class_name\":\"ม3\\/1\",\"day_of_week\":\"อังคาร\",\"period_no\":1,\"subject\":\"เทคโนโลยี - เทคโนโลยี\",\"teachers\":\"ขวัญชัย เณรแตง\",\"room_name\":\"Lab computer 1\",\"source\":\"manual\"}',NULL,'172.16.8.26','Mozilla/5.0 (Macintosh; Intel Mac OS X 10_15_7) AppleWebKit/605.1.15 (KHTML, like Gecko) Version/26.1 Safari/605.1.15','2025-11-14 08:21:34'),(489,7,'t00254','delete','timetable_slots',3175,'{\"view\":\"teacher\",\"year_label\":\"2568\",\"term_no\":2,\"class_name\":\"ม3\\/5\",\"day_of_week\":\"จันทร์\",\"period_no\":9,\"subject\":\"เทคโนโลยี - เทคโนโลยี\",\"teachers\":\"ขวัญชัย เณรแตง\",\"room_name\":\"Lab computer 1\",\"source\":\"manual\"}',NULL,'172.16.8.26','Mozilla/5.0 (Macintosh; Intel Mac OS X 10_15_7) AppleWebKit/605.1.15 (KHTML, like Gecko) Version/26.1 Safari/605.1.15','2025-11-14 08:21:38'),(490,7,'t00254','delete','teaching_loads',504,'{\"year_label\":\"2568\",\"term_no\":2,\"teacher_name\":\"ขวัญชัย เณรแตง\",\"subject\":\"QQ English - QQ English\",\"class_name\":\"ม2\\/1\",\"room_name\":\"12103 - Lab computer 2\",\"periods_per_week\":1,\"consecutive_slots\":1}',NULL,'172.16.8.26','Mozilla/5.0 (Macintosh; Intel Mac OS X 10_15_7) AppleWebKit/605.1.15 (KHTML, like Gecko) Version/26.1 Safari/605.1.15','2025-11-14 08:21:56'),(491,7,'t00254','delete','teaching_loads',505,'{\"year_label\":\"2568\",\"term_no\":2,\"teacher_name\":\"ขวัญชัย เณรแตง\",\"subject\":\"QQ English - QQ English\",\"class_name\":\"ม2\\/2\",\"room_name\":\"12103 - Lab computer 2\",\"periods_per_week\":1,\"consecutive_slots\":1}',NULL,'172.16.8.26','Mozilla/5.0 (Macintosh; Intel Mac OS X 10_15_7) AppleWebKit/605.1.15 (KHTML, like Gecko) Version/26.1 Safari/605.1.15','2025-11-14 08:21:59'),(492,7,'t00254','delete','teaching_loads',506,'{\"year_label\":\"2568\",\"term_no\":2,\"teacher_name\":\"ขวัญชัย เณรแตง\",\"subject\":\"QQ English - QQ English\",\"class_name\":\"ม2\\/3\",\"room_name\":\"12103 - Lab computer 2\",\"periods_per_week\":1,\"consecutive_slots\":1}',NULL,'172.16.8.26','Mozilla/5.0 (Macintosh; Intel Mac OS X 10_15_7) AppleWebKit/605.1.15 (KHTML, like Gecko) Version/26.1 Safari/605.1.15','2025-11-14 08:22:02'),(493,7,'t00254','delete','teaching_loads',507,'{\"year_label\":\"2568\",\"term_no\":2,\"teacher_name\":\"ขวัญชัย เณรแตง\",\"subject\":\"QQ English - QQ English\",\"class_name\":\"ม2\\/4\",\"room_name\":\"12103 - Lab computer 2\",\"periods_per_week\":1,\"consecutive_slots\":1}',NULL,'172.16.8.26','Mozilla/5.0 (Macintosh; Intel Mac OS X 10_15_7) AppleWebKit/605.1.15 (KHTML, like Gecko) Version/26.1 Safari/605.1.15','2025-11-14 08:22:04'),(494,7,'t00254','delete','teaching_loads',508,'{\"year_label\":\"2568\",\"term_no\":2,\"teacher_name\":\"ขวัญชัย เณรแตง\",\"subject\":\"QQ English - QQ English\",\"class_name\":\"ม2\\/5\",\"room_name\":\"12103 - Lab computer 2\",\"periods_per_week\":1,\"consecutive_slots\":1}',NULL,'172.16.8.26','Mozilla/5.0 (Macintosh; Intel Mac OS X 10_15_7) AppleWebKit/605.1.15 (KHTML, like Gecko) Version/26.1 Safari/605.1.15','2025-11-14 08:22:06'),(495,7,'t00254','delete','teaching_loads',509,'{\"year_label\":\"2568\",\"term_no\":2,\"teacher_name\":\"ขวัญชัย เณรแตง\",\"subject\":\"เทคโนโลยี - เทคโนโลยี\",\"class_name\":\"ม1\\/1\",\"room_name\":\"12103 - Lab computer 2\",\"periods_per_week\":1,\"consecutive_slots\":1}',NULL,'172.16.8.26','Mozilla/5.0 (Macintosh; Intel Mac OS X 10_15_7) AppleWebKit/605.1.15 (KHTML, like Gecko) Version/26.1 Safari/605.1.15','2025-11-14 08:22:09'),(496,7,'t00254','delete','teaching_loads',510,'{\"year_label\":\"2568\",\"term_no\":2,\"teacher_name\":\"ขวัญชัย เณรแตง\",\"subject\":\"เทคโนโลยี - เทคโนโลยี\",\"class_name\":\"ม1\\/2\",\"room_name\":\"12103 - Lab computer 2\",\"periods_per_week\":1,\"consecutive_slots\":1}',NULL,'172.16.8.26','Mozilla/5.0 (Macintosh; Intel Mac OS X 10_15_7) AppleWebKit/605.1.15 (KHTML, like Gecko) Version/26.1 Safari/605.1.15','2025-11-14 08:22:12'),(497,7,'t00254','delete','teaching_loads',511,'{\"year_label\":\"2568\",\"term_no\":2,\"teacher_name\":\"ขวัญชัย เณรแตง\",\"subject\":\"เทคโนโลยี - เทคโนโลยี\",\"class_name\":\"ม1\\/3\",\"room_name\":\"12103 - Lab computer 2\",\"periods_per_week\":1,\"consecutive_slots\":1}',NULL,'172.16.8.26','Mozilla/5.0 (Macintosh; Intel Mac OS X 10_15_7) AppleWebKit/605.1.15 (KHTML, like Gecko) Version/26.1 Safari/605.1.15','2025-11-14 08:22:14'),(498,7,'t00254','delete','teaching_loads',512,'{\"year_label\":\"2568\",\"term_no\":2,\"teacher_name\":\"ขวัญชัย เณรแตง\",\"subject\":\"เทคโนโลยี - เทคโนโลยี\",\"class_name\":\"ม1\\/4\",\"room_name\":\"12103 - Lab computer 2\",\"periods_per_week\":1,\"consecutive_slots\":1}',NULL,'172.16.8.26','Mozilla/5.0 (Macintosh; Intel Mac OS X 10_15_7) AppleWebKit/605.1.15 (KHTML, like Gecko) Version/26.1 Safari/605.1.15','2025-11-14 08:22:16'),(499,7,'t00254','delete','teaching_loads',513,'{\"year_label\":\"2568\",\"term_no\":2,\"teacher_name\":\"ขวัญชัย เณรแตง\",\"subject\":\"เทคโนโลยี - เทคโนโลยี\",\"class_name\":\"ม1\\/5\",\"room_name\":\"12103 - Lab computer 2\",\"periods_per_week\":1,\"consecutive_slots\":1}',NULL,'172.16.8.26','Mozilla/5.0 (Macintosh; Intel Mac OS X 10_15_7) AppleWebKit/605.1.15 (KHTML, like Gecko) Version/26.1 Safari/605.1.15','2025-11-14 08:22:18'),(500,7,'t00254','delete','teaching_loads',514,'{\"year_label\":\"2568\",\"term_no\":2,\"teacher_name\":\"ขวัญชัย เณรแตง\",\"subject\":\"เทคโนโลยี - เทคโนโลยี\",\"class_name\":\"ม3\\/1\",\"room_name\":\"12102 - Lab computer 1\",\"periods_per_week\":1,\"consecutive_slots\":1}',NULL,'172.16.8.26','Mozilla/5.0 (Macintosh; Intel Mac OS X 10_15_7) AppleWebKit/605.1.15 (KHTML, like Gecko) Version/26.1 Safari/605.1.15','2025-11-14 08:22:21'),(501,7,'t00254','delete','teaching_loads',515,'{\"year_label\":\"2568\",\"term_no\":2,\"teacher_name\":\"ขวัญชัย เณรแตง\",\"subject\":\"เทคโนโลยี - เทคโนโลยี\",\"class_name\":\"ม3\\/2\",\"room_name\":\"12102 - Lab computer 1\",\"periods_per_week\":1,\"consecutive_slots\":1}',NULL,'172.16.8.26','Mozilla/5.0 (Macintosh; Intel Mac OS X 10_15_7) AppleWebKit/605.1.15 (KHTML, like Gecko) Version/26.1 Safari/605.1.15','2025-11-14 08:22:24'),(502,7,'t00254','delete','teaching_loads',516,'{\"year_label\":\"2568\",\"term_no\":2,\"teacher_name\":\"ขวัญชัย เณรแตง\",\"subject\":\"เทคโนโลยี - เทคโนโลยี\",\"class_name\":\"ม3\\/3\",\"room_name\":\"12102 - Lab computer 1\",\"periods_per_week\":1,\"consecutive_slots\":1}',NULL,'172.16.8.26','Mozilla/5.0 (Macintosh; Intel Mac OS X 10_15_7) AppleWebKit/605.1.15 (KHTML, like Gecko) Version/26.1 Safari/605.1.15','2025-11-14 08:22:26'),(503,7,'t00254','delete','teaching_loads',517,'{\"year_label\":\"2568\",\"term_no\":2,\"teacher_name\":\"ขวัญชัย เณรแตง\",\"subject\":\"เทคโนโลยี - เทคโนโลยี\",\"class_name\":\"ม3\\/4\",\"room_name\":\"12102 - Lab computer 1\",\"periods_per_week\":1,\"consecutive_slots\":1}',NULL,'172.16.8.26','Mozilla/5.0 (Macintosh; Intel Mac OS X 10_15_7) AppleWebKit/605.1.15 (KHTML, like Gecko) Version/26.1 Safari/605.1.15','2025-11-14 08:22:29'),(504,7,'t00254','delete','teaching_loads',518,'{\"year_label\":\"2568\",\"term_no\":2,\"teacher_name\":\"ขวัญชัย เณรแตง\",\"subject\":\"เทคโนโลยี - เทคโนโลยี\",\"class_name\":\"ม3\\/5\",\"room_name\":\"12102 - Lab computer 1\",\"periods_per_week\":1,\"consecutive_slots\":1}',NULL,'172.16.8.26','Mozilla/5.0 (Macintosh; Intel Mac OS X 10_15_7) AppleWebKit/605.1.15 (KHTML, like Gecko) Version/26.1 Safari/605.1.15','2025-11-14 08:22:44'),(505,7,'t00254','create_loads','teaching_loads',NULL,NULL,'{\"year_label\":\"2568\",\"term_no\":2,\"teacher_name\":\"ศุภเกียรติ วิริภิรมย์กูล\",\"subject\":\"QQ English - QQ English\",\"classes\":[\"ม4\\/1\",\"ม4\\/2\",\"ม4\\/3\",\"ม4\\/4\"],\"room_name\":\"12102 - Lab computer 1\",\"periods_per_week\":1,\"consecutive_slots\":1,\"inserted\":4,\"updated\":0,\"created_ids\":[519,520,521,522]}','172.16.8.26','Mozilla/5.0 (Macintosh; Intel Mac OS X 10_15_7) AppleWebKit/605.1.15 (KHTML, like Gecko) Version/26.1 Safari/605.1.15','2025-11-14 08:24:52'),(506,6,'t00241','add_timetable_slot','timetable_slots',NULL,NULL,'{\"view\":\"teacher\",\"year_label\":\"2568\",\"term_no\":2,\"class_name\":\"ม6\\/3\",\"day_of_week\":\"-\",\"period_start\":1,\"period_end\":2,\"span\":2,\"subject\":\"ชีวะ - ชีวะ\",\"teachers\":[\"อ.กันทิมาณี .\"],\"room_name\":\"-\",\"source\":\"manual\",\"slot_ids\":[3187,3188],\"forced\":\"no\"}','192.168.8.3','Mozilla/5.0 (Windows NT 10.0; Win64; x64) AppleWebKit/537.36 (KHTML, like Gecko) Chrome/142.0.0.0 Safari/537.36 Edg/142.0.0.0','2025-11-14 08:26:04'),(507,6,'t00241','add_timetable_slot','timetable_slots',NULL,NULL,'{\"view\":\"teacher\",\"year_label\":\"2568\",\"term_no\":2,\"class_name\":\"ม6\\/4\",\"day_of_week\":\"-\",\"period_start\":3,\"period_end\":4,\"span\":2,\"subject\":\"ชีวะ - ชีวะ\",\"teachers\":[\"อ.กันทิมาณี .\"],\"room_name\":\"-\",\"source\":\"manual\",\"slot_ids\":[3189,3190],\"forced\":\"no\"}','192.168.8.3','Mozilla/5.0 (Windows NT 10.0; Win64; x64) AppleWebKit/537.36 (KHTML, like Gecko) Chrome/142.0.0.0 Safari/537.36 Edg/142.0.0.0','2025-11-14 08:26:08'),(508,6,'t00241','add_timetable_slot','timetable_slots',NULL,NULL,'{\"view\":\"teacher\",\"year_label\":\"2568\",\"term_no\":2,\"class_name\":\"ม6\\/1\",\"day_of_week\":\"-\",\"period_start\":5,\"period_end\":5,\"span\":1,\"subject\":\"ชีวะ - ชีวะ\",\"teachers\":[\"อ.กันทิมาณี .\"],\"room_name\":\"-\",\"source\":\"manual\",\"slot_ids\":[3191],\"forced\":\"no\"}','192.168.8.3','Mozilla/5.0 (Windows NT 10.0; Win64; x64) AppleWebKit/537.36 (KHTML, like Gecko) Chrome/142.0.0.0 Safari/537.36 Edg/142.0.0.0','2025-11-14 08:26:17'),(509,6,'t00241','add_timetable_slot','timetable_slots',NULL,NULL,'{\"view\":\"teacher\",\"year_label\":\"2568\",\"term_no\":2,\"class_name\":\"ม6\\/1\",\"day_of_week\":\"-\",\"period_start\":7,\"period_end\":7,\"span\":1,\"subject\":\"ชีวะ - ชีวะ\",\"teachers\":[\"อ.กันทิมาณี .\"],\"room_name\":\"-\",\"source\":\"manual\",\"slot_ids\":[3192],\"forced\":\"yes\"}','192.168.8.3','Mozilla/5.0 (Windows NT 10.0; Win64; x64) AppleWebKit/537.36 (KHTML, like Gecko) Chrome/142.0.0.0 Safari/537.36 Edg/142.0.0.0','2025-11-14 08:26:24'),(510,6,'t00241','add_timetable_slot','timetable_slots',NULL,NULL,'{\"view\":\"teacher\",\"year_label\":\"2568\",\"term_no\":2,\"class_name\":\"ม6\\/2\",\"day_of_week\":\"-\",\"period_start\":8,\"period_end\":9,\"span\":2,\"subject\":\"ชีวะ - ชีวะ\",\"teachers\":[\"อ.กันทิมาณี .\"],\"room_name\":\"-\",\"source\":\"manual\",\"slot_ids\":[3193,3194],\"forced\":\"no\"}','192.168.8.3','Mozilla/5.0 (Windows NT 10.0; Win64; x64) AppleWebKit/537.36 (KHTML, like Gecko) Chrome/142.0.0.0 Safari/537.36 Edg/142.0.0.0','2025-11-14 08:26:28'),(511,6,'t00241','add_timetable_slot','timetable_slots',NULL,NULL,'{\"view\":\"teacher\",\"year_label\":\"2568\",\"term_no\":2,\"class_name\":\"ม6\\/3\",\"day_of_week\":\"-\",\"period_start\":1,\"period_end\":2,\"span\":2,\"subject\":\"ชีวะ - ชีวะ\",\"teachers\":[\"อ.กันทิมาณี .\"],\"room_name\":\"-\",\"source\":\"manual\",\"slot_ids\":[3195,3196],\"forced\":\"no\"}','192.168.8.3','Mozilla/5.0 (Windows NT 10.0; Win64; x64) AppleWebKit/537.36 (KHTML, like Gecko) Chrome/142.0.0.0 Safari/537.36 Edg/142.0.0.0','2025-11-14 08:26:37'),(512,6,'t00241','add_timetable_slot','timetable_slots',NULL,NULL,'{\"view\":\"teacher\",\"year_label\":\"2568\",\"term_no\":2,\"class_name\":\"ม6\\/4\",\"day_of_week\":\"-\",\"period_start\":3,\"period_end\":4,\"span\":2,\"subject\":\"ชีวะ - ชีวะ\",\"teachers\":[\"อ.กันทิมาณี .\"],\"room_name\":\"-\",\"source\":\"manual\",\"slot_ids\":[3197,3198],\"forced\":\"no\"}','192.168.8.3','Mozilla/5.0 (Windows NT 10.0; Win64; x64) AppleWebKit/537.36 (KHTML, like Gecko) Chrome/142.0.0.0 Safari/537.36 Edg/142.0.0.0','2025-11-14 08:26:40'),(513,6,'t00241','add_timetable_slot','timetable_slots',NULL,NULL,'{\"view\":\"teacher\",\"year_label\":\"2568\",\"term_no\":2,\"class_name\":\"ม6\\/1\",\"day_of_week\":\"-\",\"period_start\":5,\"period_end\":5,\"span\":1,\"subject\":\"ชีวะ - ชีวะ\",\"teachers\":[\"อ.กันทิมาณี .\"],\"room_name\":\"-\",\"source\":\"manual\",\"slot_ids\":[3199],\"forced\":\"no\"}','192.168.8.3','Mozilla/5.0 (Windows NT 10.0; Win64; x64) AppleWebKit/537.36 (KHTML, like Gecko) Chrome/142.0.0.0 Safari/537.36 Edg/142.0.0.0','2025-11-14 08:27:46'),(514,6,'t00241','add_timetable_slot','timetable_slots',NULL,NULL,'{\"view\":\"teacher\",\"year_label\":\"2568\",\"term_no\":2,\"class_name\":\"ม6\\/1\",\"day_of_week\":\"-\",\"period_start\":7,\"period_end\":7,\"span\":1,\"subject\":\"ชีวะ - ชีวะ\",\"teachers\":[\"อ.กันทิมาณี .\"],\"room_name\":\"-\",\"source\":\"manual\",\"slot_ids\":[3200],\"forced\":\"yes\"}','192.168.8.3','Mozilla/5.0 (Windows NT 10.0; Win64; x64) AppleWebKit/537.36 (KHTML, like Gecko) Chrome/142.0.0.0 Safari/537.36 Edg/142.0.0.0','2025-11-14 08:27:54'),(515,6,'t00241','add_timetable_slot','timetable_slots',NULL,NULL,'{\"view\":\"teacher\",\"year_label\":\"2568\",\"term_no\":2,\"class_name\":\"ม6\\/2\",\"day_of_week\":\"-\",\"period_start\":8,\"period_end\":9,\"span\":2,\"subject\":\"ชีวะ - ชีวะ\",\"teachers\":[\"อ.กันทิมาณี .\"],\"room_name\":\"-\",\"source\":\"manual\",\"slot_ids\":[3201,3202],\"forced\":\"no\"}','192.168.8.3','Mozilla/5.0 (Windows NT 10.0; Win64; x64) AppleWebKit/537.36 (KHTML, like Gecko) Chrome/142.0.0.0 Safari/537.36 Edg/142.0.0.0','2025-11-14 08:27:58'),(516,7,'t00254','create_loads','teaching_loads',NULL,NULL,'{\"year_label\":\"2568\",\"term_no\":2,\"teacher_name\":\"ศุภเกียรติ วิริภิรมย์กูล\",\"subject\":\"เทคโนโลยี - เทคโนโลยี\",\"classes\":[\"ม2\\/1\",\"ม2\\/2\",\"ม2\\/3\",\"ม2\\/4\",\"ม2\\/5\"],\"room_name\":\"12103 - Lab computer 2\",\"periods_per_week\":1,\"consecutive_slots\":1,\"inserted\":5,\"updated\":0,\"created_ids\":[523,524,525,526,527]}','172.16.8.26','Mozilla/5.0 (Macintosh; Intel Mac OS X 10_15_7) AppleWebKit/605.1.15 (KHTML, like Gecko) Version/26.1 Safari/605.1.15','2025-11-14 08:30:37'),(517,6,'t00241','create_loads','teaching_loads',NULL,NULL,'{\"year_label\":\"2568\",\"term_no\":2,\"teacher_name\":\"อ.กันทิมาณี .\",\"subject\":\"ชีวะ - ชีวะ\",\"classes\":[\"ม4\\/1\",\"ม4\\/2\",\"ม4\\/3\",\"ม4\\/4\"],\"room_name\":\"-\",\"periods_per_week\":3,\"consecutive_slots\":2,\"inserted\":4,\"updated\":0,\"created_ids\":[528,529,530,531]}','192.168.8.3','Mozilla/5.0 (Windows NT 10.0; Win64; x64) AppleWebKit/537.36 (KHTML, like Gecko) Chrome/142.0.0.0 Safari/537.36 Edg/142.0.0.0','2025-11-14 08:30:57'),(518,7,'t00254','add_timetable_slot','timetable_slots',NULL,NULL,'{\"view\":\"teacher\",\"year_label\":\"2568\",\"term_no\":2,\"class_name\":\"ม2\\/1\",\"day_of_week\":\"อังคาร\",\"period_start\":1,\"period_end\":1,\"span\":1,\"subject\":\"เทคโนโลยี - เทคโนโลยี\",\"teachers\":[\"ศุภเกียรติ วิริภิรมย์กูล\"],\"room_name\":\"Lab computer 2\",\"source\":\"manual\",\"slot_ids\":[3203],\"forced\":\"no\"}','172.16.8.26','Mozilla/5.0 (Macintosh; Intel Mac OS X 10_15_7) AppleWebKit/605.1.15 (KHTML, like Gecko) Version/26.1 Safari/605.1.15','2025-11-14 08:31:05'),(519,7,'t00254','add_timetable_slot','timetable_slots',NULL,NULL,'{\"view\":\"teacher\",\"year_label\":\"2568\",\"term_no\":2,\"class_name\":\"ม2\\/2\",\"day_of_week\":\"อังคาร\",\"period_start\":2,\"period_end\":2,\"span\":1,\"subject\":\"เทคโนโลยี - เทคโนโลยี\",\"teachers\":[\"ศุภเกียรติ วิริภิรมย์กูล\"],\"room_name\":\"Lab computer 2\",\"source\":\"manual\",\"slot_ids\":[3204],\"forced\":\"no\"}','172.16.8.26','Mozilla/5.0 (Macintosh; Intel Mac OS X 10_15_7) AppleWebKit/605.1.15 (KHTML, like Gecko) Version/26.1 Safari/605.1.15','2025-11-14 08:31:10'),(520,7,'t00254','add_timetable_slot','timetable_slots',NULL,NULL,'{\"view\":\"teacher\",\"year_label\":\"2568\",\"term_no\":2,\"class_name\":\"ม2\\/3\",\"day_of_week\":\"อังคาร\",\"period_start\":3,\"period_end\":3,\"span\":1,\"subject\":\"เทคโนโลยี - เทคโนโลยี\",\"teachers\":[\"ศุภเกียรติ วิริภิรมย์กูล\"],\"room_name\":\"Lab computer 2\",\"source\":\"manual\",\"slot_ids\":[3205],\"forced\":\"no\"}','172.16.8.26','Mozilla/5.0 (Macintosh; Intel Mac OS X 10_15_7) AppleWebKit/605.1.15 (KHTML, like Gecko) Version/26.1 Safari/605.1.15','2025-11-14 08:31:14'),(521,7,'t00254','add_timetable_slot','timetable_slots',NULL,NULL,'{\"view\":\"teacher\",\"year_label\":\"2568\",\"term_no\":2,\"class_name\":\"ม2\\/4\",\"day_of_week\":\"พุธ\",\"period_start\":1,\"period_end\":1,\"span\":1,\"subject\":\"เทคโนโลยี - เทคโนโลยี\",\"teachers\":[\"ศุภเกียรติ วิริภิรมย์กูล\"],\"room_name\":\"Lab computer 2\",\"source\":\"manual\",\"slot_ids\":[3206],\"forced\":\"no\"}','172.16.8.26','Mozilla/5.0 (Macintosh; Intel Mac OS X 10_15_7) AppleWebKit/605.1.15 (KHTML, like Gecko) Version/26.1 Safari/605.1.15','2025-11-14 08:31:20'),(522,7,'t00254','add_timetable_slot','timetable_slots',NULL,NULL,'{\"view\":\"teacher\",\"year_label\":\"2568\",\"term_no\":2,\"class_name\":\"ม2\\/5\",\"day_of_week\":\"พุธ\",\"period_start\":2,\"period_end\":2,\"span\":1,\"subject\":\"เทคโนโลยี - เทคโนโลยี\",\"teachers\":[\"ศุภเกียรติ วิริภิรมย์กูล\"],\"room_name\":\"Lab computer 2\",\"source\":\"manual\",\"slot_ids\":[3207],\"forced\":\"no\"}','172.16.8.26','Mozilla/5.0 (Macintosh; Intel Mac OS X 10_15_7) AppleWebKit/605.1.15 (KHTML, like Gecko) Version/26.1 Safari/605.1.15','2025-11-14 08:31:23'),(523,7,'t00254','add_timetable_slot','timetable_slots',NULL,NULL,'{\"view\":\"teacher\",\"year_label\":\"2568\",\"term_no\":2,\"class_name\":\"ม4\\/2\",\"day_of_week\":\"ศุกร์\",\"period_start\":2,\"period_end\":2,\"span\":1,\"subject\":\"QQ English - QQ English\",\"teachers\":[\"ศุภเกียรติ วิริภิรมย์กูล\"],\"room_name\":\"Lab computer 1\",\"source\":\"manual\",\"slot_ids\":[3208],\"forced\":\"no\"}','172.16.8.26','Mozilla/5.0 (Macintosh; Intel Mac OS X 10_15_7) AppleWebKit/605.1.15 (KHTML, like Gecko) Version/26.1 Safari/605.1.15','2025-11-14 08:31:50'),(524,7,'t00254','add_timetable_slot','timetable_slots',NULL,NULL,'{\"view\":\"teacher\",\"year_label\":\"2568\",\"term_no\":2,\"class_name\":\"ม4\\/3\",\"day_of_week\":\"ศุกร์\",\"period_start\":4,\"period_end\":4,\"span\":1,\"subject\":\"QQ English - QQ English\",\"teachers\":[\"ศุภเกียรติ วิริภิรมย์กูล\"],\"room_name\":\"Lab computer 1\",\"source\":\"manual\",\"slot_ids\":[3209],\"forced\":\"no\"}','172.16.8.26','Mozilla/5.0 (Macintosh; Intel Mac OS X 10_15_7) AppleWebKit/605.1.15 (KHTML, like Gecko) Version/26.1 Safari/605.1.15','2025-11-14 08:31:54'),(525,7,'t00254','add_timetable_slot','timetable_slots',NULL,NULL,'{\"view\":\"teacher\",\"year_label\":\"2568\",\"term_no\":2,\"class_name\":\"ม4\\/4\",\"day_of_week\":\"ศุกร์\",\"period_start\":7,\"period_end\":7,\"span\":1,\"subject\":\"QQ English - QQ English\",\"teachers\":[\"ศุภเกียรติ วิริภิรมย์กูล\"],\"room_name\":\"Lab computer 1\",\"source\":\"manual\",\"slot_ids\":[3210],\"forced\":\"no\"}','172.16.8.26','Mozilla/5.0 (Macintosh; Intel Mac OS X 10_15_7) AppleWebKit/605.1.15 (KHTML, like Gecko) Version/26.1 Safari/605.1.15','2025-11-14 08:31:59'),(526,7,'t00254','add_timetable_slot','timetable_slots',NULL,NULL,'{\"view\":\"teacher\",\"year_label\":\"2568\",\"term_no\":2,\"class_name\":\"ม4\\/1\",\"day_of_week\":\"ศุกร์\",\"period_start\":8,\"period_end\":8,\"span\":1,\"subject\":\"QQ English - QQ English\",\"teachers\":[\"ศุภเกียรติ วิริภิรมย์กูล\"],\"room_name\":\"Lab computer 1\",\"source\":\"manual\",\"slot_ids\":[3211],\"forced\":\"no\"}','172.16.8.26','Mozilla/5.0 (Macintosh; Intel Mac OS X 10_15_7) AppleWebKit/605.1.15 (KHTML, like Gecko) Version/26.1 Safari/605.1.15','2025-11-14 08:32:04'),(527,6,'t00241','update','teaching_loads',528,'{\"teacher_id\":121,\"subject_id\":11,\"class_id\":42,\"room_id\":null,\"periods_per_week\":3,\"consecutive_slots\":2}','{\"teacher_id\":122,\"teacher_name\":\"อ.รุจิกร .\",\"subject_id\":11,\"subject_name\":\"ชีวะ - ชีวะ\",\"class_id\":42,\"class_name\":\"ม4\\/1\",\"room_id\":null,\"room_name\":\"-\",\"periods_per_week\":3,\"consecutive_slots\":2}','192.168.8.3','Mozilla/5.0 (Windows NT 10.0; Win64; x64) AppleWebKit/537.36 (KHTML, like Gecko) Chrome/142.0.0.0 Safari/537.36 Edg/142.0.0.0','2025-11-14 08:32:15'),(528,6,'t00241','update','teaching_loads',529,'{\"teacher_id\":121,\"subject_id\":11,\"class_id\":43,\"room_id\":null,\"periods_per_week\":3,\"consecutive_slots\":2}','{\"teacher_id\":122,\"teacher_name\":\"อ.รุจิกร .\",\"subject_id\":11,\"subject_name\":\"ชีวะ - ชีวะ\",\"class_id\":43,\"class_name\":\"ม4\\/2\",\"room_id\":null,\"room_name\":\"-\",\"periods_per_week\":3,\"consecutive_slots\":2}','192.168.8.3','Mozilla/5.0 (Windows NT 10.0; Win64; x64) AppleWebKit/537.36 (KHTML, like Gecko) Chrome/142.0.0.0 Safari/537.36 Edg/142.0.0.0','2025-11-14 08:32:23'),(529,6,'t00241','update','teaching_loads',530,'{\"teacher_id\":121,\"subject_id\":11,\"class_id\":44,\"room_id\":null,\"periods_per_week\":3,\"consecutive_slots\":2}','{\"teacher_id\":122,\"teacher_name\":\"อ.รุจิกร .\",\"subject_id\":11,\"subject_name\":\"ชีวะ - ชีวะ\",\"class_id\":44,\"class_name\":\"ม4\\/3\",\"room_id\":null,\"room_name\":\"-\",\"periods_per_week\":3,\"consecutive_slots\":2}','192.168.8.3','Mozilla/5.0 (Windows NT 10.0; Win64; x64) AppleWebKit/537.36 (KHTML, like Gecko) Chrome/142.0.0.0 Safari/537.36 Edg/142.0.0.0','2025-11-14 08:32:29'),(530,6,'t00241','update','teaching_loads',531,'{\"teacher_id\":121,\"subject_id\":11,\"class_id\":45,\"room_id\":null,\"periods_per_week\":3,\"consecutive_slots\":2}','{\"teacher_id\":122,\"teacher_name\":\"อ.รุจิกร .\",\"subject_id\":11,\"subject_name\":\"ชีวะ - ชีวะ\",\"class_id\":45,\"class_name\":\"ม4\\/4\",\"room_id\":null,\"room_name\":\"-\",\"periods_per_week\":3,\"consecutive_slots\":2}','192.168.8.3','Mozilla/5.0 (Windows NT 10.0; Win64; x64) AppleWebKit/537.36 (KHTML, like Gecko) Chrome/142.0.0.0 Safari/537.36 Edg/142.0.0.0','2025-11-14 08:32:35'),(531,6,'t00241','add_timetable_slot','timetable_slots',NULL,NULL,'{\"view\":\"teacher\",\"year_label\":\"2568\",\"term_no\":2,\"class_name\":\"ม4\\/1\",\"day_of_week\":\"พฤหัสบดี\",\"period_start\":6,\"period_end\":6,\"span\":1,\"subject\":\"ชีวะ - ชีวะ\",\"teachers\":[\"อ.รุจิกร .\"],\"room_name\":\"-\",\"source\":\"manual\",\"slot_ids\":[3212],\"forced\":\"no\"}','192.168.8.3','Mozilla/5.0 (Windows NT 10.0; Win64; x64) AppleWebKit/537.36 (KHTML, like Gecko) Chrome/142.0.0.0 Safari/537.36 Edg/142.0.0.0','2025-11-14 08:33:19'),(532,6,'t00241','add_timetable_slot','timetable_slots',NULL,NULL,'{\"view\":\"teacher\",\"year_label\":\"2568\",\"term_no\":2,\"class_name\":\"ม4\\/2\",\"day_of_week\":\"พฤหัสบดี\",\"period_start\":7,\"period_end\":7,\"span\":1,\"subject\":\"ชีวะ - ชีวะ\",\"teachers\":[\"อ.รุจิกร .\"],\"room_name\":\"-\",\"source\":\"manual\",\"slot_ids\":[3213],\"forced\":\"no\"}','192.168.8.3','Mozilla/5.0 (Windows NT 10.0; Win64; x64) AppleWebKit/537.36 (KHTML, like Gecko) Chrome/142.0.0.0 Safari/537.36 Edg/142.0.0.0','2025-11-14 08:33:24'),(533,6,'t00241','add_timetable_slot','timetable_slots',NULL,NULL,'{\"view\":\"teacher\",\"year_label\":\"2568\",\"term_no\":2,\"class_name\":\"ม4\\/3\",\"day_of_week\":\"พฤหัสบดี\",\"period_start\":8,\"period_end\":8,\"span\":1,\"subject\":\"ชีวะ - ชีวะ\",\"teachers\":[\"อ.รุจิกร .\"],\"room_name\":\"-\",\"source\":\"manual\",\"slot_ids\":[3214],\"forced\":\"no\"}','192.168.8.3','Mozilla/5.0 (Windows NT 10.0; Win64; x64) AppleWebKit/537.36 (KHTML, like Gecko) Chrome/142.0.0.0 Safari/537.36 Edg/142.0.0.0','2025-11-14 08:33:28'),(534,6,'t00241','add_timetable_slot','timetable_slots',NULL,NULL,'{\"view\":\"teacher\",\"year_label\":\"2568\",\"term_no\":2,\"class_name\":\"ม4\\/4\",\"day_of_week\":\"พฤหัสบดี\",\"period_start\":9,\"period_end\":9,\"span\":1,\"subject\":\"ชีวะ - ชีวะ\",\"teachers\":[\"อ.รุจิกร .\"],\"room_name\":\"-\",\"source\":\"manual\",\"slot_ids\":[3215],\"forced\":\"no\"}','192.168.8.3','Mozilla/5.0 (Windows NT 10.0; Win64; x64) AppleWebKit/537.36 (KHTML, like Gecko) Chrome/142.0.0.0 Safari/537.36 Edg/142.0.0.0','2025-11-14 08:33:32'),(535,6,'t00241','add_timetable_slot','timetable_slots',NULL,NULL,'{\"view\":\"teacher\",\"year_label\":\"2568\",\"term_no\":2,\"class_name\":\"ม4\\/1\",\"day_of_week\":\"ศุกร์\",\"period_start\":1,\"period_end\":2,\"span\":2,\"subject\":\"ชีวะ - ชีวะ\",\"teachers\":[\"อ.รุจิกร .\"],\"room_name\":\"-\",\"source\":\"manual\",\"slot_ids\":[3216,3217],\"forced\":\"no\"}','192.168.8.3','Mozilla/5.0 (Windows NT 10.0; Win64; x64) AppleWebKit/537.36 (KHTML, like Gecko) Chrome/142.0.0.0 Safari/537.36 Edg/142.0.0.0','2025-11-14 08:33:36'),(536,6,'t00241','add_timetable_slot','timetable_slots',NULL,NULL,'{\"view\":\"teacher\",\"year_label\":\"2568\",\"term_no\":2,\"class_name\":\"ม4\\/2\",\"day_of_week\":\"ศุกร์\",\"period_start\":3,\"period_end\":4,\"span\":2,\"subject\":\"ชีวะ - ชีวะ\",\"teachers\":[\"อ.รุจิกร .\"],\"room_name\":\"-\",\"source\":\"manual\",\"slot_ids\":[3218,3219],\"forced\":\"no\"}','192.168.8.3','Mozilla/5.0 (Windows NT 10.0; Win64; x64) AppleWebKit/537.36 (KHTML, like Gecko) Chrome/142.0.0.0 Safari/537.36 Edg/142.0.0.0','2025-11-14 08:33:39'),(537,6,'t00241','add_timetable_slot','timetable_slots',NULL,NULL,'{\"view\":\"teacher\",\"year_label\":\"2568\",\"term_no\":2,\"class_name\":\"ม4\\/3\",\"day_of_week\":\"ศุกร์\",\"period_start\":6,\"period_end\":7,\"span\":2,\"subject\":\"ชีวะ - ชีวะ\",\"teachers\":[\"อ.รุจิกร .\"],\"room_name\":\"-\",\"source\":\"manual\",\"slot_ids\":[3220,3221],\"forced\":\"no\"}','192.168.8.3','Mozilla/5.0 (Windows NT 10.0; Win64; x64) AppleWebKit/537.36 (KHTML, like Gecko) Chrome/142.0.0.0 Safari/537.36 Edg/142.0.0.0','2025-11-14 08:33:43'),(538,6,'t00241','add_timetable_slot','timetable_slots',NULL,NULL,'{\"view\":\"teacher\",\"year_label\":\"2568\",\"term_no\":2,\"class_name\":\"ม4\\/4\",\"day_of_week\":\"ศุกร์\",\"period_start\":8,\"period_end\":9,\"span\":2,\"subject\":\"ชีวะ - ชีวะ\",\"teachers\":[\"อ.รุจิกร .\"],\"room_name\":\"-\",\"source\":\"manual\",\"slot_ids\":[3222,3223],\"forced\":\"no\"}','192.168.8.3','Mozilla/5.0 (Windows NT 10.0; Win64; x64) AppleWebKit/537.36 (KHTML, like Gecko) Chrome/142.0.0.0 Safari/537.36 Edg/142.0.0.0','2025-11-14 08:33:46'),(539,6,'t00241','create_loads','teaching_loads',NULL,NULL,'{\"year_label\":\"2568\",\"term_no\":2,\"teacher_name\":\"อ.เรณู .\",\"subject\":\"ชีวะ - ชีวะ\",\"classes\":[\"ม5\\/1\",\"ม5\\/2\",\"ม5\\/3\",\"ม5\\/4\"],\"room_name\":\"-\",\"periods_per_week\":5,\"consecutive_slots\":2,\"inserted\":4,\"updated\":0,\"created_ids\":[532,533,534,535]}','192.168.8.3','Mozilla/5.0 (Windows NT 10.0; Win64; x64) AppleWebKit/537.36 (KHTML, like Gecko) Chrome/142.0.0.0 Safari/537.36 Edg/142.0.0.0','2025-11-14 08:34:18'),(540,6,'t00241','add_timetable_slot','timetable_slots',NULL,NULL,'{\"view\":\"teacher\",\"year_label\":\"2568\",\"term_no\":2,\"class_name\":\"ม5\\/1\",\"day_of_week\":\"พุธ\",\"period_start\":5,\"period_end\":5,\"span\":1,\"subject\":\"ชีวะ - ชีวะ\",\"teachers\":[\"อ.เรณู .\"],\"room_name\":\"-\",\"source\":\"manual\",\"slot_ids\":[3224],\"forced\":\"no\"}','192.168.8.3','Mozilla/5.0 (Windows NT 10.0; Win64; x64) AppleWebKit/537.36 (KHTML, like Gecko) Chrome/142.0.0.0 Safari/537.36 Edg/142.0.0.0','2025-11-14 08:34:35'),(541,6,'t00241','add_timetable_slot','timetable_slots',NULL,NULL,'{\"view\":\"teacher\",\"year_label\":\"2568\",\"term_no\":2,\"class_name\":\"ม5\\/2\",\"day_of_week\":\"พุธ\",\"period_start\":7,\"period_end\":7,\"span\":1,\"subject\":\"ชีวะ - ชีวะ\",\"teachers\":[\"อ.เรณู .\"],\"room_name\":\"-\",\"source\":\"manual\",\"slot_ids\":[3225],\"forced\":\"no\"}','192.168.8.3','Mozilla/5.0 (Windows NT 10.0; Win64; x64) AppleWebKit/537.36 (KHTML, like Gecko) Chrome/142.0.0.0 Safari/537.36 Edg/142.0.0.0','2025-11-14 08:34:39'),(542,6,'t00241','add_timetable_slot','timetable_slots',NULL,NULL,'{\"view\":\"teacher\",\"year_label\":\"2568\",\"term_no\":2,\"class_name\":\"ม5\\/3\",\"day_of_week\":\"พุธ\",\"period_start\":8,\"period_end\":8,\"span\":1,\"subject\":\"ชีวะ - ชีวะ\",\"teachers\":[\"อ.เรณู .\"],\"room_name\":\"-\",\"source\":\"manual\",\"slot_ids\":[3226],\"forced\":\"no\"}','192.168.8.3','Mozilla/5.0 (Windows NT 10.0; Win64; x64) AppleWebKit/537.36 (KHTML, like Gecko) Chrome/142.0.0.0 Safari/537.36 Edg/142.0.0.0','2025-11-14 08:34:43'),(543,6,'t00241','add_timetable_slot','timetable_slots',NULL,NULL,'{\"view\":\"teacher\",\"year_label\":\"2568\",\"term_no\":2,\"class_name\":\"ม5\\/4\",\"day_of_week\":\"พุธ\",\"period_start\":9,\"period_end\":9,\"span\":1,\"subject\":\"ชีวะ - ชีวะ\",\"teachers\":[\"อ.เรณู .\"],\"room_name\":\"-\",\"source\":\"manual\",\"slot_ids\":[3227],\"forced\":\"no\"}','192.168.8.3','Mozilla/5.0 (Windows NT 10.0; Win64; x64) AppleWebKit/537.36 (KHTML, like Gecko) Chrome/142.0.0.0 Safari/537.36 Edg/142.0.0.0','2025-11-14 08:34:47'),(544,6,'t00241','add_timetable_slot','timetable_slots',NULL,NULL,'{\"view\":\"teacher\",\"year_label\":\"2568\",\"term_no\":2,\"class_name\":\"ม5\\/2\",\"day_of_week\":\"พฤหัสบดี\",\"period_start\":1,\"period_end\":2,\"span\":2,\"subject\":\"ชีวะ - ชีวะ\",\"teachers\":[\"อ.เรณู .\"],\"room_name\":\"-\",\"source\":\"manual\",\"slot_ids\":[3228,3229],\"forced\":\"no\"}','192.168.8.3','Mozilla/5.0 (Windows NT 10.0; Win64; x64) AppleWebKit/537.36 (KHTML, like Gecko) Chrome/142.0.0.0 Safari/537.36 Edg/142.0.0.0','2025-11-14 08:34:51'),(545,6,'t00241','add_timetable_slot','timetable_slots',NULL,NULL,'{\"view\":\"teacher\",\"year_label\":\"2568\",\"term_no\":2,\"class_name\":\"ม5\\/3\",\"day_of_week\":\"พฤหัสบดี\",\"period_start\":3,\"period_end\":4,\"span\":2,\"subject\":\"ชีวะ - ชีวะ\",\"teachers\":[\"อ.เรณู .\"],\"room_name\":\"-\",\"source\":\"manual\",\"slot_ids\":[3230,3231],\"forced\":\"no\"}','192.168.8.3','Mozilla/5.0 (Windows NT 10.0; Win64; x64) AppleWebKit/537.36 (KHTML, like Gecko) Chrome/142.0.0.0 Safari/537.36 Edg/142.0.0.0','2025-11-14 08:34:55'),(546,6,'t00241','add_timetable_slot','timetable_slots',NULL,NULL,'{\"view\":\"teacher\",\"year_label\":\"2568\",\"term_no\":2,\"class_name\":\"ม5\\/4\",\"day_of_week\":\"พฤหัสบดี\",\"period_start\":5,\"period_end\":5,\"span\":1,\"subject\":\"ชีวะ - ชีวะ\",\"teachers\":[\"อ.เรณู .\"],\"room_name\":\"-\",\"source\":\"manual\",\"slot_ids\":[3232],\"forced\":\"no\"}','192.168.8.3','Mozilla/5.0 (Windows NT 10.0; Win64; x64) AppleWebKit/537.36 (KHTML, like Gecko) Chrome/142.0.0.0 Safari/537.36 Edg/142.0.0.0','2025-11-14 08:35:01'),(547,6,'t00241','add_timetable_slot','timetable_slots',NULL,NULL,'{\"view\":\"teacher\",\"year_label\":\"2568\",\"term_no\":2,\"class_name\":\"ม5\\/4\",\"day_of_week\":\"พฤหัสบดี\",\"period_start\":7,\"period_end\":7,\"span\":1,\"subject\":\"ชีวะ - ชีวะ\",\"teachers\":[\"อ.เรณู .\"],\"room_name\":\"-\",\"source\":\"manual\",\"slot_ids\":[3233],\"forced\":\"yes\"}','192.168.8.3','Mozilla/5.0 (Windows NT 10.0; Win64; x64) AppleWebKit/537.36 (KHTML, like Gecko) Chrome/142.0.0.0 Safari/537.36 Edg/142.0.0.0','2025-11-14 08:35:06'),(548,6,'t00241','add_timetable_slot','timetable_slots',NULL,NULL,'{\"view\":\"teacher\",\"year_label\":\"2568\",\"term_no\":2,\"class_name\":\"ม5\\/1\",\"day_of_week\":\"พฤหัสบดี\",\"period_start\":8,\"period_end\":9,\"span\":2,\"subject\":\"ชีวะ - ชีวะ\",\"teachers\":[\"อ.เรณู .\"],\"room_name\":\"-\",\"source\":\"manual\",\"slot_ids\":[3234,3235],\"forced\":\"no\"}','192.168.8.3','Mozilla/5.0 (Windows NT 10.0; Win64; x64) AppleWebKit/537.36 (KHTML, like Gecko) Chrome/142.0.0.0 Safari/537.36 Edg/142.0.0.0','2025-11-14 08:35:09'),(549,6,'t00241','add_timetable_slot','timetable_slots',NULL,NULL,'{\"view\":\"teacher\",\"year_label\":\"2568\",\"term_no\":2,\"class_name\":\"ม5\\/1\",\"day_of_week\":\"ศุกร์\",\"period_start\":1,\"period_end\":2,\"span\":2,\"subject\":\"ชีวะ - ชีวะ\",\"teachers\":[\"อ.เรณู .\"],\"room_name\":\"-\",\"source\":\"manual\",\"slot_ids\":[3236,3237],\"forced\":\"no\"}','192.168.8.3','Mozilla/5.0 (Windows NT 10.0; Win64; x64) AppleWebKit/537.36 (KHTML, like Gecko) Chrome/142.0.0.0 Safari/537.36 Edg/142.0.0.0','2025-11-14 08:35:13'),(550,6,'t00241','add_timetable_slot','timetable_slots',NULL,NULL,'{\"view\":\"teacher\",\"year_label\":\"2568\",\"term_no\":2,\"class_name\":\"ม5\\/2\",\"day_of_week\":\"ศุกร์\",\"period_start\":3,\"period_end\":4,\"span\":2,\"subject\":\"ชีวะ - ชีวะ\",\"teachers\":[\"อ.เรณู .\"],\"room_name\":\"-\",\"source\":\"manual\",\"slot_ids\":[3238,3239],\"forced\":\"no\"}','192.168.8.3','Mozilla/5.0 (Windows NT 10.0; Win64; x64) AppleWebKit/537.36 (KHTML, like Gecko) Chrome/142.0.0.0 Safari/537.36 Edg/142.0.0.0','2025-11-14 08:35:18'),(551,6,'t00241','add_timetable_slot','timetable_slots',NULL,NULL,'{\"view\":\"teacher\",\"year_label\":\"2568\",\"term_no\":2,\"class_name\":\"ม5\\/3\",\"day_of_week\":\"ศุกร์\",\"period_start\":5,\"period_end\":5,\"span\":1,\"subject\":\"ชีวะ - ชีวะ\",\"teachers\":[\"อ.เรณู .\"],\"room_name\":\"-\",\"source\":\"manual\",\"slot_ids\":[3240],\"forced\":\"no\"}','192.168.8.3','Mozilla/5.0 (Windows NT 10.0; Win64; x64) AppleWebKit/537.36 (KHTML, like Gecko) Chrome/142.0.0.0 Safari/537.36 Edg/142.0.0.0','2025-11-14 08:35:23'),(552,6,'t00241','add_timetable_slot','timetable_slots',NULL,NULL,'{\"view\":\"teacher\",\"year_label\":\"2568\",\"term_no\":2,\"class_name\":\"ม5\\/3\",\"day_of_week\":\"ศุกร์\",\"period_start\":7,\"period_end\":7,\"span\":1,\"subject\":\"ชีวะ - ชีวะ\",\"teachers\":[\"อ.เรณู .\"],\"room_name\":\"-\",\"source\":\"manual\",\"slot_ids\":[3241],\"forced\":\"yes\"}','192.168.8.3','Mozilla/5.0 (Windows NT 10.0; Win64; x64) AppleWebKit/537.36 (KHTML, like Gecko) Chrome/142.0.0.0 Safari/537.36 Edg/142.0.0.0','2025-11-14 08:35:28'),(553,6,'t00241','add_timetable_slot','timetable_slots',NULL,NULL,'{\"view\":\"teacher\",\"year_label\":\"2568\",\"term_no\":2,\"class_name\":\"ม5\\/4\",\"day_of_week\":\"ศุกร์\",\"period_start\":8,\"period_end\":9,\"span\":2,\"subject\":\"ชีวะ - ชีวะ\",\"teachers\":[\"อ.เรณู .\"],\"room_name\":\"-\",\"source\":\"manual\",\"slot_ids\":[3242,3243],\"forced\":\"no\"}','192.168.8.3','Mozilla/5.0 (Windows NT 10.0; Win64; x64) AppleWebKit/537.36 (KHTML, like Gecko) Chrome/142.0.0.0 Safari/537.36 Edg/142.0.0.0','2025-11-14 08:35:31'),(554,6,'t00241','create_loads','teaching_loads',NULL,NULL,'{\"year_label\":\"2568\",\"term_no\":2,\"teacher_name\":\"อ.สมาน .\",\"subject\":\"ชีวะ - ชีวะ\",\"classes\":[\"ม5\\/1\",\"ม5\\/2\",\"ม5\\/3\",\"ม5\\/4\",\"ม6\\/1\",\"ม6\\/2\",\"ม6\\/3\",\"ม6\\/4\"],\"room_name\":\"-\",\"periods_per_week\":2,\"consecutive_slots\":2,\"inserted\":8,\"updated\":0,\"created_ids\":[536,537,538,539,540,541,542,543]}','192.168.8.3','Mozilla/5.0 (Windows NT 10.0; Win64; x64) AppleWebKit/537.36 (KHTML, like Gecko) Chrome/142.0.0.0 Safari/537.36 Edg/142.0.0.0','2025-11-14 08:36:13'),(555,6,'t00241','add_timetable_slot','timetable_slots',NULL,NULL,'{\"view\":\"teacher\",\"year_label\":\"2568\",\"term_no\":2,\"class_name\":\"ม6\\/4\",\"day_of_week\":\"พุธ\",\"period_start\":1,\"period_end\":2,\"span\":2,\"subject\":\"ชีวะ - ชีวะ\",\"teachers\":[\"อ.สมาน .\"],\"room_name\":\"-\",\"source\":\"manual\",\"slot_ids\":[3244,3245],\"forced\":\"no\"}','192.168.8.3','Mozilla/5.0 (Windows NT 10.0; Win64; x64) AppleWebKit/537.36 (KHTML, like Gecko) Chrome/142.0.0.0 Safari/537.36 Edg/142.0.0.0','2025-11-14 08:36:24'),(556,6,'t00241','add_timetable_slot','timetable_slots',NULL,NULL,'{\"view\":\"teacher\",\"year_label\":\"2568\",\"term_no\":2,\"class_name\":\"ม6\\/1\",\"day_of_week\":\"พุธ\",\"period_start\":3,\"period_end\":4,\"span\":2,\"subject\":\"ชีวะ - ชีวะ\",\"teachers\":[\"อ.สมาน .\"],\"room_name\":\"-\",\"source\":\"manual\",\"slot_ids\":[3246,3247],\"forced\":\"no\"}','192.168.8.3','Mozilla/5.0 (Windows NT 10.0; Win64; x64) AppleWebKit/537.36 (KHTML, like Gecko) Chrome/142.0.0.0 Safari/537.36 Edg/142.0.0.0','2025-11-14 08:36:27'),(557,6,'t00241','add_timetable_slot','timetable_slots',NULL,NULL,'{\"view\":\"teacher\",\"year_label\":\"2568\",\"term_no\":2,\"class_name\":\"ม6\\/2\",\"day_of_week\":\"พุธ\",\"period_start\":5,\"period_end\":5,\"span\":1,\"subject\":\"ชีวะ - ชีวะ\",\"teachers\":[\"อ.สมาน .\"],\"room_name\":\"-\",\"source\":\"manual\",\"slot_ids\":[3248],\"forced\":\"no\"}','192.168.8.3','Mozilla/5.0 (Windows NT 10.0; Win64; x64) AppleWebKit/537.36 (KHTML, like Gecko) Chrome/142.0.0.0 Safari/537.36 Edg/142.0.0.0','2025-11-14 08:36:31'),(558,6,'t00241','add_timetable_slot','timetable_slots',NULL,NULL,'{\"view\":\"teacher\",\"year_label\":\"2568\",\"term_no\":2,\"class_name\":\"ม6\\/2\",\"day_of_week\":\"พุธ\",\"period_start\":7,\"period_end\":7,\"span\":1,\"subject\":\"ชีวะ - ชีวะ\",\"teachers\":[\"อ.สมาน .\"],\"room_name\":\"-\",\"source\":\"manual\",\"slot_ids\":[3249],\"forced\":\"yes\"}','192.168.8.3','Mozilla/5.0 (Windows NT 10.0; Win64; x64) AppleWebKit/537.36 (KHTML, like Gecko) Chrome/142.0.0.0 Safari/537.36 Edg/142.0.0.0','2025-11-14 08:36:37'),(559,6,'t00241','add_timetable_slot','timetable_slots',NULL,NULL,'{\"view\":\"teacher\",\"year_label\":\"2568\",\"term_no\":2,\"class_name\":\"ม6\\/3\",\"day_of_week\":\"พุธ\",\"period_start\":8,\"period_end\":9,\"span\":2,\"subject\":\"ชีวะ - ชีวะ\",\"teachers\":[\"อ.สมาน .\"],\"room_name\":\"-\",\"source\":\"manual\",\"slot_ids\":[3250,3251],\"forced\":\"no\"}','192.168.8.3','Mozilla/5.0 (Windows NT 10.0; Win64; x64) AppleWebKit/537.36 (KHTML, like Gecko) Chrome/142.0.0.0 Safari/537.36 Edg/142.0.0.0','2025-11-14 08:36:39'),(560,6,'t00241','add_timetable_slot','timetable_slots',NULL,NULL,'{\"view\":\"teacher\",\"year_label\":\"2568\",\"term_no\":2,\"class_name\":\"ม5\\/4\",\"day_of_week\":\"-\",\"period_start\":1,\"period_end\":2,\"span\":2,\"subject\":\"ชีวะ - ชีวะ\",\"teachers\":[\"อ.สมาน .\"],\"room_name\":\"-\",\"source\":\"manual\",\"slot_ids\":[3252,3253],\"forced\":\"no\"}','192.168.8.3','Mozilla/5.0 (Windows NT 10.0; Win64; x64) AppleWebKit/537.36 (KHTML, like Gecko) Chrome/142.0.0.0 Safari/537.36 Edg/142.0.0.0','2025-11-14 08:36:46'),(561,6,'t00241','add_timetable_slot','timetable_slots',NULL,NULL,'{\"view\":\"teacher\",\"year_label\":\"2568\",\"term_no\":2,\"class_name\":\"ม5\\/1\",\"day_of_week\":\"-\",\"period_start\":3,\"period_end\":4,\"span\":2,\"subject\":\"ชีวะ - ชีวะ\",\"teachers\":[\"อ.สมาน .\"],\"room_name\":\"-\",\"source\":\"manual\",\"slot_ids\":[3254,3255],\"forced\":\"no\"}','192.168.8.3','Mozilla/5.0 (Windows NT 10.0; Win64; x64) AppleWebKit/537.36 (KHTML, like Gecko) Chrome/142.0.0.0 Safari/537.36 Edg/142.0.0.0','2025-11-14 08:36:50'),(562,6,'t00241','add_timetable_slot','timetable_slots',NULL,NULL,'{\"view\":\"teacher\",\"year_label\":\"2568\",\"term_no\":2,\"class_name\":\"ม5\\/2\",\"day_of_week\":\"-\",\"period_start\":5,\"period_end\":5,\"span\":1,\"subject\":\"ชีวะ - ชีวะ\",\"teachers\":[\"อ.สมาน .\"],\"room_name\":\"-\",\"source\":\"manual\",\"slot_ids\":[3256],\"forced\":\"no\"}','192.168.8.3','Mozilla/5.0 (Windows NT 10.0; Win64; x64) AppleWebKit/537.36 (KHTML, like Gecko) Chrome/142.0.0.0 Safari/537.36 Edg/142.0.0.0','2025-11-14 08:36:54'),(563,6,'t00241','add_timetable_slot','timetable_slots',NULL,NULL,'{\"view\":\"teacher\",\"year_label\":\"2568\",\"term_no\":2,\"class_name\":\"ม5\\/2\",\"day_of_week\":\"-\",\"period_start\":7,\"period_end\":7,\"span\":1,\"subject\":\"ชีวะ - ชีวะ\",\"teachers\":[\"อ.สมาน .\"],\"room_name\":\"-\",\"source\":\"manual\",\"slot_ids\":[3257],\"forced\":\"yes\"}','192.168.8.3','Mozilla/5.0 (Windows NT 10.0; Win64; x64) AppleWebKit/537.36 (KHTML, like Gecko) Chrome/142.0.0.0 Safari/537.36 Edg/142.0.0.0','2025-11-14 08:36:59'),(564,6,'t00241','add_timetable_slot','timetable_slots',NULL,NULL,'{\"view\":\"teacher\",\"year_label\":\"2568\",\"term_no\":2,\"class_name\":\"ม5\\/3\",\"day_of_week\":\"-\",\"period_start\":8,\"period_end\":9,\"span\":2,\"subject\":\"ชีวะ - ชีวะ\",\"teachers\":[\"อ.สมาน .\"],\"room_name\":\"-\",\"source\":\"manual\",\"slot_ids\":[3258,3259],\"forced\":\"no\"}','192.168.8.3','Mozilla/5.0 (Windows NT 10.0; Win64; x64) AppleWebKit/537.36 (KHTML, like Gecko) Chrome/142.0.0.0 Safari/537.36 Edg/142.0.0.0','2025-11-14 08:37:03'),(565,6,'t00241','create_loads','teaching_loads',NULL,NULL,'{\"year_label\":\"2568\",\"term_no\":2,\"teacher_name\":\"อ.สุทธิพงษ์ .\",\"subject\":\"ชีวะ - ชีวะ\",\"classes\":[\"ม4\\/1\",\"ม4\\/2\",\"ม4\\/3\",\"ม4\\/4\"],\"room_name\":\"-\",\"periods_per_week\":4,\"consecutive_slots\":2,\"inserted\":4,\"updated\":0,\"created_ids\":[544,545,546,547]}','192.168.8.3','Mozilla/5.0 (Windows NT 10.0; Win64; x64) AppleWebKit/537.36 (KHTML, like Gecko) Chrome/142.0.0.0 Safari/537.36 Edg/142.0.0.0','2025-11-14 08:38:51'),(566,6,'t00241','add_timetable_slot','timetable_slots',NULL,NULL,'{\"view\":\"teacher\",\"year_label\":\"2568\",\"term_no\":2,\"class_name\":\"ม4\\/3\",\"day_of_week\":\"อังคาร\",\"period_start\":1,\"period_end\":2,\"span\":2,\"subject\":\"ชีวะ - ชีวะ\",\"teachers\":[\"อ.สุทธิพงษ์ .\"],\"room_name\":\"-\",\"source\":\"manual\",\"slot_ids\":[3260,3261],\"forced\":\"no\"}','192.168.8.3','Mozilla/5.0 (Windows NT 10.0; Win64; x64) AppleWebKit/537.36 (KHTML, like Gecko) Chrome/142.0.0.0 Safari/537.36 Edg/142.0.0.0','2025-11-14 08:39:01'),(567,6,'t00241','add_timetable_slot','timetable_slots',NULL,NULL,'{\"view\":\"teacher\",\"year_label\":\"2568\",\"term_no\":2,\"class_name\":\"ม4\\/4\",\"day_of_week\":\"อังคาร\",\"period_start\":3,\"period_end\":4,\"span\":2,\"subject\":\"ชีวะ - ชีวะ\",\"teachers\":[\"อ.สุทธิพงษ์ .\"],\"room_name\":\"-\",\"source\":\"manual\",\"slot_ids\":[3262,3263],\"forced\":\"no\"}','192.168.8.3','Mozilla/5.0 (Windows NT 10.0; Win64; x64) AppleWebKit/537.36 (KHTML, like Gecko) Chrome/142.0.0.0 Safari/537.36 Edg/142.0.0.0','2025-11-14 08:39:03'),(568,6,'t00241','add_timetable_slot','timetable_slots',NULL,NULL,'{\"view\":\"teacher\",\"year_label\":\"2568\",\"term_no\":2,\"class_name\":\"ม4\\/1\",\"day_of_week\":\"อังคาร\",\"period_start\":6,\"period_end\":7,\"span\":2,\"subject\":\"ชีวะ - ชีวะ\",\"teachers\":[\"อ.สุทธิพงษ์ .\"],\"room_name\":\"-\",\"source\":\"manual\",\"slot_ids\":[3264,3265],\"forced\":\"no\"}','192.168.8.3','Mozilla/5.0 (Windows NT 10.0; Win64; x64) AppleWebKit/537.36 (KHTML, like Gecko) Chrome/142.0.0.0 Safari/537.36 Edg/142.0.0.0','2025-11-14 08:44:06'),(569,6,'t00241','add_timetable_slot','timetable_slots',NULL,NULL,'{\"view\":\"teacher\",\"year_label\":\"2568\",\"term_no\":2,\"class_name\":\"ม4\\/2\",\"day_of_week\":\"อังคาร\",\"period_start\":8,\"period_end\":9,\"span\":2,\"subject\":\"ชีวะ - ชีวะ\",\"teachers\":[\"อ.สุทธิพงษ์ .\"],\"room_name\":\"-\",\"source\":\"manual\",\"slot_ids\":[3266,3267],\"forced\":\"no\"}','192.168.8.3','Mozilla/5.0 (Windows NT 10.0; Win64; x64) AppleWebKit/537.36 (KHTML, like Gecko) Chrome/142.0.0.0 Safari/537.36 Edg/142.0.0.0','2025-11-14 08:44:09'),(570,6,'t00241','add_timetable_slot','timetable_slots',NULL,NULL,'{\"view\":\"teacher\",\"year_label\":\"2568\",\"term_no\":2,\"class_name\":\"ม4\\/2\",\"day_of_week\":\"พุธ\",\"period_start\":1,\"period_end\":2,\"span\":2,\"subject\":\"ชีวะ - ชีวะ\",\"teachers\":[\"อ.สุทธิพงษ์ .\"],\"room_name\":\"-\",\"source\":\"manual\",\"slot_ids\":[3268,3269],\"forced\":\"no\"}','192.168.8.3','Mozilla/5.0 (Windows NT 10.0; Win64; x64) AppleWebKit/537.36 (KHTML, like Gecko) Chrome/142.0.0.0 Safari/537.36 Edg/142.0.0.0','2025-11-14 08:44:13'),(571,6,'t00241','add_timetable_slot','timetable_slots',NULL,NULL,'{\"view\":\"teacher\",\"year_label\":\"2568\",\"term_no\":2,\"class_name\":\"ม4\\/3\",\"day_of_week\":\"พุธ\",\"period_start\":3,\"period_end\":4,\"span\":2,\"subject\":\"ชีวะ - ชีวะ\",\"teachers\":[\"อ.สุทธิพงษ์ .\"],\"room_name\":\"-\",\"source\":\"manual\",\"slot_ids\":[3270,3271],\"forced\":\"no\"}','192.168.8.3','Mozilla/5.0 (Windows NT 10.0; Win64; x64) AppleWebKit/537.36 (KHTML, like Gecko) Chrome/142.0.0.0 Safari/537.36 Edg/142.0.0.0','2025-11-14 08:44:53'),(572,6,'t00241','add_timetable_slot','timetable_slots',NULL,NULL,'{\"view\":\"teacher\",\"year_label\":\"2568\",\"term_no\":2,\"class_name\":\"ม4\\/4\",\"day_of_week\":\"พุธ\",\"period_start\":6,\"period_end\":7,\"span\":2,\"subject\":\"ชีวะ - ชีวะ\",\"teachers\":[\"อ.สุทธิพงษ์ .\"],\"room_name\":\"-\",\"source\":\"manual\",\"slot_ids\":[3272,3273],\"forced\":\"no\"}','192.168.8.3','Mozilla/5.0 (Windows NT 10.0; Win64; x64) AppleWebKit/537.36 (KHTML, like Gecko) Chrome/142.0.0.0 Safari/537.36 Edg/142.0.0.0','2025-11-14 08:44:56'),(573,6,'t00241','add_timetable_slot','timetable_slots',NULL,NULL,'{\"view\":\"teacher\",\"year_label\":\"2568\",\"term_no\":2,\"class_name\":\"ม4\\/1\",\"day_of_week\":\"พุธ\",\"period_start\":8,\"period_end\":9,\"span\":2,\"subject\":\"ชีวะ - ชีวะ\",\"teachers\":[\"อ.สุทธิพงษ์ .\"],\"room_name\":\"-\",\"source\":\"manual\",\"slot_ids\":[3274,3275],\"forced\":\"no\"}','192.168.8.3','Mozilla/5.0 (Windows NT 10.0; Win64; x64) AppleWebKit/537.36 (KHTML, like Gecko) Chrome/142.0.0.0 Safari/537.36 Edg/142.0.0.0','2025-11-14 08:44:58'),(574,6,'t00241','create_loads','teaching_loads',NULL,NULL,'{\"year_label\":\"2568\",\"term_no\":2,\"teacher_name\":\"อ.สมเจษน์ .\",\"subject\":\"คณิตศาสตร์ - คณิตศาสตร์\",\"classes\":[\"ม4\\/1\",\"ม4\\/2\",\"ม4\\/3\",\"ม4\\/4\"],\"room_name\":\"-\",\"periods_per_week\":4,\"consecutive_slots\":2,\"inserted\":4,\"updated\":0,\"created_ids\":[548,549,550,551]}','192.168.8.3','Mozilla/5.0 (Windows NT 10.0; Win64; x64) AppleWebKit/537.36 (KHTML, like Gecko) Chrome/142.0.0.0 Safari/537.36 Edg/142.0.0.0','2025-11-14 08:45:39'),(575,6,'t00241','add_timetable_slot','timetable_slots',NULL,NULL,'{\"view\":\"teacher\",\"year_label\":\"2568\",\"term_no\":2,\"class_name\":\"ม4\\/1\",\"day_of_week\":\"-\",\"period_start\":1,\"period_end\":2,\"span\":2,\"subject\":\"คณิตศาสตร์ - คณิตศาสตร์\",\"teachers\":[\"อ.สมเจษน์ .\"],\"room_name\":\"-\",\"source\":\"manual\",\"slot_ids\":[3276,3277],\"forced\":\"no\"}','192.168.8.3','Mozilla/5.0 (Windows NT 10.0; Win64; x64) AppleWebKit/537.36 (KHTML, like Gecko) Chrome/142.0.0.0 Safari/537.36 Edg/142.0.0.0','2025-11-14 08:45:50'),(576,6,'t00241','add_timetable_slot','timetable_slots',NULL,NULL,'{\"view\":\"teacher\",\"year_label\":\"2568\",\"term_no\":2,\"class_name\":\"ม4\\/2\",\"day_of_week\":\"-\",\"period_start\":3,\"period_end\":4,\"span\":2,\"subject\":\"คณิตศาสตร์ - คณิตศาสตร์\",\"teachers\":[\"อ.สมเจษน์ .\"],\"room_name\":\"-\",\"source\":\"manual\",\"slot_ids\":[3278,3279],\"forced\":\"no\"}','192.168.8.3','Mozilla/5.0 (Windows NT 10.0; Win64; x64) AppleWebKit/537.36 (KHTML, like Gecko) Chrome/142.0.0.0 Safari/537.36 Edg/142.0.0.0','2025-11-14 08:45:53'),(577,6,'t00241','add_timetable_slot','timetable_slots',NULL,NULL,'{\"view\":\"teacher\",\"year_label\":\"2568\",\"term_no\":2,\"class_name\":\"ม4\\/3\",\"day_of_week\":\"-\",\"period_start\":6,\"period_end\":7,\"span\":2,\"subject\":\"คณิตศาสตร์ - คณิตศาสตร์\",\"teachers\":[\"อ.สมเจษน์ .\"],\"room_name\":\"-\",\"source\":\"manual\",\"slot_ids\":[3280,3281],\"forced\":\"no\"}','192.168.8.3','Mozilla/5.0 (Windows NT 10.0; Win64; x64) AppleWebKit/537.36 (KHTML, like Gecko) Chrome/142.0.0.0 Safari/537.36 Edg/142.0.0.0','2025-11-14 08:45:56'),(578,6,'t00241','add_timetable_slot','timetable_slots',NULL,NULL,'{\"view\":\"teacher\",\"year_label\":\"2568\",\"term_no\":2,\"class_name\":\"ม4\\/4\",\"day_of_week\":\"-\",\"period_start\":8,\"period_end\":9,\"span\":2,\"subject\":\"คณิตศาสตร์ - คณิตศาสตร์\",\"teachers\":[\"อ.สมเจษน์ .\"],\"room_name\":\"-\",\"source\":\"manual\",\"slot_ids\":[3282,3283],\"forced\":\"no\"}','192.168.8.3','Mozilla/5.0 (Windows NT 10.0; Win64; x64) AppleWebKit/537.36 (KHTML, like Gecko) Chrome/142.0.0.0 Safari/537.36 Edg/142.0.0.0','2025-11-14 08:45:59'),(579,6,'t00241','add_timetable_slot','timetable_slots',NULL,NULL,'{\"view\":\"teacher\",\"year_label\":\"2568\",\"term_no\":2,\"class_name\":\"ม4\\/3\",\"day_of_week\":\"-\",\"period_start\":1,\"period_end\":2,\"span\":2,\"subject\":\"คณิตศาสตร์ - คณิตศาสตร์\",\"teachers\":[\"อ.สมเจษน์ .\"],\"room_name\":\"-\",\"source\":\"manual\",\"slot_ids\":[3284,3285],\"forced\":\"no\"}','192.168.8.3','Mozilla/5.0 (Windows NT 10.0; Win64; x64) AppleWebKit/537.36 (KHTML, like Gecko) Chrome/142.0.0.0 Safari/537.36 Edg/142.0.0.0','2025-11-14 08:46:04'),(580,6,'t00241','add_timetable_slot','timetable_slots',NULL,NULL,'{\"view\":\"teacher\",\"year_label\":\"2568\",\"term_no\":2,\"class_name\":\"ม4\\/4\",\"day_of_week\":\"-\",\"period_start\":3,\"period_end\":4,\"span\":2,\"subject\":\"คณิตศาสตร์ - คณิตศาสตร์\",\"teachers\":[\"อ.สมเจษน์ .\"],\"room_name\":\"-\",\"source\":\"manual\",\"slot_ids\":[3286,3287],\"forced\":\"no\"}','192.168.8.3','Mozilla/5.0 (Windows NT 10.0; Win64; x64) AppleWebKit/537.36 (KHTML, like Gecko) Chrome/142.0.0.0 Safari/537.36 Edg/142.0.0.0','2025-11-14 08:46:08'),(581,6,'t00241','add_timetable_slot','timetable_slots',NULL,NULL,'{\"view\":\"teacher\",\"year_label\":\"2568\",\"term_no\":2,\"class_name\":\"ม4\\/1\",\"day_of_week\":\"-\",\"period_start\":6,\"period_end\":7,\"span\":2,\"subject\":\"คณิตศาสตร์ - คณิตศาสตร์\",\"teachers\":[\"อ.สมเจษน์ .\"],\"room_name\":\"-\",\"source\":\"manual\",\"slot_ids\":[3288,3289],\"forced\":\"no\"}','192.168.8.3','Mozilla/5.0 (Windows NT 10.0; Win64; x64) AppleWebKit/537.36 (KHTML, like Gecko) Chrome/142.0.0.0 Safari/537.36 Edg/142.0.0.0','2025-11-14 08:46:11'),(582,6,'t00241','add_timetable_slot','timetable_slots',NULL,NULL,'{\"view\":\"teacher\",\"year_label\":\"2568\",\"term_no\":2,\"class_name\":\"ม4\\/2\",\"day_of_week\":\"-\",\"period_start\":8,\"period_end\":9,\"span\":2,\"subject\":\"คณิตศาสตร์ - คณิตศาสตร์\",\"teachers\":[\"อ.สมเจษน์ .\"],\"room_name\":\"-\",\"source\":\"manual\",\"slot_ids\":[3290,3291],\"forced\":\"no\"}','192.168.8.3','Mozilla/5.0 (Windows NT 10.0; Win64; x64) AppleWebKit/537.36 (KHTML, like Gecko) Chrome/142.0.0.0 Safari/537.36 Edg/142.0.0.0','2025-11-14 08:46:14'),(583,6,'t00241','create_loads','teaching_loads',NULL,NULL,'{\"year_label\":\"2568\",\"term_no\":2,\"teacher_name\":\"อ.สหวัฒน์ .\",\"subject\":\"คณิตศาสตร์ - คณิตศาสตร์\",\"classes\":[\"ม4\\/1\",\"ม4\\/2\",\"ม4\\/3\",\"ม4\\/4\"],\"room_name\":\"-\",\"periods_per_week\":2,\"consecutive_slots\":2,\"inserted\":4,\"updated\":0,\"created_ids\":[552,553,554,555]}','192.168.8.3','Mozilla/5.0 (Windows NT 10.0; Win64; x64) AppleWebKit/537.36 (KHTML, like Gecko) Chrome/142.0.0.0 Safari/537.36 Edg/142.0.0.0','2025-11-14 08:46:45'),(584,6,'t00241','add_timetable_slot','timetable_slots',NULL,NULL,'{\"view\":\"teacher\",\"year_label\":\"2568\",\"term_no\":2,\"class_name\":\"ม4\\/4\",\"day_of_week\":\"ศุกร์\",\"period_start\":1,\"period_end\":2,\"span\":2,\"subject\":\"คณิตศาสตร์ - คณิตศาสตร์\",\"teachers\":[\"อ.สหวัฒน์ .\"],\"room_name\":\"-\",\"source\":\"manual\",\"slot_ids\":[3292,3293],\"forced\":\"no\"}','192.168.8.3','Mozilla/5.0 (Windows NT 10.0; Win64; x64) AppleWebKit/537.36 (KHTML, like Gecko) Chrome/142.0.0.0 Safari/537.36 Edg/142.0.0.0','2025-11-14 08:46:55'),(585,6,'t00241','add_timetable_slot','timetable_slots',NULL,NULL,'{\"view\":\"teacher\",\"year_label\":\"2568\",\"term_no\":2,\"class_name\":\"ม4\\/1\",\"day_of_week\":\"ศุกร์\",\"period_start\":3,\"period_end\":4,\"span\":2,\"subject\":\"คณิตศาสตร์ - คณิตศาสตร์\",\"teachers\":[\"อ.สหวัฒน์ .\"],\"room_name\":\"-\",\"source\":\"manual\",\"slot_ids\":[3294,3295],\"forced\":\"no\"}','192.168.8.3','Mozilla/5.0 (Windows NT 10.0; Win64; x64) AppleWebKit/537.36 (KHTML, like Gecko) Chrome/142.0.0.0 Safari/537.36 Edg/142.0.0.0','2025-11-14 08:47:13'),(586,6,'t00241','add_timetable_slot','timetable_slots',NULL,NULL,'{\"view\":\"teacher\",\"year_label\":\"2568\",\"term_no\":2,\"class_name\":\"ม4\\/2\",\"day_of_week\":\"ศุกร์\",\"period_start\":6,\"period_end\":7,\"span\":2,\"subject\":\"คณิตศาสตร์ - คณิตศาสตร์\",\"teachers\":[\"อ.สหวัฒน์ .\"],\"room_name\":\"-\",\"source\":\"manual\",\"slot_ids\":[3296,3297],\"forced\":\"no\"}','192.168.8.3','Mozilla/5.0 (Windows NT 10.0; Win64; x64) AppleWebKit/537.36 (KHTML, like Gecko) Chrome/142.0.0.0 Safari/537.36 Edg/142.0.0.0','2025-11-14 08:47:17'),(587,6,'t00241','add_timetable_slot','timetable_slots',NULL,NULL,'{\"view\":\"teacher\",\"year_label\":\"2568\",\"term_no\":2,\"class_name\":\"ม4\\/3\",\"day_of_week\":\"ศุกร์\",\"period_start\":8,\"period_end\":9,\"span\":2,\"subject\":\"คณิตศาสตร์ - คณิตศาสตร์\",\"teachers\":[\"อ.สหวัฒน์ .\"],\"room_name\":\"-\",\"source\":\"manual\",\"slot_ids\":[3298,3299],\"forced\":\"no\"}','192.168.8.3','Mozilla/5.0 (Windows NT 10.0; Win64; x64) AppleWebKit/537.36 (KHTML, like Gecko) Chrome/142.0.0.0 Safari/537.36 Edg/142.0.0.0','2025-11-14 08:47:20'),(588,6,'t00241','create_loads','teaching_loads',NULL,NULL,'{\"year_label\":\"2568\",\"term_no\":2,\"teacher_name\":\"อ.นพรัตน์ .\",\"subject\":\"คณิตศาสตร์ - คณิตศาสตร์\",\"classes\":[\"ม6\\/1\",\"ม6\\/2\",\"ม6\\/3\",\"ม6\\/4\"],\"room_name\":\"-\",\"periods_per_week\":2,\"consecutive_slots\":2,\"inserted\":4,\"updated\":0,\"created_ids\":[556,557,558,559]}','192.168.8.3','Mozilla/5.0 (Windows NT 10.0; Win64; x64) AppleWebKit/537.36 (KHTML, like Gecko) Chrome/142.0.0.0 Safari/537.36 Edg/142.0.0.0','2025-11-14 08:47:47'),(589,6,'t00241','add_timetable_slot','timetable_slots',NULL,NULL,'{\"view\":\"teacher\",\"year_label\":\"2568\",\"term_no\":2,\"class_name\":\"ม6\\/4\",\"day_of_week\":\"ศุกร์\",\"period_start\":1,\"period_end\":2,\"span\":2,\"subject\":\"คณิตศาสตร์ - คณิตศาสตร์\",\"teachers\":[\"อ.นพรัตน์ .\"],\"room_name\":\"-\",\"source\":\"manual\",\"slot_ids\":[3300,3301],\"forced\":\"yes\"}','192.168.8.3','Mozilla/5.0 (Windows NT 10.0; Win64; x64) AppleWebKit/537.36 (KHTML, like Gecko) Chrome/142.0.0.0 Safari/537.36 Edg/142.0.0.0','2025-11-14 08:47:57'),(590,6,'t00241','add_timetable_slot','timetable_slots',NULL,NULL,'{\"view\":\"teacher\",\"year_label\":\"2568\",\"term_no\":2,\"class_name\":\"ม6\\/1\",\"day_of_week\":\"ศุกร์\",\"period_start\":3,\"period_end\":4,\"span\":2,\"subject\":\"คณิตศาสตร์ - คณิตศาสตร์\",\"teachers\":[\"อ.นพรัตน์ .\"],\"room_name\":\"-\",\"source\":\"manual\",\"slot_ids\":[3302,3303],\"forced\":\"yes\"}','192.168.8.3','Mozilla/5.0 (Windows NT 10.0; Win64; x64) AppleWebKit/537.36 (KHTML, like Gecko) Chrome/142.0.0.0 Safari/537.36 Edg/142.0.0.0','2025-11-14 08:48:02'),(591,6,'t00241','add_timetable_slot','timetable_slots',NULL,NULL,'{\"view\":\"teacher\",\"year_label\":\"2568\",\"term_no\":2,\"class_name\":\"ม6\\/2\",\"day_of_week\":\"ศุกร์\",\"period_start\":5,\"period_end\":5,\"span\":1,\"subject\":\"คณิตศาสตร์ - คณิตศาสตร์\",\"teachers\":[\"อ.นพรัตน์ .\"],\"room_name\":\"-\",\"source\":\"manual\",\"slot_ids\":[3304],\"forced\":\"yes\"}','192.168.8.3','Mozilla/5.0 (Windows NT 10.0; Win64; x64) AppleWebKit/537.36 (KHTML, like Gecko) Chrome/142.0.0.0 Safari/537.36 Edg/142.0.0.0','2025-11-14 08:48:15'),(592,6,'t00241','add_timetable_slot','timetable_slots',NULL,NULL,'{\"view\":\"teacher\",\"year_label\":\"2568\",\"term_no\":2,\"class_name\":\"ม6\\/2\",\"day_of_week\":\"ศุกร์\",\"period_start\":7,\"period_end\":7,\"span\":1,\"subject\":\"คณิตศาสตร์ - คณิตศาสตร์\",\"teachers\":[\"อ.นพรัตน์ .\"],\"room_name\":\"-\",\"source\":\"manual\",\"slot_ids\":[3305],\"forced\":\"yes\"}','192.168.8.3','Mozilla/5.0 (Windows NT 10.0; Win64; x64) AppleWebKit/537.36 (KHTML, like Gecko) Chrome/142.0.0.0 Safari/537.36 Edg/142.0.0.0','2025-11-14 08:48:20'),(593,6,'t00241','add_timetable_slot','timetable_slots',NULL,NULL,'{\"view\":\"teacher\",\"year_label\":\"2568\",\"term_no\":2,\"class_name\":\"ม6\\/3\",\"day_of_week\":\"ศุกร์\",\"period_start\":8,\"period_end\":9,\"span\":2,\"subject\":\"คณิตศาสตร์ - คณิตศาสตร์\",\"teachers\":[\"อ.นพรัตน์ .\"],\"room_name\":\"-\",\"source\":\"manual\",\"slot_ids\":[3306,3307],\"forced\":\"yes\"}','192.168.8.3','Mozilla/5.0 (Windows NT 10.0; Win64; x64) AppleWebKit/537.36 (KHTML, like Gecko) Chrome/142.0.0.0 Safari/537.36 Edg/142.0.0.0','2025-11-14 08:48:24'),(594,6,'t00241','create_loads','teaching_loads',NULL,NULL,'{\"year_label\":\"2568\",\"term_no\":2,\"teacher_name\":\"อ.กำชัย .\",\"subject\":\"ฟิสิกส์ - ฟิสิกส์\",\"classes\":[\"ม4\\/1\",\"ม4\\/2\",\"ม4\\/3\",\"ม4\\/4\"],\"room_name\":\"-\",\"periods_per_week\":4,\"consecutive_slots\":2,\"inserted\":4,\"updated\":0,\"created_ids\":[560,561,562,563]}','192.168.8.3','Mozilla/5.0 (Windows NT 10.0; Win64; x64) AppleWebKit/537.36 (KHTML, like Gecko) Chrome/142.0.0.0 Safari/537.36 Edg/142.0.0.0','2025-11-14 08:51:53'),(595,6,'t00241','add_timetable_slot','timetable_slots',NULL,NULL,'{\"view\":\"teacher\",\"year_label\":\"2568\",\"term_no\":2,\"class_name\":\"ม4\\/4\",\"day_of_week\":\"อังคาร\",\"period_start\":1,\"period_end\":2,\"span\":2,\"subject\":\"ฟิสิกส์ - ฟิสิกส์\",\"teachers\":[\"อ.กำชัย .\"],\"room_name\":\"-\",\"source\":\"manual\",\"slot_ids\":[3308,3309],\"forced\":\"no\"}','192.168.8.3','Mozilla/5.0 (Windows NT 10.0; Win64; x64) AppleWebKit/537.36 (KHTML, like Gecko) Chrome/142.0.0.0 Safari/537.36 Edg/142.0.0.0','2025-11-14 08:52:11'),(596,6,'t00241','add_timetable_slot','timetable_slots',NULL,NULL,'{\"view\":\"teacher\",\"year_label\":\"2568\",\"term_no\":2,\"class_name\":\"ม4\\/1\",\"day_of_week\":\"อังคาร\",\"period_start\":3,\"period_end\":4,\"span\":2,\"subject\":\"ฟิสิกส์ - ฟิสิกส์\",\"teachers\":[\"อ.กำชัย .\"],\"room_name\":\"-\",\"source\":\"manual\",\"slot_ids\":[3310,3311],\"forced\":\"no\"}','192.168.8.3','Mozilla/5.0 (Windows NT 10.0; Win64; x64) AppleWebKit/537.36 (KHTML, like Gecko) Chrome/142.0.0.0 Safari/537.36 Edg/142.0.0.0','2025-11-14 08:52:16'),(597,6,'t00241','add_timetable_slot','timetable_slots',NULL,NULL,'{\"view\":\"teacher\",\"year_label\":\"2568\",\"term_no\":2,\"class_name\":\"ม4\\/2\",\"day_of_week\":\"อังคาร\",\"period_start\":6,\"period_end\":6,\"span\":1,\"subject\":\"ฟิสิกส์ - ฟิสิกส์\",\"teachers\":[\"อ.กำชัย .\"],\"room_name\":\"-\",\"source\":\"manual\",\"slot_ids\":[3312],\"forced\":\"no\"}','192.168.8.3','Mozilla/5.0 (Windows NT 10.0; Win64; x64) AppleWebKit/537.36 (KHTML, like Gecko) Chrome/142.0.0.0 Safari/537.36 Edg/142.0.0.0','2025-11-14 08:52:51'),(598,6,'t00241','add_timetable_slot','timetable_slots',NULL,NULL,'{\"view\":\"teacher\",\"year_label\":\"2568\",\"term_no\":2,\"class_name\":\"ม4\\/2\",\"day_of_week\":\"อังคาร\",\"period_start\":7,\"period_end\":7,\"span\":1,\"subject\":\"ฟิสิกส์ - ฟิสิกส์\",\"teachers\":[\"อ.กำชัย .\"],\"room_name\":\"-\",\"source\":\"manual\",\"slot_ids\":[3313],\"forced\":\"yes\"}','192.168.8.3','Mozilla/5.0 (Windows NT 10.0; Win64; x64) AppleWebKit/537.36 (KHTML, like Gecko) Chrome/142.0.0.0 Safari/537.36 Edg/142.0.0.0','2025-11-14 08:53:00'),(599,6,'t00241','delete','timetable_slots',3313,'{\"view\":\"teacher\",\"year_label\":\"2568\",\"term_no\":2,\"class_name\":\"ม4\\/2\",\"day_of_week\":\"อังคาร\",\"period_no\":7,\"subject\":\"ฟิสิกส์ - ฟิสิกส์\",\"teachers\":\"อ.กำชัย .\",\"room_name\":\"-\",\"source\":\"manual\"}',NULL,'192.168.8.3','Mozilla/5.0 (Windows NT 10.0; Win64; x64) AppleWebKit/537.36 (KHTML, like Gecko) Chrome/142.0.0.0 Safari/537.36 Edg/142.0.0.0','2025-11-14 08:53:04'),(600,6,'t00241','delete','timetable_slots',3312,'{\"view\":\"teacher\",\"year_label\":\"2568\",\"term_no\":2,\"class_name\":\"ม4\\/2\",\"day_of_week\":\"อังคาร\",\"period_no\":6,\"subject\":\"ฟิสิกส์ - ฟิสิกส์\",\"teachers\":\"อ.กำชัย .\",\"room_name\":\"-\",\"source\":\"manual\"}',NULL,'192.168.8.3','Mozilla/5.0 (Windows NT 10.0; Win64; x64) AppleWebKit/537.36 (KHTML, like Gecko) Chrome/142.0.0.0 Safari/537.36 Edg/142.0.0.0','2025-11-14 08:53:06'),(601,6,'t00241','add_timetable_slot','timetable_slots',NULL,NULL,'{\"view\":\"teacher\",\"year_label\":\"2568\",\"term_no\":2,\"class_name\":\"ม4\\/2\",\"day_of_week\":\"อังคาร\",\"period_start\":6,\"period_end\":7,\"span\":2,\"subject\":\"ฟิสิกส์ - ฟิสิกส์\",\"teachers\":[\"อ.กำชัย .\"],\"room_name\":\"-\",\"source\":\"manual\",\"slot_ids\":[3314,3315],\"forced\":\"no\"}','192.168.8.3','Mozilla/5.0 (Windows NT 10.0; Win64; x64) AppleWebKit/537.36 (KHTML, like Gecko) Chrome/142.0.0.0 Safari/537.36 Edg/142.0.0.0','2025-11-14 08:53:09'),(602,6,'t00241','add_timetable_slot','timetable_slots',NULL,NULL,'{\"view\":\"teacher\",\"year_label\":\"2568\",\"term_no\":2,\"class_name\":\"ม4\\/3\",\"day_of_week\":\"อังคาร\",\"period_start\":8,\"period_end\":9,\"span\":2,\"subject\":\"ฟิสิกส์ - ฟิสิกส์\",\"teachers\":[\"อ.กำชัย .\"],\"room_name\":\"-\",\"source\":\"manual\",\"slot_ids\":[3316,3317],\"forced\":\"no\"}','192.168.8.3','Mozilla/5.0 (Windows NT 10.0; Win64; x64) AppleWebKit/537.36 (KHTML, like Gecko) Chrome/142.0.0.0 Safari/537.36 Edg/142.0.0.0','2025-11-14 08:53:12'),(603,6,'t00241','add_timetable_slot','timetable_slots',NULL,NULL,'{\"view\":\"teacher\",\"year_label\":\"2568\",\"term_no\":2,\"class_name\":\"ม4\\/4\",\"day_of_week\":\"พุธ\",\"period_start\":1,\"period_end\":2,\"span\":2,\"subject\":\"ฟิสิกส์ - ฟิสิกส์\",\"teachers\":[\"อ.กำชัย .\"],\"room_name\":\"-\",\"source\":\"manual\",\"slot_ids\":[3318,3319],\"forced\":\"no\"}','192.168.8.3','Mozilla/5.0 (Windows NT 10.0; Win64; x64) AppleWebKit/537.36 (KHTML, like Gecko) Chrome/142.0.0.0 Safari/537.36 Edg/142.0.0.0','2025-11-14 08:54:18'),(604,6,'t00241','add_timetable_slot','timetable_slots',NULL,NULL,'{\"view\":\"teacher\",\"year_label\":\"2568\",\"term_no\":2,\"class_name\":\"ม4\\/1\",\"day_of_week\":\"พุธ\",\"period_start\":3,\"period_end\":4,\"span\":2,\"subject\":\"ฟิสิกส์ - ฟิสิกส์\",\"teachers\":[\"อ.กำชัย .\"],\"room_name\":\"-\",\"source\":\"manual\",\"slot_ids\":[3320,3321],\"forced\":\"no\"}','192.168.8.3','Mozilla/5.0 (Windows NT 10.0; Win64; x64) AppleWebKit/537.36 (KHTML, like Gecko) Chrome/142.0.0.0 Safari/537.36 Edg/142.0.0.0','2025-11-14 08:54:21'),(605,6,'t00241','add_timetable_slot','timetable_slots',NULL,NULL,'{\"view\":\"teacher\",\"year_label\":\"2568\",\"term_no\":2,\"class_name\":\"ม4\\/2\",\"day_of_week\":\"พุธ\",\"period_start\":6,\"period_end\":7,\"span\":2,\"subject\":\"ฟิสิกส์ - ฟิสิกส์\",\"teachers\":[\"อ.กำชัย .\"],\"room_name\":\"-\",\"source\":\"manual\",\"slot_ids\":[3322,3323],\"forced\":\"no\"}','192.168.8.3','Mozilla/5.0 (Windows NT 10.0; Win64; x64) AppleWebKit/537.36 (KHTML, like Gecko) Chrome/142.0.0.0 Safari/537.36 Edg/142.0.0.0','2025-11-14 08:54:24'),(606,6,'t00241','add_timetable_slot','timetable_slots',NULL,NULL,'{\"view\":\"teacher\",\"year_label\":\"2568\",\"term_no\":2,\"class_name\":\"ม4\\/3\",\"day_of_week\":\"พุธ\",\"period_start\":8,\"period_end\":9,\"span\":2,\"subject\":\"ฟิสิกส์ - ฟิสิกส์\",\"teachers\":[\"อ.กำชัย .\"],\"room_name\":\"-\",\"source\":\"manual\",\"slot_ids\":[3324,3325],\"forced\":\"no\"}','192.168.8.3','Mozilla/5.0 (Windows NT 10.0; Win64; x64) AppleWebKit/537.36 (KHTML, like Gecko) Chrome/142.0.0.0 Safari/537.36 Edg/142.0.0.0','2025-11-14 08:54:27'),(607,6,'t00241','create_loads','teaching_loads',NULL,NULL,'{\"year_label\":\"2568\",\"term_no\":2,\"teacher_name\":\"อ.ชวรัตน์ .\",\"subject\":\"ฟิสิกส์ - ฟิสิกส์\",\"classes\":[\"ม4\\/1\",\"ม4\\/2\",\"ม4\\/3\",\"ม4\\/4\"],\"room_name\":\"-\",\"periods_per_week\":2,\"consecutive_slots\":2,\"inserted\":4,\"updated\":0,\"created_ids\":[564,565,566,567]}','192.168.8.3','Mozilla/5.0 (Windows NT 10.0; Win64; x64) AppleWebKit/537.36 (KHTML, like Gecko) Chrome/142.0.0.0 Safari/537.36 Edg/142.0.0.0','2025-11-14 08:54:48'),(608,6,'t00241','add_timetable_slot','timetable_slots',NULL,NULL,'{\"view\":\"teacher\",\"year_label\":\"2568\",\"term_no\":2,\"class_name\":\"ม4\\/4\",\"day_of_week\":\"พฤหัสบดี\",\"period_start\":1,\"period_end\":2,\"span\":2,\"subject\":\"ฟิสิกส์ - ฟิสิกส์\",\"teachers\":[\"อ.ชวรัตน์ .\"],\"room_name\":\"-\",\"source\":\"manual\",\"slot_ids\":[3326,3327],\"forced\":\"no\"}','192.168.8.3','Mozilla/5.0 (Windows NT 10.0; Win64; x64) AppleWebKit/537.36 (KHTML, like Gecko) Chrome/142.0.0.0 Safari/537.36 Edg/142.0.0.0','2025-11-14 08:55:03'),(609,6,'t00241','add_timetable_slot','timetable_slots',NULL,NULL,'{\"view\":\"teacher\",\"year_label\":\"2568\",\"term_no\":2,\"class_name\":\"ม4\\/2\",\"day_of_week\":\"พฤหัสบดี\",\"period_start\":3,\"period_end\":4,\"span\":2,\"subject\":\"ฟิสิกส์ - ฟิสิกส์\",\"teachers\":[\"อ.ชวรัตน์ .\"],\"room_name\":\"-\",\"source\":\"manual\",\"slot_ids\":[3328,3329],\"forced\":\"no\"}','192.168.8.3','Mozilla/5.0 (Windows NT 10.0; Win64; x64) AppleWebKit/537.36 (KHTML, like Gecko) Chrome/142.0.0.0 Safari/537.36 Edg/142.0.0.0','2025-11-14 08:55:06'),(610,6,'t00241','add_timetable_slot','timetable_slots',NULL,NULL,'{\"view\":\"teacher\",\"year_label\":\"2568\",\"term_no\":2,\"class_name\":\"ม4\\/3\",\"day_of_week\":\"พฤหัสบดี\",\"period_start\":6,\"period_end\":7,\"span\":2,\"subject\":\"ฟิสิกส์ - ฟิสิกส์\",\"teachers\":[\"อ.ชวรัตน์ .\"],\"room_name\":\"-\",\"source\":\"manual\",\"slot_ids\":[3330,3331],\"forced\":\"no\"}','192.168.8.3','Mozilla/5.0 (Windows NT 10.0; Win64; x64) AppleWebKit/537.36 (KHTML, like Gecko) Chrome/142.0.0.0 Safari/537.36 Edg/142.0.0.0','2025-11-14 08:55:09'),(611,6,'t00241','add_timetable_slot','timetable_slots',NULL,NULL,'{\"view\":\"teacher\",\"year_label\":\"2568\",\"term_no\":2,\"class_name\":\"ม4\\/1\",\"day_of_week\":\"พฤหัสบดี\",\"period_start\":8,\"period_end\":9,\"span\":2,\"subject\":\"ฟิสิกส์ - ฟิสิกส์\",\"teachers\":[\"อ.ชวรัตน์ .\"],\"room_name\":\"-\",\"source\":\"manual\",\"slot_ids\":[3332,3333],\"forced\":\"no\"}','192.168.8.3','Mozilla/5.0 (Windows NT 10.0; Win64; x64) AppleWebKit/537.36 (KHTML, like Gecko) Chrome/142.0.0.0 Safari/537.36 Edg/142.0.0.0','2025-11-14 08:55:12'),(612,5,'t00466','create_loads','teaching_loads',NULL,NULL,'{\"year_label\":\"2568\",\"term_no\":2,\"teacher_name\":\"อ.อิสระ .\",\"subject\":\"ฟิสิกส์ - ฟิสิกส์\",\"classes\":[\"ม5\\/1\",\"ม5\\/2\",\"ม5\\/3\",\"ม5\\/4\"],\"room_name\":\"-\",\"periods_per_week\":2,\"consecutive_slots\":2,\"inserted\":4,\"updated\":0,\"created_ids\":[568,569,570,571]}','192.168.200.157','Mozilla/5.0 (Windows NT 10.0; Win64; x64) AppleWebKit/537.36 (KHTML, like Gecko) Chrome/142.0.0.0 Safari/537.36','2025-11-14 08:55:36'),(613,5,'t00466','add_timetable_slot','timetable_slots',NULL,NULL,'{\"view\":\"teacher\",\"year_label\":\"2568\",\"term_no\":2,\"class_name\":\"ม5\\/2\",\"day_of_week\":\"-\",\"period_start\":1,\"period_end\":2,\"span\":2,\"subject\":\"ฟิสิกส์ - ฟิสิกส์\",\"teachers\":[\"อ.อิสระ .\"],\"room_name\":\"-\",\"source\":\"manual\",\"slot_ids\":[3334,3335],\"forced\":\"no\"}','192.168.200.157','Mozilla/5.0 (Windows NT 10.0; Win64; x64) AppleWebKit/537.36 (KHTML, like Gecko) Chrome/142.0.0.0 Safari/537.36','2025-11-14 08:56:12'),(614,5,'t00466','add_timetable_slot','timetable_slots',NULL,NULL,'{\"view\":\"teacher\",\"year_label\":\"2568\",\"term_no\":2,\"class_name\":\"ม5\\/1\",\"day_of_week\":\"-\",\"period_start\":3,\"period_end\":4,\"span\":2,\"subject\":\"ฟิสิกส์ - ฟิสิกส์\",\"teachers\":[\"อ.อิสระ .\"],\"room_name\":\"-\",\"source\":\"manual\",\"slot_ids\":[3336,3337],\"forced\":\"no\"}','192.168.200.157','Mozilla/5.0 (Windows NT 10.0; Win64; x64) AppleWebKit/537.36 (KHTML, like Gecko) Chrome/142.0.0.0 Safari/537.36','2025-11-14 08:56:21'),(615,5,'t00466','add_timetable_slot','timetable_slots',NULL,NULL,'{\"view\":\"teacher\",\"year_label\":\"2568\",\"term_no\":2,\"class_name\":\"ม5\\/4\",\"day_of_week\":\"-\",\"period_start\":5,\"period_end\":5,\"span\":1,\"subject\":\"ฟิสิกส์ - ฟิสิกส์\",\"teachers\":[\"อ.อิสระ .\"],\"room_name\":\"-\",\"source\":\"manual\",\"slot_ids\":[3338],\"forced\":\"no\"}','192.168.200.157','Mozilla/5.0 (Windows NT 10.0; Win64; x64) AppleWebKit/537.36 (KHTML, like Gecko) Chrome/142.0.0.0 Safari/537.36','2025-11-14 08:56:32'),(616,5,'t00466','add_timetable_slot','timetable_slots',NULL,NULL,'{\"view\":\"teacher\",\"year_label\":\"2568\",\"term_no\":2,\"class_name\":\"ม5\\/4\",\"day_of_week\":\"-\",\"period_start\":7,\"period_end\":7,\"span\":1,\"subject\":\"ฟิสิกส์ - ฟิสิกส์\",\"teachers\":[\"อ.อิสระ .\"],\"room_name\":\"-\",\"source\":\"manual\",\"slot_ids\":[3339],\"forced\":\"yes\"}','192.168.200.157','Mozilla/5.0 (Windows NT 10.0; Win64; x64) AppleWebKit/537.36 (KHTML, like Gecko) Chrome/142.0.0.0 Safari/537.36','2025-11-14 08:56:42'),(617,5,'t00466','add_timetable_slot','timetable_slots',NULL,NULL,'{\"view\":\"teacher\",\"year_label\":\"2568\",\"term_no\":2,\"class_name\":\"ม5\\/3\",\"day_of_week\":\"-\",\"period_start\":8,\"period_end\":9,\"span\":2,\"subject\":\"ฟิสิกส์ - ฟิสิกส์\",\"teachers\":[\"อ.อิสระ .\"],\"room_name\":\"-\",\"source\":\"manual\",\"slot_ids\":[3340,3341],\"forced\":\"no\"}','192.168.200.157','Mozilla/5.0 (Windows NT 10.0; Win64; x64) AppleWebKit/537.36 (KHTML, like Gecko) Chrome/142.0.0.0 Safari/537.36','2025-11-14 08:56:49'),(618,5,'t00466','create_loads','teaching_loads',NULL,NULL,'{\"year_label\":\"2568\",\"term_no\":2,\"teacher_name\":\"อ.ธนิต .\",\"subject\":\"ภาษาอังกฤษ - ภาษาอังกฤษ\",\"classes\":[\"ม4\\/1\",\"ม4\\/2\",\"ม4\\/3\",\"ม4\\/4\",\"ม5\\/1\",\"ม5\\/2\",\"ม5\\/3\",\"ม5\\/4\",\"ม6\\/1\",\"ม6\\/2\",\"ม6\\/3\",\"ม6\\/4\"],\"room_name\":\"-\",\"periods_per_week\":1,\"consecutive_slots\":1,\"inserted\":12,\"updated\":0,\"created_ids\":[572,573,574,575,576,577,578,579,580,581,582,583]}','192.168.200.157','Mozilla/5.0 (Windows NT 10.0; Win64; x64) AppleWebKit/537.36 (KHTML, like Gecko) Chrome/142.0.0.0 Safari/537.36','2025-11-14 08:59:19'),(619,5,'t00466','add_timetable_slot','timetable_slots',NULL,NULL,'{\"view\":\"teacher\",\"year_label\":\"2568\",\"term_no\":2,\"class_name\":\"ม6\\/1\",\"day_of_week\":\"อังคาร\",\"period_start\":1,\"period_end\":1,\"span\":1,\"subject\":\"ภาษาอังกฤษ - ภาษาอังกฤษ\",\"teachers\":[\"อ.ธนิต .\"],\"room_name\":\"-\",\"source\":\"manual\",\"slot_ids\":[3342],\"forced\":\"no\"}','192.168.200.157','Mozilla/5.0 (Windows NT 10.0; Win64; x64) AppleWebKit/537.36 (KHTML, like Gecko) Chrome/142.0.0.0 Safari/537.36','2025-11-14 08:59:46'),(620,5,'t00466','add_timetable_slot','timetable_slots',NULL,NULL,'{\"view\":\"teacher\",\"year_label\":\"2568\",\"term_no\":2,\"class_name\":\"ม6\\/2\",\"day_of_week\":\"อังคาร\",\"period_start\":2,\"period_end\":2,\"span\":1,\"subject\":\"ภาษาอังกฤษ - ภาษาอังกฤษ\",\"teachers\":[\"อ.ธนิต .\"],\"room_name\":\"-\",\"source\":\"manual\",\"slot_ids\":[3343],\"forced\":\"no\"}','192.168.200.157','Mozilla/5.0 (Windows NT 10.0; Win64; x64) AppleWebKit/537.36 (KHTML, like Gecko) Chrome/142.0.0.0 Safari/537.36','2025-11-14 08:59:51'),(621,5,'t00466','add_timetable_slot','timetable_slots',NULL,NULL,'{\"view\":\"teacher\",\"year_label\":\"2568\",\"term_no\":2,\"class_name\":\"ม6\\/3\",\"day_of_week\":\"อังคาร\",\"period_start\":3,\"period_end\":3,\"span\":1,\"subject\":\"ภาษาอังกฤษ - ภาษาอังกฤษ\",\"teachers\":[\"อ.ธนิต .\"],\"room_name\":\"-\",\"source\":\"manual\",\"slot_ids\":[3344],\"forced\":\"no\"}','192.168.200.157','Mozilla/5.0 (Windows NT 10.0; Win64; x64) AppleWebKit/537.36 (KHTML, like Gecko) Chrome/142.0.0.0 Safari/537.36','2025-11-14 08:59:55'),(622,5,'t00466','add_timetable_slot','timetable_slots',NULL,NULL,'{\"view\":\"teacher\",\"year_label\":\"2568\",\"term_no\":2,\"class_name\":\"ม6\\/4\",\"day_of_week\":\"อังคาร\",\"period_start\":4,\"period_end\":4,\"span\":1,\"subject\":\"ภาษาอังกฤษ - ภาษาอังกฤษ\",\"teachers\":[\"อ.ธนิต .\"],\"room_name\":\"-\",\"source\":\"manual\",\"slot_ids\":[3345],\"forced\":\"no\"}','192.168.200.157','Mozilla/5.0 (Windows NT 10.0; Win64; x64) AppleWebKit/537.36 (KHTML, like Gecko) Chrome/142.0.0.0 Safari/537.36','2025-11-14 09:00:06'),(623,5,'t00466','add_timetable_slot','timetable_slots',NULL,NULL,'{\"view\":\"teacher\",\"year_label\":\"2568\",\"term_no\":2,\"class_name\":\"ม5\\/1\",\"day_of_week\":\"พุธ\",\"period_start\":1,\"period_end\":1,\"span\":1,\"subject\":\"ภาษาอังกฤษ - ภาษาอังกฤษ\",\"teachers\":[\"อ.ธนิต .\"],\"room_name\":\"-\",\"source\":\"manual\",\"slot_ids\":[3346],\"forced\":\"no\"}','192.168.200.157','Mozilla/5.0 (Windows NT 10.0; Win64; x64) AppleWebKit/537.36 (KHTML, like Gecko) Chrome/142.0.0.0 Safari/537.36','2025-11-14 09:00:14'),(624,5,'t00466','add_timetable_slot','timetable_slots',NULL,NULL,'{\"view\":\"teacher\",\"year_label\":\"2568\",\"term_no\":2,\"class_name\":\"ม5\\/2\",\"day_of_week\":\"พุธ\",\"period_start\":2,\"period_end\":2,\"span\":1,\"subject\":\"ภาษาอังกฤษ - ภาษาอังกฤษ\",\"teachers\":[\"อ.ธนิต .\"],\"room_name\":\"-\",\"source\":\"manual\",\"slot_ids\":[3347],\"forced\":\"no\"}','192.168.200.157','Mozilla/5.0 (Windows NT 10.0; Win64; x64) AppleWebKit/537.36 (KHTML, like Gecko) Chrome/142.0.0.0 Safari/537.36','2025-11-14 09:00:22'),(625,5,'t00466','add_timetable_slot','timetable_slots',NULL,NULL,'{\"view\":\"teacher\",\"year_label\":\"2568\",\"term_no\":2,\"class_name\":\"ม5\\/3\",\"day_of_week\":\"พุธ\",\"period_start\":3,\"period_end\":3,\"span\":1,\"subject\":\"ภาษาอังกฤษ - ภาษาอังกฤษ\",\"teachers\":[\"อ.ธนิต .\"],\"room_name\":\"-\",\"source\":\"manual\",\"slot_ids\":[3348],\"forced\":\"no\"}','192.168.200.157','Mozilla/5.0 (Windows NT 10.0; Win64; x64) AppleWebKit/537.36 (KHTML, like Gecko) Chrome/142.0.0.0 Safari/537.36','2025-11-14 09:00:25'),(626,5,'t00466','add_timetable_slot','timetable_slots',NULL,NULL,'{\"view\":\"teacher\",\"year_label\":\"2568\",\"term_no\":2,\"class_name\":\"ม5\\/4\",\"day_of_week\":\"พุธ\",\"period_start\":4,\"period_end\":4,\"span\":1,\"subject\":\"ภาษาอังกฤษ - ภาษาอังกฤษ\",\"teachers\":[\"อ.ธนิต .\"],\"room_name\":\"-\",\"source\":\"manual\",\"slot_ids\":[3349],\"forced\":\"no\"}','192.168.200.157','Mozilla/5.0 (Windows NT 10.0; Win64; x64) AppleWebKit/537.36 (KHTML, like Gecko) Chrome/142.0.0.0 Safari/537.36','2025-11-14 09:00:29'),(627,5,'t00466','add_timetable_slot','timetable_slots',NULL,NULL,'{\"view\":\"teacher\",\"year_label\":\"2568\",\"term_no\":2,\"class_name\":\"ม4\\/1\",\"day_of_week\":\"พฤหัสบดี\",\"period_start\":1,\"period_end\":1,\"span\":1,\"subject\":\"ภาษาอังกฤษ - ภาษาอังกฤษ\",\"teachers\":[\"อ.ธนิต .\"],\"room_name\":\"-\",\"source\":\"manual\",\"slot_ids\":[3350],\"forced\":\"no\"}','192.168.200.157','Mozilla/5.0 (Windows NT 10.0; Win64; x64) AppleWebKit/537.36 (KHTML, like Gecko) Chrome/142.0.0.0 Safari/537.36','2025-11-14 09:00:35'),(628,5,'t00466','add_timetable_slot','timetable_slots',NULL,NULL,'{\"view\":\"teacher\",\"year_label\":\"2568\",\"term_no\":2,\"class_name\":\"ม4\\/2\",\"day_of_week\":\"พฤหัสบดี\",\"period_start\":2,\"period_end\":2,\"span\":1,\"subject\":\"ภาษาอังกฤษ - ภาษาอังกฤษ\",\"teachers\":[\"อ.ธนิต .\"],\"room_name\":\"-\",\"source\":\"manual\",\"slot_ids\":[3351],\"forced\":\"no\"}','192.168.200.157','Mozilla/5.0 (Windows NT 10.0; Win64; x64) AppleWebKit/537.36 (KHTML, like Gecko) Chrome/142.0.0.0 Safari/537.36','2025-11-14 09:00:38'),(629,5,'t00466','add_timetable_slot','timetable_slots',NULL,NULL,'{\"view\":\"teacher\",\"year_label\":\"2568\",\"term_no\":2,\"class_name\":\"ม4\\/3\",\"day_of_week\":\"พฤหัสบดี\",\"period_start\":3,\"period_end\":3,\"span\":1,\"subject\":\"ภาษาอังกฤษ - ภาษาอังกฤษ\",\"teachers\":[\"อ.ธนิต .\"],\"room_name\":\"-\",\"source\":\"manual\",\"slot_ids\":[3352],\"forced\":\"no\"}','192.168.200.157','Mozilla/5.0 (Windows NT 10.0; Win64; x64) AppleWebKit/537.36 (KHTML, like Gecko) Chrome/142.0.0.0 Safari/537.36','2025-11-14 09:00:41'),(630,5,'t00466','add_timetable_slot','timetable_slots',NULL,NULL,'{\"view\":\"teacher\",\"year_label\":\"2568\",\"term_no\":2,\"class_name\":\"ม4\\/4\",\"day_of_week\":\"พฤหัสบดี\",\"period_start\":4,\"period_end\":4,\"span\":1,\"subject\":\"ภาษาอังกฤษ - ภาษาอังกฤษ\",\"teachers\":[\"อ.ธนิต .\"],\"room_name\":\"-\",\"source\":\"manual\",\"slot_ids\":[3353],\"forced\":\"no\"}','192.168.200.157','Mozilla/5.0 (Windows NT 10.0; Win64; x64) AppleWebKit/537.36 (KHTML, like Gecko) Chrome/142.0.0.0 Safari/537.36','2025-11-14 09:00:45'),(631,6,'t00241','create_loads','teaching_loads',NULL,NULL,'{\"year_label\":\"2568\",\"term_no\":2,\"teacher_name\":\"อ.ฉัตรชัย .\",\"subject\":\"ฟิสิกส์ - ฟิสิกส์\",\"classes\":[\"ม4\\/1\",\"ม4\\/2\",\"ม4\\/3\",\"ม4\\/4\",\"ม5\\/1\",\"ม5\\/2\",\"ม5\\/3\",\"ม5\\/4\"],\"room_name\":\"-\",\"periods_per_week\":2,\"consecutive_slots\":2,\"inserted\":8,\"updated\":0,\"created_ids\":[584,585,586,587,588,589,590,591]}','192.168.8.3','Mozilla/5.0 (Windows NT 10.0; Win64; x64) AppleWebKit/537.36 (KHTML, like Gecko) Chrome/142.0.0.0 Safari/537.36 Edg/142.0.0.0','2025-11-14 09:19:12'),(632,6,'t00241','add_timetable_slot','timetable_slots',NULL,NULL,'{\"view\":\"teacher\",\"year_label\":\"2568\",\"term_no\":2,\"class_name\":\"ม4\\/3\",\"day_of_week\":\"-\",\"period_start\":1,\"period_end\":2,\"span\":2,\"subject\":\"ฟิสิกส์ - ฟิสิกส์\",\"teachers\":[\"อ.ฉัตรชัย .\"],\"room_name\":\"-\",\"source\":\"manual\",\"slot_ids\":[3354,3355],\"forced\":\"no\"}','192.168.8.3','Mozilla/5.0 (Windows NT 10.0; Win64; x64) AppleWebKit/537.36 (KHTML, like Gecko) Chrome/142.0.0.0 Safari/537.36 Edg/142.0.0.0','2025-11-14 09:19:40'),(633,6,'t00241','add_timetable_slot','timetable_slots',NULL,NULL,'{\"view\":\"teacher\",\"year_label\":\"2568\",\"term_no\":2,\"class_name\":\"ม4\\/4\",\"day_of_week\":\"-\",\"period_start\":3,\"period_end\":4,\"span\":2,\"subject\":\"ฟิสิกส์ - ฟิสิกส์\",\"teachers\":[\"อ.ฉัตรชัย .\"],\"room_name\":\"-\",\"source\":\"manual\",\"slot_ids\":[3356,3357],\"forced\":\"no\"}','192.168.8.3','Mozilla/5.0 (Windows NT 10.0; Win64; x64) AppleWebKit/537.36 (KHTML, like Gecko) Chrome/142.0.0.0 Safari/537.36 Edg/142.0.0.0','2025-11-14 09:19:46'),(634,6,'t00241','add_timetable_slot','timetable_slots',NULL,NULL,'{\"view\":\"teacher\",\"year_label\":\"2568\",\"term_no\":2,\"class_name\":\"ม4\\/1\",\"day_of_week\":\"-\",\"period_start\":6,\"period_end\":7,\"span\":2,\"subject\":\"ฟิสิกส์ - ฟิสิกส์\",\"teachers\":[\"อ.ฉัตรชัย .\"],\"room_name\":\"-\",\"source\":\"manual\",\"slot_ids\":[3358,3359],\"forced\":\"no\"}','192.168.8.3','Mozilla/5.0 (Windows NT 10.0; Win64; x64) AppleWebKit/537.36 (KHTML, like Gecko) Chrome/142.0.0.0 Safari/537.36 Edg/142.0.0.0','2025-11-14 09:19:51'),(635,6,'t00241','add_timetable_slot','timetable_slots',NULL,NULL,'{\"view\":\"teacher\",\"year_label\":\"2568\",\"term_no\":2,\"class_name\":\"ม4\\/2\",\"day_of_week\":\"-\",\"period_start\":8,\"period_end\":9,\"span\":2,\"subject\":\"ฟิสิกส์ - ฟิสิกส์\",\"teachers\":[\"อ.ฉัตรชัย .\"],\"room_name\":\"-\",\"source\":\"manual\",\"slot_ids\":[3360,3361],\"forced\":\"no\"}','192.168.8.3','Mozilla/5.0 (Windows NT 10.0; Win64; x64) AppleWebKit/537.36 (KHTML, like Gecko) Chrome/142.0.0.0 Safari/537.36 Edg/142.0.0.0','2025-11-14 09:19:57'),(636,6,'t00241','add_timetable_slot','timetable_slots',NULL,NULL,'{\"view\":\"teacher\",\"year_label\":\"2568\",\"term_no\":2,\"class_name\":\"ม5\\/3\",\"day_of_week\":\"-\",\"period_start\":1,\"period_end\":2,\"span\":2,\"subject\":\"ฟิสิกส์ - ฟิสิกส์\",\"teachers\":[\"อ.ฉัตรชัย .\"],\"room_name\":\"-\",\"source\":\"manual\",\"slot_ids\":[3362,3363],\"forced\":\"yes\"}','192.168.8.3','Mozilla/5.0 (Windows NT 10.0; Win64; x64) AppleWebKit/537.36 (KHTML, like Gecko) Chrome/142.0.0.0 Safari/537.36 Edg/142.0.0.0','2025-11-14 09:21:45'),(637,6,'t00241','add_timetable_slot','timetable_slots',NULL,NULL,'{\"view\":\"teacher\",\"year_label\":\"2568\",\"term_no\":2,\"class_name\":\"ม5\\/2\",\"day_of_week\":\"-\",\"period_start\":3,\"period_end\":4,\"span\":2,\"subject\":\"ฟิสิกส์ - ฟิสิกส์\",\"teachers\":[\"อ.ฉัตรชัย .\"],\"room_name\":\"-\",\"source\":\"manual\",\"slot_ids\":[3364,3365],\"forced\":\"yes\"}','192.168.8.3','Mozilla/5.0 (Windows NT 10.0; Win64; x64) AppleWebKit/537.36 (KHTML, like Gecko) Chrome/142.0.0.0 Safari/537.36 Edg/142.0.0.0','2025-11-14 09:21:49'),(638,6,'t00241','add_timetable_slot','timetable_slots',NULL,NULL,'{\"view\":\"teacher\",\"year_label\":\"2568\",\"term_no\":2,\"class_name\":\"ม5\\/1\",\"day_of_week\":\"-\",\"period_start\":5,\"period_end\":5,\"span\":1,\"subject\":\"ฟิสิกส์ - ฟิสิกส์\",\"teachers\":[\"อ.ฉัตรชัย .\"],\"room_name\":\"-\",\"source\":\"manual\",\"slot_ids\":[3366],\"forced\":\"yes\"}','192.168.8.3','Mozilla/5.0 (Windows NT 10.0; Win64; x64) AppleWebKit/537.36 (KHTML, like Gecko) Chrome/142.0.0.0 Safari/537.36 Edg/142.0.0.0','2025-11-14 09:21:57'),(639,6,'t00241','add_timetable_slot','timetable_slots',NULL,NULL,'{\"view\":\"teacher\",\"year_label\":\"2568\",\"term_no\":2,\"class_name\":\"ม5\\/1\",\"day_of_week\":\"-\",\"period_start\":7,\"period_end\":7,\"span\":1,\"subject\":\"ฟิสิกส์ - ฟิสิกส์\",\"teachers\":[\"อ.ฉัตรชัย .\"],\"room_name\":\"-\",\"source\":\"manual\",\"slot_ids\":[3367],\"forced\":\"yes\"}','192.168.8.3','Mozilla/5.0 (Windows NT 10.0; Win64; x64) AppleWebKit/537.36 (KHTML, like Gecko) Chrome/142.0.0.0 Safari/537.36 Edg/142.0.0.0','2025-11-14 09:22:02'),(640,6,'t00241','add_timetable_slot','timetable_slots',NULL,NULL,'{\"view\":\"teacher\",\"year_label\":\"2568\",\"term_no\":2,\"class_name\":\"ม5\\/4\",\"day_of_week\":\"-\",\"period_start\":8,\"period_end\":9,\"span\":2,\"subject\":\"ฟิสิกส์ - ฟิสิกส์\",\"teachers\":[\"อ.ฉัตรชัย .\"],\"room_name\":\"-\",\"source\":\"manual\",\"slot_ids\":[3368,3369],\"forced\":\"yes\"}','192.168.8.3','Mozilla/5.0 (Windows NT 10.0; Win64; x64) AppleWebKit/537.36 (KHTML, like Gecko) Chrome/142.0.0.0 Safari/537.36 Edg/142.0.0.0','2025-11-14 09:22:07'),(641,6,'t00241','create_loads','teaching_loads',NULL,NULL,'{\"year_label\":\"2568\",\"term_no\":2,\"teacher_name\":\"อ.จำนงค์ .\",\"subject\":\"ฟิสิกส์ - ฟิสิกส์\",\"classes\":[\"ม5\\/1\",\"ม5\\/2\",\"ม5\\/3\",\"ม5\\/4\",\"ม6\\/1\",\"ม6\\/2\",\"ม6\\/3\",\"ม6\\/4\"],\"room_name\":\"-\",\"periods_per_week\":2,\"consecutive_slots\":2,\"inserted\":8,\"updated\":0,\"created_ids\":[592,593,594,595,596,597,598,599]}','192.168.8.3','Mozilla/5.0 (Windows NT 10.0; Win64; x64) AppleWebKit/537.36 (KHTML, like Gecko) Chrome/142.0.0.0 Safari/537.36 Edg/142.0.0.0','2025-11-14 09:24:40'),(642,6,'t00241','add_timetable_slot','timetable_slots',NULL,NULL,'{\"view\":\"teacher\",\"year_label\":\"2568\",\"term_no\":2,\"class_name\":\"ม5\\/3\",\"day_of_week\":\"อังคาร\",\"period_start\":1,\"period_end\":2,\"span\":2,\"subject\":\"ฟิสิกส์ - ฟิสิกส์\",\"teachers\":[\"อ.จำนงค์ .\"],\"room_name\":\"-\",\"source\":\"manual\",\"slot_ids\":[3370,3371],\"forced\":\"no\"}','192.168.8.3','Mozilla/5.0 (Windows NT 10.0; Win64; x64) AppleWebKit/537.36 (KHTML, like Gecko) Chrome/142.0.0.0 Safari/537.36 Edg/142.0.0.0','2025-11-14 09:24:50'),(643,6,'t00241','add_timetable_slot','timetable_slots',NULL,NULL,'{\"view\":\"teacher\",\"year_label\":\"2568\",\"term_no\":2,\"class_name\":\"ม5\\/4\",\"day_of_week\":\"อังคาร\",\"period_start\":3,\"period_end\":4,\"span\":2,\"subject\":\"ฟิสิกส์ - ฟิสิกส์\",\"teachers\":[\"อ.จำนงค์ .\"],\"room_name\":\"-\",\"source\":\"manual\",\"slot_ids\":[3372,3373],\"forced\":\"no\"}','192.168.8.3','Mozilla/5.0 (Windows NT 10.0; Win64; x64) AppleWebKit/537.36 (KHTML, like Gecko) Chrome/142.0.0.0 Safari/537.36 Edg/142.0.0.0','2025-11-14 09:24:52'),(644,6,'t00241','add_timetable_slot','timetable_slots',NULL,NULL,'{\"view\":\"teacher\",\"year_label\":\"2568\",\"term_no\":2,\"class_name\":\"ม5\\/1\",\"day_of_week\":\"อังคาร\",\"period_start\":5,\"period_end\":5,\"span\":1,\"subject\":\"ฟิสิกส์ - ฟิสิกส์\",\"teachers\":[\"อ.จำนงค์ .\"],\"room_name\":\"-\",\"source\":\"manual\",\"slot_ids\":[3374],\"forced\":\"no\"}','192.168.8.3','Mozilla/5.0 (Windows NT 10.0; Win64; x64) AppleWebKit/537.36 (KHTML, like Gecko) Chrome/142.0.0.0 Safari/537.36 Edg/142.0.0.0','2025-11-14 09:25:00'),(645,6,'t00241','add_timetable_slot','timetable_slots',NULL,NULL,'{\"view\":\"teacher\",\"year_label\":\"2568\",\"term_no\":2,\"class_name\":\"ม5\\/1\",\"day_of_week\":\"อังคาร\",\"period_start\":7,\"period_end\":7,\"span\":1,\"subject\":\"ฟิสิกส์ - ฟิสิกส์\",\"teachers\":[\"อ.จำนงค์ .\"],\"room_name\":\"-\",\"source\":\"manual\",\"slot_ids\":[3375],\"forced\":\"yes\"}','192.168.8.3','Mozilla/5.0 (Windows NT 10.0; Win64; x64) AppleWebKit/537.36 (KHTML, like Gecko) Chrome/142.0.0.0 Safari/537.36 Edg/142.0.0.0','2025-11-14 09:25:05'),(646,6,'t00241','add_timetable_slot','timetable_slots',NULL,NULL,'{\"view\":\"teacher\",\"year_label\":\"2568\",\"term_no\":2,\"class_name\":\"ม5\\/2\",\"day_of_week\":\"อังคาร\",\"period_start\":8,\"period_end\":9,\"span\":2,\"subject\":\"ฟิสิกส์ - ฟิสิกส์\",\"teachers\":[\"อ.จำนงค์ .\"],\"room_name\":\"-\",\"source\":\"manual\",\"slot_ids\":[3376,3377],\"forced\":\"no\"}','192.168.8.3','Mozilla/5.0 (Windows NT 10.0; Win64; x64) AppleWebKit/537.36 (KHTML, like Gecko) Chrome/142.0.0.0 Safari/537.36 Edg/142.0.0.0','2025-11-14 09:25:11'),(647,6,'t00241','add_timetable_slot','timetable_slots',NULL,NULL,'{\"view\":\"teacher\",\"year_label\":\"2568\",\"term_no\":2,\"class_name\":\"ม6\\/1\",\"day_of_week\":\"พฤหัสบดี\",\"period_start\":1,\"period_end\":2,\"span\":2,\"subject\":\"ฟิสิกส์ - ฟิสิกส์\",\"teachers\":[\"อ.จำนงค์ .\"],\"room_name\":\"-\",\"source\":\"manual\",\"slot_ids\":[3378,3379],\"forced\":\"no\"}','192.168.8.3','Mozilla/5.0 (Windows NT 10.0; Win64; x64) AppleWebKit/537.36 (KHTML, like Gecko) Chrome/142.0.0.0 Safari/537.36 Edg/142.0.0.0','2025-11-14 09:25:17'),(648,6,'t00241','add_timetable_slot','timetable_slots',NULL,NULL,'{\"view\":\"teacher\",\"year_label\":\"2568\",\"term_no\":2,\"class_name\":\"ม6\\/2\",\"day_of_week\":\"พฤหัสบดี\",\"period_start\":3,\"period_end\":4,\"span\":2,\"subject\":\"ฟิสิกส์ - ฟิสิกส์\",\"teachers\":[\"อ.จำนงค์ .\"],\"room_name\":\"-\",\"source\":\"manual\",\"slot_ids\":[3380,3381],\"forced\":\"no\"}','192.168.8.3','Mozilla/5.0 (Windows NT 10.0; Win64; x64) AppleWebKit/537.36 (KHTML, like Gecko) Chrome/142.0.0.0 Safari/537.36 Edg/142.0.0.0','2025-11-14 09:25:21'),(649,6,'t00241','add_timetable_slot','timetable_slots',NULL,NULL,'{\"view\":\"teacher\",\"year_label\":\"2568\",\"term_no\":2,\"class_name\":\"ม6\\/3\",\"day_of_week\":\"พฤหัสบดี\",\"period_start\":5,\"period_end\":5,\"span\":1,\"subject\":\"ฟิสิกส์ - ฟิสิกส์\",\"teachers\":[\"อ.จำนงค์ .\"],\"room_name\":\"-\",\"source\":\"manual\",\"slot_ids\":[3382],\"forced\":\"no\"}','192.168.8.3','Mozilla/5.0 (Windows NT 10.0; Win64; x64) AppleWebKit/537.36 (KHTML, like Gecko) Chrome/142.0.0.0 Safari/537.36 Edg/142.0.0.0','2025-11-14 09:25:27'),(650,6,'t00241','add_timetable_slot','timetable_slots',NULL,NULL,'{\"view\":\"teacher\",\"year_label\":\"2568\",\"term_no\":2,\"class_name\":\"ม6\\/3\",\"day_of_week\":\"พฤหัสบดี\",\"period_start\":7,\"period_end\":7,\"span\":1,\"subject\":\"ฟิสิกส์ - ฟิสิกส์\",\"teachers\":[\"อ.จำนงค์ .\"],\"room_name\":\"-\",\"source\":\"manual\",\"slot_ids\":[3383],\"forced\":\"yes\"}','192.168.8.3','Mozilla/5.0 (Windows NT 10.0; Win64; x64) AppleWebKit/537.36 (KHTML, like Gecko) Chrome/142.0.0.0 Safari/537.36 Edg/142.0.0.0','2025-11-14 09:25:34'),(651,6,'t00241','add_timetable_slot','timetable_slots',NULL,NULL,'{\"view\":\"teacher\",\"year_label\":\"2568\",\"term_no\":2,\"class_name\":\"ม6\\/4\",\"day_of_week\":\"พฤหัสบดี\",\"period_start\":8,\"period_end\":9,\"span\":2,\"subject\":\"ฟิสิกส์ - ฟิสิกส์\",\"teachers\":[\"อ.จำนงค์ .\"],\"room_name\":\"-\",\"source\":\"manual\",\"slot_ids\":[3384,3385],\"forced\":\"no\"}','192.168.8.3','Mozilla/5.0 (Windows NT 10.0; Win64; x64) AppleWebKit/537.36 (KHTML, like Gecko) Chrome/142.0.0.0 Safari/537.36 Edg/142.0.0.0','2025-11-14 09:25:42'),(652,6,'t00241','create_loads','teaching_loads',NULL,NULL,'{\"year_label\":\"2568\",\"term_no\":2,\"teacher_name\":\"อ.อรวรรณ .\",\"subject\":\"ฟิสิกส์ - ฟิสิกส์\",\"classes\":[\"ม5\\/1\",\"ม5\\/2\",\"ม5\\/3\",\"ม5\\/4\"],\"room_name\":\"-\",\"periods_per_week\":2,\"consecutive_slots\":2,\"inserted\":4,\"updated\":0,\"created_ids\":[600,601,602,603]}','192.168.8.3','Mozilla/5.0 (Windows NT 10.0; Win64; x64) AppleWebKit/537.36 (KHTML, like Gecko) Chrome/142.0.0.0 Safari/537.36 Edg/142.0.0.0','2025-11-14 09:29:09'),(653,6,'t00241','add_timetable_slot','timetable_slots',NULL,NULL,'{\"view\":\"teacher\",\"year_label\":\"2568\",\"term_no\":2,\"class_name\":\"ม5\\/3\",\"day_of_week\":\"-\",\"period_start\":1,\"period_end\":2,\"span\":2,\"subject\":\"ฟิสิกส์ - ฟิสิกส์\",\"teachers\":[\"อ.อรวรรณ .\"],\"room_name\":\"-\",\"source\":\"manual\",\"slot_ids\":[3386,3387],\"forced\":\"no\"}','192.168.8.3','Mozilla/5.0 (Windows NT 10.0; Win64; x64) AppleWebKit/537.36 (KHTML, like Gecko) Chrome/142.0.0.0 Safari/537.36 Edg/142.0.0.0','2025-11-14 09:29:25'),(654,6,'t00241','add_timetable_slot','timetable_slots',NULL,NULL,'{\"view\":\"teacher\",\"year_label\":\"2568\",\"term_no\":2,\"class_name\":\"ม5\\/4\",\"day_of_week\":\"-\",\"period_start\":3,\"period_end\":4,\"span\":2,\"subject\":\"ฟิสิกส์ - ฟิสิกส์\",\"teachers\":[\"อ.อรวรรณ .\"],\"room_name\":\"-\",\"source\":\"manual\",\"slot_ids\":[3388,3389],\"forced\":\"no\"}','192.168.8.3','Mozilla/5.0 (Windows NT 10.0; Win64; x64) AppleWebKit/537.36 (KHTML, like Gecko) Chrome/142.0.0.0 Safari/537.36 Edg/142.0.0.0','2025-11-14 09:29:30'),(655,6,'t00241','add_timetable_slot','timetable_slots',NULL,NULL,'{\"view\":\"teacher\",\"year_label\":\"2568\",\"term_no\":2,\"class_name\":\"ม5\\/1\",\"day_of_week\":\"-\",\"period_start\":5,\"period_end\":5,\"span\":1,\"subject\":\"ฟิสิกส์ - ฟิสิกส์\",\"teachers\":[\"อ.อรวรรณ .\"],\"room_name\":\"-\",\"source\":\"manual\",\"slot_ids\":[3390],\"forced\":\"no\"}','192.168.8.3','Mozilla/5.0 (Windows NT 10.0; Win64; x64) AppleWebKit/537.36 (KHTML, like Gecko) Chrome/142.0.0.0 Safari/537.36 Edg/142.0.0.0','2025-11-14 09:29:34'),(656,6,'t00241','add_timetable_slot','timetable_slots',NULL,NULL,'{\"view\":\"teacher\",\"year_label\":\"2568\",\"term_no\":2,\"class_name\":\"ม5\\/1\",\"day_of_week\":\"-\",\"period_start\":7,\"period_end\":7,\"span\":1,\"subject\":\"ฟิสิกส์ - ฟิสิกส์\",\"teachers\":[\"อ.อรวรรณ .\"],\"room_name\":\"-\",\"source\":\"manual\",\"slot_ids\":[3391],\"forced\":\"yes\"}','192.168.8.3','Mozilla/5.0 (Windows NT 10.0; Win64; x64) AppleWebKit/537.36 (KHTML, like Gecko) Chrome/142.0.0.0 Safari/537.36 Edg/142.0.0.0','2025-11-14 09:29:39'),(657,6,'t00241','add_timetable_slot','timetable_slots',NULL,NULL,'{\"view\":\"teacher\",\"year_label\":\"2568\",\"term_no\":2,\"class_name\":\"ม5\\/2\",\"day_of_week\":\"-\",\"period_start\":8,\"period_end\":9,\"span\":2,\"subject\":\"ฟิสิกส์ - ฟิสิกส์\",\"teachers\":[\"อ.อรวรรณ .\"],\"room_name\":\"-\",\"source\":\"manual\",\"slot_ids\":[3392,3393],\"forced\":\"no\"}','192.168.8.3','Mozilla/5.0 (Windows NT 10.0; Win64; x64) AppleWebKit/537.36 (KHTML, like Gecko) Chrome/142.0.0.0 Safari/537.36 Edg/142.0.0.0','2025-11-14 09:29:42'),(658,6,'t00241','create_loads','teaching_loads',NULL,NULL,'{\"year_label\":\"2568\",\"term_no\":2,\"teacher_name\":\"อ.ชวัลวิทย์ .\",\"subject\":\"ฟิสิกส์ - ฟิสิกส์\",\"classes\":[\"ม6\\/1\",\"ม6\\/2\",\"ม6\\/3\",\"ม6\\/4\"],\"room_name\":\"-\",\"periods_per_week\":4,\"consecutive_slots\":2,\"inserted\":4,\"updated\":0,\"created_ids\":[604,605,606,607]}','192.168.8.3','Mozilla/5.0 (Windows NT 10.0; Win64; x64) AppleWebKit/537.36 (KHTML, like Gecko) Chrome/142.0.0.0 Safari/537.36 Edg/142.0.0.0','2025-11-14 09:31:23'),(659,6,'t00241','add_timetable_slot','timetable_slots',NULL,NULL,'{\"view\":\"teacher\",\"year_label\":\"2568\",\"term_no\":2,\"class_name\":\"ม6\\/4\",\"day_of_week\":\"-\",\"period_start\":1,\"period_end\":2,\"span\":2,\"subject\":\"ฟิสิกส์ - ฟิสิกส์\",\"teachers\":[\"อ.ชวัลวิทย์ .\"],\"room_name\":\"-\",\"source\":\"manual\",\"slot_ids\":[3394,3395],\"forced\":\"no\"}','192.168.8.3','Mozilla/5.0 (Windows NT 10.0; Win64; x64) AppleWebKit/537.36 (KHTML, like Gecko) Chrome/142.0.0.0 Safari/537.36 Edg/142.0.0.0','2025-11-14 09:33:40'),(660,6,'t00241','add_timetable_slot','timetable_slots',NULL,NULL,'{\"view\":\"teacher\",\"year_label\":\"2568\",\"term_no\":2,\"class_name\":\"ม6\\/1\",\"day_of_week\":\"-\",\"period_start\":3,\"period_end\":4,\"span\":2,\"subject\":\"ฟิสิกส์ - ฟิสิกส์\",\"teachers\":[\"อ.ชวัลวิทย์ .\"],\"room_name\":\"-\",\"source\":\"manual\",\"slot_ids\":[3396,3397],\"forced\":\"no\"}','192.168.8.3','Mozilla/5.0 (Windows NT 10.0; Win64; x64) AppleWebKit/537.36 (KHTML, like Gecko) Chrome/142.0.0.0 Safari/537.36 Edg/142.0.0.0','2025-11-14 09:33:44'),(661,6,'t00241','add_timetable_slot','timetable_slots',NULL,NULL,'{\"view\":\"teacher\",\"year_label\":\"2568\",\"term_no\":2,\"class_name\":\"ม6\\/2\",\"day_of_week\":\"-\",\"period_start\":5,\"period_end\":5,\"span\":1,\"subject\":\"ฟิสิกส์ - ฟิสิกส์\",\"teachers\":[\"อ.ชวัลวิทย์ .\"],\"room_name\":\"-\",\"source\":\"manual\",\"slot_ids\":[3398],\"forced\":\"no\"}','192.168.8.3','Mozilla/5.0 (Windows NT 10.0; Win64; x64) AppleWebKit/537.36 (KHTML, like Gecko) Chrome/142.0.0.0 Safari/537.36 Edg/142.0.0.0','2025-11-14 09:33:50'),(662,6,'t00241','add_timetable_slot','timetable_slots',NULL,NULL,'{\"view\":\"teacher\",\"year_label\":\"2568\",\"term_no\":2,\"class_name\":\"ม6\\/2\",\"day_of_week\":\"-\",\"period_start\":7,\"period_end\":7,\"span\":1,\"subject\":\"ฟิสิกส์ - ฟิสิกส์\",\"teachers\":[\"อ.ชวัลวิทย์ .\"],\"room_name\":\"-\",\"source\":\"manual\",\"slot_ids\":[3399],\"forced\":\"yes\"}','192.168.8.3','Mozilla/5.0 (Windows NT 10.0; Win64; x64) AppleWebKit/537.36 (KHTML, like Gecko) Chrome/142.0.0.0 Safari/537.36 Edg/142.0.0.0','2025-11-14 09:33:55'),(663,6,'t00241','add_timetable_slot','timetable_slots',NULL,NULL,'{\"view\":\"teacher\",\"year_label\":\"2568\",\"term_no\":2,\"class_name\":\"ม6\\/3\",\"day_of_week\":\"-\",\"period_start\":8,\"period_end\":9,\"span\":2,\"subject\":\"ฟิสิกส์ - ฟิสิกส์\",\"teachers\":[\"อ.ชวัลวิทย์ .\"],\"room_name\":\"-\",\"source\":\"manual\",\"slot_ids\":[3400,3401],\"forced\":\"no\"}','192.168.8.3','Mozilla/5.0 (Windows NT 10.0; Win64; x64) AppleWebKit/537.36 (KHTML, like Gecko) Chrome/142.0.0.0 Safari/537.36 Edg/142.0.0.0','2025-11-14 09:33:59'),(664,6,'t00241','add_timetable_slot','timetable_slots',NULL,NULL,'{\"view\":\"teacher\",\"year_label\":\"2568\",\"term_no\":2,\"class_name\":\"ม6\\/4\",\"day_of_week\":\"-\",\"period_start\":1,\"period_end\":2,\"span\":2,\"subject\":\"ฟิสิกส์ - ฟิสิกส์\",\"teachers\":[\"อ.ชวัลวิทย์ .\"],\"room_name\":\"-\",\"source\":\"manual\",\"slot_ids\":[3402,3403],\"forced\":\"no\"}','192.168.8.3','Mozilla/5.0 (Windows NT 10.0; Win64; x64) AppleWebKit/537.36 (KHTML, like Gecko) Chrome/142.0.0.0 Safari/537.36 Edg/142.0.0.0','2025-11-14 09:34:03'),(665,6,'t00241','add_timetable_slot','timetable_slots',NULL,NULL,'{\"view\":\"teacher\",\"year_label\":\"2568\",\"term_no\":2,\"class_name\":\"ม6\\/1\",\"day_of_week\":\"-\",\"period_start\":3,\"period_end\":4,\"span\":2,\"subject\":\"ฟิสิกส์ - ฟิสิกส์\",\"teachers\":[\"อ.ชวัลวิทย์ .\"],\"room_name\":\"-\",\"source\":\"manual\",\"slot_ids\":[3404,3405],\"forced\":\"no\"}','192.168.8.3','Mozilla/5.0 (Windows NT 10.0; Win64; x64) AppleWebKit/537.36 (KHTML, like Gecko) Chrome/142.0.0.0 Safari/537.36 Edg/142.0.0.0','2025-11-14 09:34:07'),(666,6,'t00241','add_timetable_slot','timetable_slots',NULL,NULL,'{\"view\":\"teacher\",\"year_label\":\"2568\",\"term_no\":2,\"class_name\":\"ม6\\/2\",\"day_of_week\":\"-\",\"period_start\":5,\"period_end\":5,\"span\":1,\"subject\":\"ฟิสิกส์ - ฟิสิกส์\",\"teachers\":[\"อ.ชวัลวิทย์ .\"],\"room_name\":\"-\",\"source\":\"manual\",\"slot_ids\":[3406],\"forced\":\"no\"}','192.168.8.3','Mozilla/5.0 (Windows NT 10.0; Win64; x64) AppleWebKit/537.36 (KHTML, like Gecko) Chrome/142.0.0.0 Safari/537.36 Edg/142.0.0.0','2025-11-14 09:34:13'),(667,6,'t00241','add_timetable_slot','timetable_slots',NULL,NULL,'{\"view\":\"teacher\",\"year_label\":\"2568\",\"term_no\":2,\"class_name\":\"ม6\\/2\",\"day_of_week\":\"-\",\"period_start\":7,\"period_end\":7,\"span\":1,\"subject\":\"ฟิสิกส์ - ฟิสิกส์\",\"teachers\":[\"อ.ชวัลวิทย์ .\"],\"room_name\":\"-\",\"source\":\"manual\",\"slot_ids\":[3407],\"forced\":\"yes\"}','192.168.8.3','Mozilla/5.0 (Windows NT 10.0; Win64; x64) AppleWebKit/537.36 (KHTML, like Gecko) Chrome/142.0.0.0 Safari/537.36 Edg/142.0.0.0','2025-11-14 09:34:17'),(668,6,'t00241','add_timetable_slot','timetable_slots',NULL,NULL,'{\"view\":\"teacher\",\"year_label\":\"2568\",\"term_no\":2,\"class_name\":\"ม6\\/3\",\"day_of_week\":\"-\",\"period_start\":8,\"period_end\":9,\"span\":2,\"subject\":\"ฟิสิกส์ - ฟิสิกส์\",\"teachers\":[\"อ.ชวัลวิทย์ .\"],\"room_name\":\"-\",\"source\":\"manual\",\"slot_ids\":[3408,3409],\"forced\":\"no\"}','192.168.8.3','Mozilla/5.0 (Windows NT 10.0; Win64; x64) AppleWebKit/537.36 (KHTML, like Gecko) Chrome/142.0.0.0 Safari/537.36 Edg/142.0.0.0','2025-11-14 09:34:21'),(669,6,'t00241','create_loads','teaching_loads',NULL,NULL,'{\"year_label\":\"2568\",\"term_no\":2,\"teacher_name\":\"อ.สมเจตน์ .\",\"subject\":\"ฟิสิกส์ - ฟิสิกส์\",\"classes\":[\"ม6\\/1\",\"ม6\\/2\",\"ม6\\/3\",\"ม6\\/4\"],\"room_name\":\"-\",\"periods_per_week\":2,\"consecutive_slots\":2,\"inserted\":4,\"updated\":0,\"created_ids\":[608,609,610,611]}','192.168.8.3','Mozilla/5.0 (Windows NT 10.0; Win64; x64) AppleWebKit/537.36 (KHTML, like Gecko) Chrome/142.0.0.0 Safari/537.36 Edg/142.0.0.0','2025-11-14 09:35:55'),(670,6,'t00241','add_timetable_slot','timetable_slots',NULL,NULL,'{\"view\":\"teacher\",\"year_label\":\"2568\",\"term_no\":2,\"class_name\":\"ม6\\/2\",\"day_of_week\":\"-\",\"period_start\":1,\"period_end\":2,\"span\":2,\"subject\":\"ฟิสิกส์ - ฟิสิกส์\",\"teachers\":[\"อ.สมเจตน์ .\"],\"room_name\":\"-\",\"source\":\"manual\",\"slot_ids\":[3410,3411],\"forced\":\"yes\"}','192.168.8.3','Mozilla/5.0 (Windows NT 10.0; Win64; x64) AppleWebKit/537.36 (KHTML, like Gecko) Chrome/142.0.0.0 Safari/537.36 Edg/142.0.0.0','2025-11-14 09:36:15'),(671,6,'t00241','add_timetable_slot','timetable_slots',NULL,NULL,'{\"view\":\"teacher\",\"year_label\":\"2568\",\"term_no\":2,\"class_name\":\"ม6\\/3\",\"day_of_week\":\"-\",\"period_start\":3,\"period_end\":4,\"span\":2,\"subject\":\"ฟิสิกส์ - ฟิสิกส์\",\"teachers\":[\"อ.สมเจตน์ .\"],\"room_name\":\"-\",\"source\":\"manual\",\"slot_ids\":[3412,3413],\"forced\":\"yes\"}','192.168.8.3','Mozilla/5.0 (Windows NT 10.0; Win64; x64) AppleWebKit/537.36 (KHTML, like Gecko) Chrome/142.0.0.0 Safari/537.36 Edg/142.0.0.0','2025-11-14 09:36:19'),(672,6,'t00241','add_timetable_slot','timetable_slots',NULL,NULL,'{\"view\":\"teacher\",\"year_label\":\"2568\",\"term_no\":2,\"class_name\":\"ม6\\/4\",\"day_of_week\":\"-\",\"period_start\":5,\"period_end\":5,\"span\":1,\"subject\":\"ฟิสิกส์ - ฟิสิกส์\",\"teachers\":[\"อ.สมเจตน์ .\"],\"room_name\":\"-\",\"source\":\"manual\",\"slot_ids\":[3414],\"forced\":\"yes\"}','192.168.8.3','Mozilla/5.0 (Windows NT 10.0; Win64; x64) AppleWebKit/537.36 (KHTML, like Gecko) Chrome/142.0.0.0 Safari/537.36 Edg/142.0.0.0','2025-11-14 09:36:25'),(673,6,'t00241','add_timetable_slot','timetable_slots',NULL,NULL,'{\"view\":\"teacher\",\"year_label\":\"2568\",\"term_no\":2,\"class_name\":\"ม6\\/4\",\"day_of_week\":\"-\",\"period_start\":7,\"period_end\":7,\"span\":1,\"subject\":\"ฟิสิกส์ - ฟิสิกส์\",\"teachers\":[\"อ.สมเจตน์ .\"],\"room_name\":\"-\",\"source\":\"manual\",\"slot_ids\":[3415],\"forced\":\"yes\"}','192.168.8.3','Mozilla/5.0 (Windows NT 10.0; Win64; x64) AppleWebKit/537.36 (KHTML, like Gecko) Chrome/142.0.0.0 Safari/537.36 Edg/142.0.0.0','2025-11-14 09:36:29'),(674,6,'t00241','add_timetable_slot','timetable_slots',NULL,NULL,'{\"view\":\"teacher\",\"year_label\":\"2568\",\"term_no\":2,\"class_name\":\"ม6\\/1\",\"day_of_week\":\"-\",\"period_start\":8,\"period_end\":9,\"span\":2,\"subject\":\"ฟิสิกส์ - ฟิสิกส์\",\"teachers\":[\"อ.สมเจตน์ .\"],\"room_name\":\"-\",\"source\":\"manual\",\"slot_ids\":[3416,3417],\"forced\":\"yes\"}','192.168.8.3','Mozilla/5.0 (Windows NT 10.0; Win64; x64) AppleWebKit/537.36 (KHTML, like Gecko) Chrome/142.0.0.0 Safari/537.36 Edg/142.0.0.0','2025-11-14 09:36:34'),(675,6,'t00241','create_loads','teaching_loads',NULL,NULL,'{\"year_label\":\"2568\",\"term_no\":2,\"teacher_name\":\"อ.ไพศาล .\",\"subject\":\"ดาราศาสตร์ - ดาราศาสตร์\",\"classes\":[\"ม5\\/1\",\"ม5\\/2\",\"ม5\\/3\",\"ม5\\/4\",\"ม6\\/1\",\"ม6\\/2\",\"ม6\\/3\",\"ม6\\/4\"],\"room_name\":\"-\",\"periods_per_week\":2,\"consecutive_slots\":2,\"inserted\":8,\"updated\":0,\"created_ids\":[612,613,614,615,616,617,618,619]}','192.168.8.3','Mozilla/5.0 (Windows NT 10.0; Win64; x64) AppleWebKit/537.36 (KHTML, like Gecko) Chrome/142.0.0.0 Safari/537.36 Edg/142.0.0.0','2025-11-14 09:37:01'),(676,6,'t00241','add_timetable_slot','timetable_slots',NULL,NULL,'{\"view\":\"teacher\",\"year_label\":\"2568\",\"term_no\":2,\"class_name\":\"ม6\\/1\",\"day_of_week\":\"-\",\"period_start\":1,\"period_end\":2,\"span\":2,\"subject\":\"ดาราศาสตร์ - ดาราศาสตร์\",\"teachers\":[\"อ.ไพศาล .\"],\"room_name\":\"-\",\"source\":\"manual\",\"slot_ids\":[3418,3419],\"forced\":\"no\"}','192.168.8.3','Mozilla/5.0 (Windows NT 10.0; Win64; x64) AppleWebKit/537.36 (KHTML, like Gecko) Chrome/142.0.0.0 Safari/537.36 Edg/142.0.0.0','2025-11-14 09:37:11'),(677,6,'t00241','add_timetable_slot','timetable_slots',NULL,NULL,'{\"view\":\"teacher\",\"year_label\":\"2568\",\"term_no\":2,\"class_name\":\"ม6\\/2\",\"day_of_week\":\"-\",\"period_start\":3,\"period_end\":4,\"span\":2,\"subject\":\"ดาราศาสตร์ - ดาราศาสตร์\",\"teachers\":[\"อ.ไพศาล .\"],\"room_name\":\"-\",\"source\":\"manual\",\"slot_ids\":[3420,3421],\"forced\":\"no\"}','192.168.8.3','Mozilla/5.0 (Windows NT 10.0; Win64; x64) AppleWebKit/537.36 (KHTML, like Gecko) Chrome/142.0.0.0 Safari/537.36 Edg/142.0.0.0','2025-11-14 09:37:15'),(678,6,'t00241','add_timetable_slot','timetable_slots',NULL,NULL,'{\"view\":\"teacher\",\"year_label\":\"2568\",\"term_no\":2,\"class_name\":\"ม6\\/3\",\"day_of_week\":\"-\",\"period_start\":5,\"period_end\":5,\"span\":1,\"subject\":\"ดาราศาสตร์ - ดาราศาสตร์\",\"teachers\":[\"อ.ไพศาล .\"],\"room_name\":\"-\",\"source\":\"manual\",\"slot_ids\":[3422],\"forced\":\"no\"}','192.168.8.3','Mozilla/5.0 (Windows NT 10.0; Win64; x64) AppleWebKit/537.36 (KHTML, like Gecko) Chrome/142.0.0.0 Safari/537.36 Edg/142.0.0.0','2025-11-14 09:37:22'),(679,6,'t00241','add_timetable_slot','timetable_slots',NULL,NULL,'{\"view\":\"teacher\",\"year_label\":\"2568\",\"term_no\":2,\"class_name\":\"ม6\\/3\",\"day_of_week\":\"-\",\"period_start\":7,\"period_end\":7,\"span\":1,\"subject\":\"ดาราศาสตร์ - ดาราศาสตร์\",\"teachers\":[\"อ.ไพศาล .\"],\"room_name\":\"-\",\"source\":\"manual\",\"slot_ids\":[3423],\"forced\":\"yes\"}','192.168.8.3','Mozilla/5.0 (Windows NT 10.0; Win64; x64) AppleWebKit/537.36 (KHTML, like Gecko) Chrome/142.0.0.0 Safari/537.36 Edg/142.0.0.0','2025-11-14 09:37:29'),(680,6,'t00241','add_timetable_slot','timetable_slots',NULL,NULL,'{\"view\":\"teacher\",\"year_label\":\"2568\",\"term_no\":2,\"class_name\":\"ม6\\/4\",\"day_of_week\":\"-\",\"period_start\":8,\"period_end\":9,\"span\":2,\"subject\":\"ดาราศาสตร์ - ดาราศาสตร์\",\"teachers\":[\"อ.ไพศาล .\"],\"room_name\":\"-\",\"source\":\"manual\",\"slot_ids\":[3424,3425],\"forced\":\"no\"}','192.168.8.3','Mozilla/5.0 (Windows NT 10.0; Win64; x64) AppleWebKit/537.36 (KHTML, like Gecko) Chrome/142.0.0.0 Safari/537.36 Edg/142.0.0.0','2025-11-14 09:37:32'),(681,6,'t00241','add_timetable_slot','timetable_slots',NULL,NULL,'{\"view\":\"teacher\",\"year_label\":\"2568\",\"term_no\":2,\"class_name\":\"ม5\\/1\",\"day_of_week\":\"-\",\"period_start\":1,\"period_end\":2,\"span\":2,\"subject\":\"ดาราศาสตร์ - ดาราศาสตร์\",\"teachers\":[\"อ.ไพศาล .\"],\"room_name\":\"-\",\"source\":\"manual\",\"slot_ids\":[3426,3427],\"forced\":\"no\"}','192.168.8.3','Mozilla/5.0 (Windows NT 10.0; Win64; x64) AppleWebKit/537.36 (KHTML, like Gecko) Chrome/142.0.0.0 Safari/537.36 Edg/142.0.0.0','2025-11-14 09:37:35'),(682,6,'t00241','add_timetable_slot','timetable_slots',NULL,NULL,'{\"view\":\"teacher\",\"year_label\":\"2568\",\"term_no\":2,\"class_name\":\"ม5\\/4\",\"day_of_week\":\"-\",\"period_start\":3,\"period_end\":4,\"span\":2,\"subject\":\"ดาราศาสตร์ - ดาราศาสตร์\",\"teachers\":[\"อ.ไพศาล .\"],\"room_name\":\"-\",\"source\":\"manual\",\"slot_ids\":[3428,3429],\"forced\":\"no\"}','192.168.8.3','Mozilla/5.0 (Windows NT 10.0; Win64; x64) AppleWebKit/537.36 (KHTML, like Gecko) Chrome/142.0.0.0 Safari/537.36 Edg/142.0.0.0','2025-11-14 09:37:49'),(683,6,'t00241','add_timetable_slot','timetable_slots',NULL,NULL,'{\"view\":\"teacher\",\"year_label\":\"2568\",\"term_no\":2,\"class_name\":\"ม5\\/3\",\"day_of_week\":\"-\",\"period_start\":5,\"period_end\":5,\"span\":1,\"subject\":\"ดาราศาสตร์ - ดาราศาสตร์\",\"teachers\":[\"อ.ไพศาล .\"],\"room_name\":\"-\",\"source\":\"manual\",\"slot_ids\":[3430],\"forced\":\"no\"}','192.168.8.3','Mozilla/5.0 (Windows NT 10.0; Win64; x64) AppleWebKit/537.36 (KHTML, like Gecko) Chrome/142.0.0.0 Safari/537.36 Edg/142.0.0.0','2025-11-14 09:37:53'),(684,6,'t00241','add_timetable_slot','timetable_slots',NULL,NULL,'{\"view\":\"teacher\",\"year_label\":\"2568\",\"term_no\":2,\"class_name\":\"ม5\\/3\",\"day_of_week\":\"-\",\"period_start\":7,\"period_end\":7,\"span\":1,\"subject\":\"ดาราศาสตร์ - ดาราศาสตร์\",\"teachers\":[\"อ.ไพศาล .\"],\"room_name\":\"-\",\"source\":\"manual\",\"slot_ids\":[3431],\"forced\":\"yes\"}','192.168.8.3','Mozilla/5.0 (Windows NT 10.0; Win64; x64) AppleWebKit/537.36 (KHTML, like Gecko) Chrome/142.0.0.0 Safari/537.36 Edg/142.0.0.0','2025-11-14 09:37:59'),(685,6,'t00241','add_timetable_slot','timetable_slots',NULL,NULL,'{\"view\":\"teacher\",\"year_label\":\"2568\",\"term_no\":2,\"class_name\":\"ม5\\/2\",\"day_of_week\":\"-\",\"period_start\":8,\"period_end\":9,\"span\":2,\"subject\":\"ดาราศาสตร์ - ดาราศาสตร์\",\"teachers\":[\"อ.ไพศาล .\"],\"room_name\":\"-\",\"source\":\"manual\",\"slot_ids\":[3432,3433],\"forced\":\"no\"}','192.168.8.3','Mozilla/5.0 (Windows NT 10.0; Win64; x64) AppleWebKit/537.36 (KHTML, like Gecko) Chrome/142.0.0.0 Safari/537.36 Edg/142.0.0.0','2025-11-14 09:38:02'),(686,6,'t00241','create_loads','teaching_loads',NULL,NULL,'{\"year_label\":\"2568\",\"term_no\":2,\"teacher_name\":\"อ.อลงกต .\",\"subject\":\"ดาราศาสตร์ - ดาราศาสตร์\",\"classes\":[\"ม4\\/1\",\"ม4\\/2\",\"ม4\\/3\",\"ม4\\/4\"],\"room_name\":\"-\",\"periods_per_week\":2,\"consecutive_slots\":2,\"inserted\":4,\"updated\":0,\"created_ids\":[620,621,622,623]}','192.168.8.3','Mozilla/5.0 (Windows NT 10.0; Win64; x64) AppleWebKit/537.36 (KHTML, like Gecko) Chrome/142.0.0.0 Safari/537.36 Edg/142.0.0.0','2025-11-14 09:38:26'),(687,6,'t00241','add_timetable_slot','timetable_slots',NULL,NULL,'{\"view\":\"teacher\",\"year_label\":\"2568\",\"term_no\":2,\"class_name\":\"ม4\\/4\",\"day_of_week\":\"-\",\"period_start\":1,\"period_end\":2,\"span\":2,\"subject\":\"ดาราศาสตร์ - ดาราศาสตร์\",\"teachers\":[\"อ.อลงกต .\"],\"room_name\":\"-\",\"source\":\"manual\",\"slot_ids\":[3434,3435],\"forced\":\"no\"}','192.168.8.3','Mozilla/5.0 (Windows NT 10.0; Win64; x64) AppleWebKit/537.36 (KHTML, like Gecko) Chrome/142.0.0.0 Safari/537.36 Edg/142.0.0.0','2025-11-14 09:39:23'),(688,6,'t00241','add_timetable_slot','timetable_slots',NULL,NULL,'{\"view\":\"teacher\",\"year_label\":\"2568\",\"term_no\":2,\"class_name\":\"ม4\\/1\",\"day_of_week\":\"-\",\"period_start\":3,\"period_end\":4,\"span\":2,\"subject\":\"ดาราศาสตร์ - ดาราศาสตร์\",\"teachers\":[\"อ.อลงกต .\"],\"room_name\":\"-\",\"source\":\"manual\",\"slot_ids\":[3436,3437],\"forced\":\"no\"}','192.168.8.3','Mozilla/5.0 (Windows NT 10.0; Win64; x64) AppleWebKit/537.36 (KHTML, like Gecko) Chrome/142.0.0.0 Safari/537.36 Edg/142.0.0.0','2025-11-14 09:39:27'),(689,6,'t00241','add_timetable_slot','timetable_slots',NULL,NULL,'{\"view\":\"teacher\",\"year_label\":\"2568\",\"term_no\":2,\"class_name\":\"ม4\\/2\",\"day_of_week\":\"-\",\"period_start\":6,\"period_end\":7,\"span\":2,\"subject\":\"ดาราศาสตร์ - ดาราศาสตร์\",\"teachers\":[\"อ.อลงกต .\"],\"room_name\":\"-\",\"source\":\"manual\",\"slot_ids\":[3438,3439],\"forced\":\"no\"}','192.168.8.3','Mozilla/5.0 (Windows NT 10.0; Win64; x64) AppleWebKit/537.36 (KHTML, like Gecko) Chrome/142.0.0.0 Safari/537.36 Edg/142.0.0.0','2025-11-14 09:39:30'),(690,6,'t00241','add_timetable_slot','timetable_slots',NULL,NULL,'{\"view\":\"teacher\",\"year_label\":\"2568\",\"term_no\":2,\"class_name\":\"ม4\\/3\",\"day_of_week\":\"-\",\"period_start\":8,\"period_end\":9,\"span\":2,\"subject\":\"ดาราศาสตร์ - ดาราศาสตร์\",\"teachers\":[\"อ.อลงกต .\"],\"room_name\":\"-\",\"source\":\"manual\",\"slot_ids\":[3440,3441],\"forced\":\"no\"}','192.168.8.3','Mozilla/5.0 (Windows NT 10.0; Win64; x64) AppleWebKit/537.36 (KHTML, like Gecko) Chrome/142.0.0.0 Safari/537.36 Edg/142.0.0.0','2025-11-14 09:39:34'),(691,6,'t00241','create_loads','teaching_loads',NULL,NULL,'{\"year_label\":\"2568\",\"term_no\":2,\"teacher_name\":\"อ.ศุทธิณีย์ .\",\"subject\":\"สังคม - สังคม\",\"classes\":[\"ม4\\/1\",\"ม4\\/2\",\"ม4\\/3\",\"ม4\\/4\",\"ม5\\/1\",\"ม5\\/2\",\"ม5\\/3\",\"ม5\\/4\",\"ม6\\/1\",\"ม6\\/2\",\"ม6\\/3\",\"ม6\\/4\"],\"room_name\":\"-\",\"periods_per_week\":2,\"consecutive_slots\":2,\"inserted\":12,\"updated\":0,\"created_ids\":[624,625,626,627,628,629,630,631,632,633,634,635]}','192.168.8.3','Mozilla/5.0 (Windows NT 10.0; Win64; x64) AppleWebKit/537.36 (KHTML, like Gecko) Chrome/142.0.0.0 Safari/537.36 Edg/142.0.0.0','2025-11-14 09:40:11'),(692,6,'t00241','add_timetable_slot','timetable_slots',NULL,NULL,'{\"view\":\"teacher\",\"year_label\":\"2568\",\"term_no\":2,\"class_name\":\"ม5\\/4\",\"day_of_week\":\"อังคาร\",\"period_start\":1,\"period_end\":2,\"span\":2,\"subject\":\"สังคม - สังคม\",\"teachers\":[\"อ.ศุทธิณีย์ .\"],\"room_name\":\"-\",\"source\":\"manual\",\"slot_ids\":[3442,3443],\"forced\":\"no\"}','192.168.8.3','Mozilla/5.0 (Windows NT 10.0; Win64; x64) AppleWebKit/537.36 (KHTML, like Gecko) Chrome/142.0.0.0 Safari/537.36 Edg/142.0.0.0','2025-11-14 09:40:23'),(693,6,'t00241','add_timetable_slot','timetable_slots',NULL,NULL,'{\"view\":\"teacher\",\"year_label\":\"2568\",\"term_no\":2,\"class_name\":\"ม5\\/1\",\"day_of_week\":\"อังคาร\",\"period_start\":3,\"period_end\":4,\"span\":2,\"subject\":\"สังคม - สังคม\",\"teachers\":[\"อ.ศุทธิณีย์ .\"],\"room_name\":\"-\",\"source\":\"manual\",\"slot_ids\":[3444,3445],\"forced\":\"no\"}','192.168.8.3','Mozilla/5.0 (Windows NT 10.0; Win64; x64) AppleWebKit/537.36 (KHTML, like Gecko) Chrome/142.0.0.0 Safari/537.36 Edg/142.0.0.0','2025-11-14 09:40:27'),(694,6,'t00241','add_timetable_slot','timetable_slots',NULL,NULL,'{\"view\":\"teacher\",\"year_label\":\"2568\",\"term_no\":2,\"class_name\":\"ม5\\/2\",\"day_of_week\":\"อังคาร\",\"period_start\":5,\"period_end\":5,\"span\":1,\"subject\":\"สังคม - สังคม\",\"teachers\":[\"อ.ศุทธิณีย์ .\"],\"room_name\":\"-\",\"source\":\"manual\",\"slot_ids\":[3446],\"forced\":\"no\"}','192.168.8.3','Mozilla/5.0 (Windows NT 10.0; Win64; x64) AppleWebKit/537.36 (KHTML, like Gecko) Chrome/142.0.0.0 Safari/537.36 Edg/142.0.0.0','2025-11-14 09:40:32'),(695,6,'t00241','add_timetable_slot','timetable_slots',NULL,NULL,'{\"view\":\"teacher\",\"year_label\":\"2568\",\"term_no\":2,\"class_name\":\"ม5\\/2\",\"day_of_week\":\"อังคาร\",\"period_start\":7,\"period_end\":7,\"span\":1,\"subject\":\"สังคม - สังคม\",\"teachers\":[\"อ.ศุทธิณีย์ .\"],\"room_name\":\"-\",\"source\":\"manual\",\"slot_ids\":[3447],\"forced\":\"yes\"}','192.168.8.3','Mozilla/5.0 (Windows NT 10.0; Win64; x64) AppleWebKit/537.36 (KHTML, like Gecko) Chrome/142.0.0.0 Safari/537.36 Edg/142.0.0.0','2025-11-14 09:40:37'),(696,6,'t00241','add_timetable_slot','timetable_slots',NULL,NULL,'{\"view\":\"teacher\",\"year_label\":\"2568\",\"term_no\":2,\"class_name\":\"ม5\\/3\",\"day_of_week\":\"อังคาร\",\"period_start\":8,\"period_end\":9,\"span\":2,\"subject\":\"สังคม - สังคม\",\"teachers\":[\"อ.ศุทธิณีย์ .\"],\"room_name\":\"-\",\"source\":\"manual\",\"slot_ids\":[3448,3449],\"forced\":\"no\"}','192.168.8.3','Mozilla/5.0 (Windows NT 10.0; Win64; x64) AppleWebKit/537.36 (KHTML, like Gecko) Chrome/142.0.0.0 Safari/537.36 Edg/142.0.0.0','2025-11-14 09:40:40'),(697,6,'t00241','add_timetable_slot','timetable_slots',NULL,NULL,'{\"view\":\"teacher\",\"year_label\":\"2568\",\"term_no\":2,\"class_name\":\"ม4\\/3\",\"day_of_week\":\"พุธ\",\"period_start\":1,\"period_end\":2,\"span\":2,\"subject\":\"สังคม - สังคม\",\"teachers\":[\"อ.ศุทธิณีย์ .\"],\"room_name\":\"-\",\"source\":\"manual\",\"slot_ids\":[3450,3451],\"forced\":\"no\"}','192.168.8.3','Mozilla/5.0 (Windows NT 10.0; Win64; x64) AppleWebKit/537.36 (KHTML, like Gecko) Chrome/142.0.0.0 Safari/537.36 Edg/142.0.0.0','2025-11-14 09:40:44'),(698,6,'t00241','add_timetable_slot','timetable_slots',NULL,NULL,'{\"view\":\"teacher\",\"year_label\":\"2568\",\"term_no\":2,\"class_name\":\"ม4\\/4\",\"day_of_week\":\"พุธ\",\"period_start\":3,\"period_end\":4,\"span\":2,\"subject\":\"สังคม - สังคม\",\"teachers\":[\"อ.ศุทธิณีย์ .\"],\"room_name\":\"-\",\"source\":\"manual\",\"slot_ids\":[3452,3453],\"forced\":\"no\"}','192.168.8.3','Mozilla/5.0 (Windows NT 10.0; Win64; x64) AppleWebKit/537.36 (KHTML, like Gecko) Chrome/142.0.0.0 Safari/537.36 Edg/142.0.0.0','2025-11-14 09:40:47'),(699,6,'t00241','add_timetable_slot','timetable_slots',NULL,NULL,'{\"view\":\"teacher\",\"year_label\":\"2568\",\"term_no\":2,\"class_name\":\"ม4\\/1\",\"day_of_week\":\"พุธ\",\"period_start\":6,\"period_end\":7,\"span\":2,\"subject\":\"สังคม - สังคม\",\"teachers\":[\"อ.ศุทธิณีย์ .\"],\"room_name\":\"-\",\"source\":\"manual\",\"slot_ids\":[3454,3455],\"forced\":\"no\"}','192.168.8.3','Mozilla/5.0 (Windows NT 10.0; Win64; x64) AppleWebKit/537.36 (KHTML, like Gecko) Chrome/142.0.0.0 Safari/537.36 Edg/142.0.0.0','2025-11-14 09:43:53'),(700,6,'t00241','add_timetable_slot','timetable_slots',NULL,NULL,'{\"view\":\"teacher\",\"year_label\":\"2568\",\"term_no\":2,\"class_name\":\"ม4\\/2\",\"day_of_week\":\"พุธ\",\"period_start\":8,\"period_end\":9,\"span\":2,\"subject\":\"สังคม - สังคม\",\"teachers\":[\"อ.ศุทธิณีย์ .\"],\"room_name\":\"-\",\"source\":\"manual\",\"slot_ids\":[3456,3457],\"forced\":\"no\"}','192.168.8.3','Mozilla/5.0 (Windows NT 10.0; Win64; x64) AppleWebKit/537.36 (KHTML, like Gecko) Chrome/142.0.0.0 Safari/537.36 Edg/142.0.0.0','2025-11-14 09:43:59'),(701,6,'t00241','add_timetable_slot','timetable_slots',NULL,NULL,'{\"view\":\"teacher\",\"year_label\":\"2568\",\"term_no\":2,\"class_name\":\"ม6\\/3\",\"day_of_week\":\"ศุกร์\",\"period_start\":1,\"period_end\":2,\"span\":2,\"subject\":\"สังคม - สังคม\",\"teachers\":[\"อ.ศุทธิณีย์ .\"],\"room_name\":\"-\",\"source\":\"manual\",\"slot_ids\":[3458,3459],\"forced\":\"no\"}','192.168.8.3','Mozilla/5.0 (Windows NT 10.0; Win64; x64) AppleWebKit/537.36 (KHTML, like Gecko) Chrome/142.0.0.0 Safari/537.36 Edg/142.0.0.0','2025-11-14 09:44:09'),(702,6,'t00241','add_timetable_slot','timetable_slots',NULL,NULL,'{\"view\":\"teacher\",\"year_label\":\"2568\",\"term_no\":2,\"class_name\":\"ม6\\/4\",\"day_of_week\":\"ศุกร์\",\"period_start\":3,\"period_end\":4,\"span\":2,\"subject\":\"สังคม - สังคม\",\"teachers\":[\"อ.ศุทธิณีย์ .\"],\"room_name\":\"-\",\"source\":\"manual\",\"slot_ids\":[3460,3461],\"forced\":\"no\"}','192.168.8.3','Mozilla/5.0 (Windows NT 10.0; Win64; x64) AppleWebKit/537.36 (KHTML, like Gecko) Chrome/142.0.0.0 Safari/537.36 Edg/142.0.0.0','2025-11-14 09:44:14'),(703,6,'t00241','add_timetable_slot','timetable_slots',NULL,NULL,'{\"view\":\"teacher\",\"year_label\":\"2568\",\"term_no\":2,\"class_name\":\"ม6\\/1\",\"day_of_week\":\"ศุกร์\",\"period_start\":5,\"period_end\":5,\"span\":1,\"subject\":\"สังคม - สังคม\",\"teachers\":[\"อ.ศุทธิณีย์ .\"],\"room_name\":\"-\",\"source\":\"manual\",\"slot_ids\":[3462],\"forced\":\"no\"}','192.168.8.3','Mozilla/5.0 (Windows NT 10.0; Win64; x64) AppleWebKit/537.36 (KHTML, like Gecko) Chrome/142.0.0.0 Safari/537.36 Edg/142.0.0.0','2025-11-14 09:44:18'),(704,6,'t00241','add_timetable_slot','timetable_slots',NULL,NULL,'{\"view\":\"teacher\",\"year_label\":\"2568\",\"term_no\":2,\"class_name\":\"ม6\\/1\",\"day_of_week\":\"ศุกร์\",\"period_start\":7,\"period_end\":7,\"span\":1,\"subject\":\"สังคม - สังคม\",\"teachers\":[\"อ.ศุทธิณีย์ .\"],\"room_name\":\"-\",\"source\":\"manual\",\"slot_ids\":[3463],\"forced\":\"yes\"}','192.168.8.3','Mozilla/5.0 (Windows NT 10.0; Win64; x64) AppleWebKit/537.36 (KHTML, like Gecko) Chrome/142.0.0.0 Safari/537.36 Edg/142.0.0.0','2025-11-14 09:44:24'),(705,6,'t00241','add_timetable_slot','timetable_slots',NULL,NULL,'{\"view\":\"teacher\",\"year_label\":\"2568\",\"term_no\":2,\"class_name\":\"ม6\\/2\",\"day_of_week\":\"ศุกร์\",\"period_start\":8,\"period_end\":9,\"span\":2,\"subject\":\"สังคม - สังคม\",\"teachers\":[\"อ.ศุทธิณีย์ .\"],\"room_name\":\"-\",\"source\":\"manual\",\"slot_ids\":[3464,3465],\"forced\":\"no\"}','192.168.8.3','Mozilla/5.0 (Windows NT 10.0; Win64; x64) AppleWebKit/537.36 (KHTML, like Gecko) Chrome/142.0.0.0 Safari/537.36 Edg/142.0.0.0','2025-11-14 09:44:27'),(706,6,'t00241','create_loads','teaching_loads',NULL,NULL,'{\"year_label\":\"2568\",\"term_no\":2,\"teacher_name\":\"อ.สอางค์ .\",\"subject\":\"ภาษาไทย - ภาษาไทย\",\"classes\":[\"ม6\\/1\",\"ม6\\/2\",\"ม6\\/3\",\"ม6\\/4\"],\"room_name\":\"-\",\"periods_per_week\":2,\"consecutive_slots\":2,\"inserted\":4,\"updated\":0,\"created_ids\":[636,637,638,639]}','192.168.8.3','Mozilla/5.0 (Windows NT 10.0; Win64; x64) AppleWebKit/537.36 (KHTML, like Gecko) Chrome/142.0.0.0 Safari/537.36 Edg/142.0.0.0','2025-11-14 09:44:56'),(707,6,'t00241','add_timetable_slot','timetable_slots',NULL,NULL,'{\"view\":\"teacher\",\"year_label\":\"2568\",\"term_no\":2,\"class_name\":\"ม6\\/2\",\"day_of_week\":\"-\",\"period_start\":1,\"period_end\":2,\"span\":2,\"subject\":\"ภาษาไทย - ภาษาไทย\",\"teachers\":[\"อ.สอางค์ .\"],\"room_name\":\"-\",\"source\":\"manual\",\"slot_ids\":[3466,3467],\"forced\":\"no\"}','192.168.8.3','Mozilla/5.0 (Windows NT 10.0; Win64; x64) AppleWebKit/537.36 (KHTML, like Gecko) Chrome/142.0.0.0 Safari/537.36 Edg/142.0.0.0','2025-11-14 09:45:06'),(708,6,'t00241','add_timetable_slot','timetable_slots',NULL,NULL,'{\"view\":\"teacher\",\"year_label\":\"2568\",\"term_no\":2,\"class_name\":\"ม6\\/3\",\"day_of_week\":\"-\",\"period_start\":3,\"period_end\":4,\"span\":2,\"subject\":\"ภาษาไทย - ภาษาไทย\",\"teachers\":[\"อ.สอางค์ .\"],\"room_name\":\"-\",\"source\":\"manual\",\"slot_ids\":[3468,3469],\"forced\":\"no\"}','192.168.8.3','Mozilla/5.0 (Windows NT 10.0; Win64; x64) AppleWebKit/537.36 (KHTML, like Gecko) Chrome/142.0.0.0 Safari/537.36 Edg/142.0.0.0','2025-11-14 09:45:10'),(709,6,'t00241','add_timetable_slot','timetable_slots',NULL,NULL,'{\"view\":\"teacher\",\"year_label\":\"2568\",\"term_no\":2,\"class_name\":\"ม6\\/4\",\"day_of_week\":\"-\",\"period_start\":5,\"period_end\":5,\"span\":1,\"subject\":\"ภาษาไทย - ภาษาไทย\",\"teachers\":[\"อ.สอางค์ .\"],\"room_name\":\"-\",\"source\":\"manual\",\"slot_ids\":[3470],\"forced\":\"no\"}','192.168.8.3','Mozilla/5.0 (Windows NT 10.0; Win64; x64) AppleWebKit/537.36 (KHTML, like Gecko) Chrome/142.0.0.0 Safari/537.36 Edg/142.0.0.0','2025-11-14 09:45:14'),(710,6,'t00241','add_timetable_slot','timetable_slots',NULL,NULL,'{\"view\":\"teacher\",\"year_label\":\"2568\",\"term_no\":2,\"class_name\":\"ม6\\/4\",\"day_of_week\":\"-\",\"period_start\":7,\"period_end\":7,\"span\":1,\"subject\":\"ภาษาไทย - ภาษาไทย\",\"teachers\":[\"อ.สอางค์ .\"],\"room_name\":\"-\",\"source\":\"manual\",\"slot_ids\":[3471],\"forced\":\"yes\"}','192.168.8.3','Mozilla/5.0 (Windows NT 10.0; Win64; x64) AppleWebKit/537.36 (KHTML, like Gecko) Chrome/142.0.0.0 Safari/537.36 Edg/142.0.0.0','2025-11-14 09:45:19'),(711,6,'t00241','add_timetable_slot','timetable_slots',NULL,NULL,'{\"view\":\"teacher\",\"year_label\":\"2568\",\"term_no\":2,\"class_name\":\"ม6\\/1\",\"day_of_week\":\"-\",\"period_start\":8,\"period_end\":9,\"span\":2,\"subject\":\"ภาษาไทย - ภาษาไทย\",\"teachers\":[\"อ.สอางค์ .\"],\"room_name\":\"-\",\"source\":\"manual\",\"slot_ids\":[3472,3473],\"forced\":\"no\"}','192.168.8.3','Mozilla/5.0 (Windows NT 10.0; Win64; x64) AppleWebKit/537.36 (KHTML, like Gecko) Chrome/142.0.0.0 Safari/537.36 Edg/142.0.0.0','2025-11-14 09:45:21'),(712,6,'t00241','create_loads','teaching_loads',NULL,NULL,'{\"year_label\":\"2568\",\"term_no\":2,\"teacher_name\":\"อ.ทินกฤต .\",\"subject\":\"ภาษาอังกฤษ - ภาษาอังกฤษ\",\"classes\":[\"ม4\\/1\",\"ม4\\/2\",\"ม4\\/3\",\"ม4\\/4\",\"ม5\\/1\",\"ม5\\/2\",\"ม5\\/3\",\"ม5\\/4\",\"ม6\\/1\",\"ม6\\/2\",\"ม6\\/3\",\"ม6\\/4\"],\"room_name\":\"-\",\"periods_per_week\":2,\"consecutive_slots\":2,\"inserted\":12,\"updated\":0,\"created_ids\":[640,641,642,643,644,645,646,647,648,649,650,651]}','192.168.8.3','Mozilla/5.0 (Windows NT 10.0; Win64; x64) AppleWebKit/537.36 (KHTML, like Gecko) Chrome/142.0.0.0 Safari/537.36 Edg/142.0.0.0','2025-11-14 09:46:32'),(713,6,'t00241','add_timetable_slot','timetable_slots',NULL,NULL,'{\"view\":\"teacher\",\"year_label\":\"2568\",\"term_no\":2,\"class_name\":\"ม4\\/1\",\"day_of_week\":\"อังคาร\",\"period_start\":1,\"period_end\":2,\"span\":2,\"subject\":\"ภาษาอังกฤษ - ภาษาอังกฤษ\",\"teachers\":[\"อ.ทินกฤต .\"],\"room_name\":\"-\",\"source\":\"manual\",\"slot_ids\":[3474,3475],\"forced\":\"no\"}','192.168.8.3','Mozilla/5.0 (Windows NT 10.0; Win64; x64) AppleWebKit/537.36 (KHTML, like Gecko) Chrome/142.0.0.0 Safari/537.36 Edg/142.0.0.0','2025-11-14 09:46:45'),(714,6,'t00241','add_timetable_slot','timetable_slots',NULL,NULL,'{\"view\":\"teacher\",\"year_label\":\"2568\",\"term_no\":2,\"class_name\":\"ม4\\/2\",\"day_of_week\":\"อังคาร\",\"period_start\":3,\"period_end\":4,\"span\":2,\"subject\":\"ภาษาอังกฤษ - ภาษาอังกฤษ\",\"teachers\":[\"อ.ทินกฤต .\"],\"room_name\":\"-\",\"source\":\"manual\",\"slot_ids\":[3476,3477],\"forced\":\"no\"}','192.168.8.3','Mozilla/5.0 (Windows NT 10.0; Win64; x64) AppleWebKit/537.36 (KHTML, like Gecko) Chrome/142.0.0.0 Safari/537.36 Edg/142.0.0.0','2025-11-14 09:46:48'),(715,6,'t00241','add_timetable_slot','timetable_slots',NULL,NULL,'{\"view\":\"teacher\",\"year_label\":\"2568\",\"term_no\":2,\"class_name\":\"ม4\\/3\",\"day_of_week\":\"อังคาร\",\"period_start\":6,\"period_end\":7,\"span\":2,\"subject\":\"ภาษาอังกฤษ - ภาษาอังกฤษ\",\"teachers\":[\"อ.ทินกฤต .\"],\"room_name\":\"-\",\"source\":\"manual\",\"slot_ids\":[3478,3479],\"forced\":\"no\"}','192.168.8.3','Mozilla/5.0 (Windows NT 10.0; Win64; x64) AppleWebKit/537.36 (KHTML, like Gecko) Chrome/142.0.0.0 Safari/537.36 Edg/142.0.0.0','2025-11-14 09:46:51'),(716,6,'t00241','add_timetable_slot','timetable_slots',NULL,NULL,'{\"view\":\"teacher\",\"year_label\":\"2568\",\"term_no\":2,\"class_name\":\"ม4\\/4\",\"day_of_week\":\"อังคาร\",\"period_start\":8,\"period_end\":9,\"span\":2,\"subject\":\"ภาษาอังกฤษ - ภาษาอังกฤษ\",\"teachers\":[\"อ.ทินกฤต .\"],\"room_name\":\"-\",\"source\":\"manual\",\"slot_ids\":[3480,3481],\"forced\":\"no\"}','192.168.8.3','Mozilla/5.0 (Windows NT 10.0; Win64; x64) AppleWebKit/537.36 (KHTML, like Gecko) Chrome/142.0.0.0 Safari/537.36 Edg/142.0.0.0','2025-11-14 09:46:54'),(717,6,'t00241','add_timetable_slot','timetable_slots',NULL,NULL,'{\"view\":\"teacher\",\"year_label\":\"2568\",\"term_no\":2,\"class_name\":\"ม6\\/3\",\"day_of_week\":\"พุธ\",\"period_start\":1,\"period_end\":2,\"span\":2,\"subject\":\"ภาษาอังกฤษ - ภาษาอังกฤษ\",\"teachers\":[\"อ.ทินกฤต .\"],\"room_name\":\"-\",\"source\":\"manual\",\"slot_ids\":[3482,3483],\"forced\":\"no\"}','192.168.8.3','Mozilla/5.0 (Windows NT 10.0; Win64; x64) AppleWebKit/537.36 (KHTML, like Gecko) Chrome/142.0.0.0 Safari/537.36 Edg/142.0.0.0','2025-11-14 09:46:58'),(718,6,'t00241','add_timetable_slot','timetable_slots',NULL,NULL,'{\"view\":\"teacher\",\"year_label\":\"2568\",\"term_no\":2,\"class_name\":\"ม6\\/4\",\"day_of_week\":\"พุธ\",\"period_start\":3,\"period_end\":4,\"span\":2,\"subject\":\"ภาษาอังกฤษ - ภาษาอังกฤษ\",\"teachers\":[\"อ.ทินกฤต .\"],\"room_name\":\"-\",\"source\":\"manual\",\"slot_ids\":[3484,3485],\"forced\":\"no\"}','192.168.8.3','Mozilla/5.0 (Windows NT 10.0; Win64; x64) AppleWebKit/537.36 (KHTML, like Gecko) Chrome/142.0.0.0 Safari/537.36 Edg/142.0.0.0','2025-11-14 09:47:01'),(719,6,'t00241','add_timetable_slot','timetable_slots',NULL,NULL,'{\"view\":\"teacher\",\"year_label\":\"2568\",\"term_no\":2,\"class_name\":\"ม6\\/1\",\"day_of_week\":\"พุธ\",\"period_start\":5,\"period_end\":5,\"span\":1,\"subject\":\"ภาษาอังกฤษ - ภาษาอังกฤษ\",\"teachers\":[\"อ.ทินกฤต .\"],\"room_name\":\"-\",\"source\":\"manual\",\"slot_ids\":[3486],\"forced\":\"no\"}','192.168.8.3','Mozilla/5.0 (Windows NT 10.0; Win64; x64) AppleWebKit/537.36 (KHTML, like Gecko) Chrome/142.0.0.0 Safari/537.36 Edg/142.0.0.0','2025-11-14 09:47:05'),(720,6,'t00241','add_timetable_slot','timetable_slots',NULL,NULL,'{\"view\":\"teacher\",\"year_label\":\"2568\",\"term_no\":2,\"class_name\":\"ม6\\/1\",\"day_of_week\":\"พุธ\",\"period_start\":7,\"period_end\":7,\"span\":1,\"subject\":\"ภาษาอังกฤษ - ภาษาอังกฤษ\",\"teachers\":[\"อ.ทินกฤต .\"],\"room_name\":\"-\",\"source\":\"manual\",\"slot_ids\":[3487],\"forced\":\"yes\"}','192.168.8.3','Mozilla/5.0 (Windows NT 10.0; Win64; x64) AppleWebKit/537.36 (KHTML, like Gecko) Chrome/142.0.0.0 Safari/537.36 Edg/142.0.0.0','2025-11-14 09:47:10'),(721,6,'t00241','add_timetable_slot','timetable_slots',NULL,NULL,'{\"view\":\"teacher\",\"year_label\":\"2568\",\"term_no\":2,\"class_name\":\"ม6\\/2\",\"day_of_week\":\"พุธ\",\"period_start\":8,\"period_end\":9,\"span\":2,\"subject\":\"ภาษาอังกฤษ - ภาษาอังกฤษ\",\"teachers\":[\"อ.ทินกฤต .\"],\"room_name\":\"-\",\"source\":\"manual\",\"slot_ids\":[3488,3489],\"forced\":\"no\"}','192.168.8.3','Mozilla/5.0 (Windows NT 10.0; Win64; x64) AppleWebKit/537.36 (KHTML, like Gecko) Chrome/142.0.0.0 Safari/537.36 Edg/142.0.0.0','2025-11-14 09:47:14'),(722,6,'t00241','add_timetable_slot','timetable_slots',NULL,NULL,'{\"view\":\"teacher\",\"year_label\":\"2568\",\"term_no\":2,\"class_name\":\"ม5\\/1\",\"day_of_week\":\"พฤหัสบดี\",\"period_start\":1,\"period_end\":2,\"span\":2,\"subject\":\"ภาษาอังกฤษ - ภาษาอังกฤษ\",\"teachers\":[\"อ.ทินกฤต .\"],\"room_name\":\"-\",\"source\":\"manual\",\"slot_ids\":[3490,3491],\"forced\":\"no\"}','192.168.8.3','Mozilla/5.0 (Windows NT 10.0; Win64; x64) AppleWebKit/537.36 (KHTML, like Gecko) Chrome/142.0.0.0 Safari/537.36 Edg/142.0.0.0','2025-11-14 09:47:18'),(723,6,'t00241','add_timetable_slot','timetable_slots',NULL,NULL,'{\"view\":\"teacher\",\"year_label\":\"2568\",\"term_no\":2,\"class_name\":\"ม5\\/2\",\"day_of_week\":\"พฤหัสบดี\",\"period_start\":3,\"period_end\":4,\"span\":2,\"subject\":\"ภาษาอังกฤษ - ภาษาอังกฤษ\",\"teachers\":[\"อ.ทินกฤต .\"],\"room_name\":\"-\",\"source\":\"manual\",\"slot_ids\":[3492,3493],\"forced\":\"no\"}','192.168.8.3','Mozilla/5.0 (Windows NT 10.0; Win64; x64) AppleWebKit/537.36 (KHTML, like Gecko) Chrome/142.0.0.0 Safari/537.36 Edg/142.0.0.0','2025-11-14 09:47:21'),(724,6,'t00241','add_timetable_slot','timetable_slots',NULL,NULL,'{\"view\":\"class\",\"year_label\":\"2568\",\"term_no\":2,\"class_name\":\"ม5\\/3\",\"day_of_week\":\"พฤหัสบดี\",\"period_start\":5,\"period_end\":5,\"span\":1,\"subject\":\"ภาษาอังกฤษ - ภาษาอังกฤษ\",\"teachers\":[\"อ.ทินกฤต .\"],\"room_name\":\"-\",\"source\":\"manual\",\"slot_ids\":[3494],\"forced\":\"no\"}','192.168.8.3','Mozilla/5.0 (Windows NT 10.0; Win64; x64) AppleWebKit/537.36 (KHTML, like Gecko) Chrome/142.0.0.0 Safari/537.36 Edg/142.0.0.0','2025-11-14 09:47:43'),(725,6,'t00241','add_timetable_slot','timetable_slots',NULL,NULL,'{\"view\":\"class\",\"year_label\":\"2568\",\"term_no\":2,\"class_name\":\"ม5\\/3\",\"day_of_week\":\"พฤหัสบดี\",\"period_start\":7,\"period_end\":7,\"span\":1,\"subject\":\"ภาษาอังกฤษ - ภาษาอังกฤษ\",\"teachers\":[\"อ.ทินกฤต .\"],\"room_name\":\"-\",\"source\":\"manual\",\"slot_ids\":[3495],\"forced\":\"yes\"}','192.168.8.3','Mozilla/5.0 (Windows NT 10.0; Win64; x64) AppleWebKit/537.36 (KHTML, like Gecko) Chrome/142.0.0.0 Safari/537.36 Edg/142.0.0.0','2025-11-14 09:47:49'),(726,6,'t00241','add_timetable_slot','timetable_slots',NULL,NULL,'{\"view\":\"teacher\",\"year_label\":\"2568\",\"term_no\":2,\"class_name\":\"ม5\\/4\",\"day_of_week\":\"พฤหัสบดี\",\"period_start\":8,\"period_end\":9,\"span\":2,\"subject\":\"ภาษาอังกฤษ - ภาษาอังกฤษ\",\"teachers\":[\"อ.ทินกฤต .\"],\"room_name\":\"-\",\"source\":\"manual\",\"slot_ids\":[3496,3497],\"forced\":\"no\"}','192.168.8.3','Mozilla/5.0 (Windows NT 10.0; Win64; x64) AppleWebKit/537.36 (KHTML, like Gecko) Chrome/142.0.0.0 Safari/537.36 Edg/142.0.0.0','2025-11-14 09:48:29'),(727,6,'t00241','delete','timetable_slots',3208,'{\"view\":\"teacher\",\"year_label\":\"2568\",\"term_no\":2,\"class_name\":\"ม4\\/2\",\"day_of_week\":\"ศุกร์\",\"period_no\":2,\"subject\":\"QQ English - QQ English\",\"teachers\":\"ศุภเกียรติ วิริภิรมย์กูล\",\"room_name\":\"Lab computer 1\",\"source\":\"manual\"}',NULL,'192.168.8.3','Mozilla/5.0 (Windows NT 10.0; Win64; x64) AppleWebKit/537.36 (KHTML, like Gecko) Chrome/142.0.0.0 Safari/537.36 Edg/142.0.0.0','2025-11-14 10:26:59'),(728,6,'t00241','delete','timetable_slots',3209,'{\"view\":\"teacher\",\"year_label\":\"2568\",\"term_no\":2,\"class_name\":\"ม4\\/3\",\"day_of_week\":\"ศุกร์\",\"period_no\":4,\"subject\":\"QQ English - QQ English\",\"teachers\":\"ศุภเกียรติ วิริภิรมย์กูล\",\"room_name\":\"Lab computer 1\",\"source\":\"manual\"}',NULL,'192.168.8.3','Mozilla/5.0 (Windows NT 10.0; Win64; x64) AppleWebKit/537.36 (KHTML, like Gecko) Chrome/142.0.0.0 Safari/537.36 Edg/142.0.0.0','2025-11-14 10:27:02'),(729,6,'t00241','delete','timetable_slots',3210,'{\"view\":\"teacher\",\"year_label\":\"2568\",\"term_no\":2,\"class_name\":\"ม4\\/4\",\"day_of_week\":\"ศุกร์\",\"period_no\":7,\"subject\":\"QQ English - QQ English\",\"teachers\":\"ศุภเกียรติ วิริภิรมย์กูล\",\"room_name\":\"Lab computer 1\",\"source\":\"manual\"}',NULL,'192.168.8.3','Mozilla/5.0 (Windows NT 10.0; Win64; x64) AppleWebKit/537.36 (KHTML, like Gecko) Chrome/142.0.0.0 Safari/537.36 Edg/142.0.0.0','2025-11-14 10:27:04'),(730,6,'t00241','delete','timetable_slots',3211,'{\"view\":\"teacher\",\"year_label\":\"2568\",\"term_no\":2,\"class_name\":\"ม4\\/1\",\"day_of_week\":\"ศุกร์\",\"period_no\":8,\"subject\":\"QQ English - QQ English\",\"teachers\":\"ศุภเกียรติ วิริภิรมย์กูล\",\"room_name\":\"Lab computer 1\",\"source\":\"manual\"}',NULL,'192.168.8.3','Mozilla/5.0 (Windows NT 10.0; Win64; x64) AppleWebKit/537.36 (KHTML, like Gecko) Chrome/142.0.0.0 Safari/537.36 Edg/142.0.0.0','2025-11-14 10:27:06'),(731,6,'t00241','add_timetable_slot','timetable_slots',NULL,NULL,'{\"view\":\"teacher\",\"year_label\":\"2568\",\"term_no\":2,\"class_name\":\"ม4\\/2\",\"day_of_week\":\"ศุกร์\",\"period_start\":2,\"period_end\":2,\"span\":1,\"subject\":\"QQEnglish - QQEnglish\",\"teachers\":[\"ศุภเกียรติ วิริภิรมย์กูล\"],\"room_name\":\"Lab computer 1\",\"source\":\"manual\",\"slot_ids\":[3498],\"forced\":\"no\"}','192.168.8.3','Mozilla/5.0 (Windows NT 10.0; Win64; x64) AppleWebKit/537.36 (KHTML, like Gecko) Chrome/142.0.0.0 Safari/537.36 Edg/142.0.0.0','2025-11-14 10:27:13'),(732,6,'t00241','add_timetable_slot','timetable_slots',NULL,NULL,'{\"view\":\"teacher\",\"year_label\":\"2568\",\"term_no\":2,\"class_name\":\"ม4\\/3\",\"day_of_week\":\"ศุกร์\",\"period_start\":4,\"period_end\":4,\"span\":1,\"subject\":\"QQEnglish - QQEnglish\",\"teachers\":[\"ศุภเกียรติ วิริภิรมย์กูล\"],\"room_name\":\"Lab computer 1\",\"source\":\"manual\",\"slot_ids\":[3499],\"forced\":\"no\"}','192.168.8.3','Mozilla/5.0 (Windows NT 10.0; Win64; x64) AppleWebKit/537.36 (KHTML, like Gecko) Chrome/142.0.0.0 Safari/537.36 Edg/142.0.0.0','2025-11-14 10:27:18'),(733,6,'t00241','add_timetable_slot','timetable_slots',NULL,NULL,'{\"view\":\"teacher\",\"year_label\":\"2568\",\"term_no\":2,\"class_name\":\"ม4\\/4\",\"day_of_week\":\"ศุกร์\",\"period_start\":7,\"period_end\":7,\"span\":1,\"subject\":\"QQEnglish - QQEnglish\",\"teachers\":[\"ศุภเกียรติ วิริภิรมย์กูล\"],\"room_name\":\"Lab computer 1\",\"source\":\"manual\",\"slot_ids\":[3500],\"forced\":\"no\"}','192.168.8.3','Mozilla/5.0 (Windows NT 10.0; Win64; x64) AppleWebKit/537.36 (KHTML, like Gecko) Chrome/142.0.0.0 Safari/537.36 Edg/142.0.0.0','2025-11-14 10:27:21'),(734,6,'t00241','add_timetable_slot','timetable_slots',NULL,NULL,'{\"view\":\"teacher\",\"year_label\":\"2568\",\"term_no\":2,\"class_name\":\"ม4\\/1\",\"day_of_week\":\"ศุกร์\",\"period_start\":8,\"period_end\":8,\"span\":1,\"subject\":\"QQEnglish - QQEnglish\",\"teachers\":[\"ศุภเกียรติ วิริภิรมย์กูล\"],\"room_name\":\"Lab computer 1\",\"source\":\"manual\",\"slot_ids\":[3501],\"forced\":\"no\"}','192.168.8.3','Mozilla/5.0 (Windows NT 10.0; Win64; x64) AppleWebKit/537.36 (KHTML, like Gecko) Chrome/142.0.0.0 Safari/537.36 Edg/142.0.0.0','2025-11-14 10:27:24'),(735,6,'t00241','delete','timetable_slots',2711,'{\"view\":\"teacher\",\"year_label\":\"2568\",\"term_no\":2,\"class_name\":\"ม6\\/2\",\"day_of_week\":\"อังคาร\",\"period_no\":1,\"subject\":\"ดนตรี-นาฏศิลป์ - ดนตรี-นาฏศิลป์\",\"teachers\":\"ฐิติมา เนี๊ยะอั๋น\",\"room_name\":\"-\",\"source\":\"manual\"}',NULL,'192.168.8.3','Mozilla/5.0 (Windows NT 10.0; Win64; x64) AppleWebKit/537.36 (KHTML, like Gecko) Chrome/142.0.0.0 Safari/537.36 Edg/142.0.0.0','2025-11-14 10:36:30'),(736,6,'t00241','delete','timetable_slots',2712,'{\"view\":\"teacher\",\"year_label\":\"2568\",\"term_no\":2,\"class_name\":\"ม6\\/3\",\"day_of_week\":\"อังคาร\",\"period_no\":2,\"subject\":\"ดนตรี-นาฏศิลป์ - ดนตรี-นาฏศิลป์\",\"teachers\":\"ฐิติมา เนี๊ยะอั๋น\",\"room_name\":\"-\",\"source\":\"manual\"}',NULL,'192.168.8.3','Mozilla/5.0 (Windows NT 10.0; Win64; x64) AppleWebKit/537.36 (KHTML, like Gecko) Chrome/142.0.0.0 Safari/537.36 Edg/142.0.0.0','2025-11-14 10:36:39'),(737,6,'t00241','delete','timetable_slots',2713,'{\"view\":\"teacher\",\"year_label\":\"2568\",\"term_no\":2,\"class_name\":\"ม6\\/4\",\"day_of_week\":\"อังคาร\",\"period_no\":5,\"subject\":\"ดนตรี-นาฏศิลป์ - ดนตรี-นาฏศิลป์\",\"teachers\":\"ฐิติมา เนี๊ยะอั๋น\",\"room_name\":\"-\",\"source\":\"manual\"}',NULL,'192.168.8.3','Mozilla/5.0 (Windows NT 10.0; Win64; x64) AppleWebKit/537.36 (KHTML, like Gecko) Chrome/142.0.0.0 Safari/537.36 Edg/142.0.0.0','2025-11-14 10:36:43'),(738,6,'t00241','delete','timetable_slots',2714,'{\"view\":\"teacher\",\"year_label\":\"2568\",\"term_no\":2,\"class_name\":\"ม6\\/1\",\"day_of_week\":\"อังคาร\",\"period_no\":7,\"subject\":\"ดนตรี-นาฏศิลป์ - ดนตรี-นาฏศิลป์\",\"teachers\":\"ฐิติมา เนี๊ยะอั๋น\",\"room_name\":\"-\",\"source\":\"manual\"}',NULL,'192.168.8.3','Mozilla/5.0 (Windows NT 10.0; Win64; x64) AppleWebKit/537.36 (KHTML, like Gecko) Chrome/142.0.0.0 Safari/537.36 Edg/142.0.0.0','2025-11-14 10:36:45'),(739,6,'t00241','delete','timetable_slots',2715,'{\"view\":\"teacher\",\"year_label\":\"2568\",\"term_no\":2,\"class_name\":\"ม5\\/4\",\"day_of_week\":\"พุธ\",\"period_no\":1,\"subject\":\"ดนตรี-นาฏศิลป์ - ดนตรี-นาฏศิลป์\",\"teachers\":\"ฐิติมา เนี๊ยะอั๋น\",\"room_name\":\"-\",\"source\":\"manual\"}',NULL,'192.168.8.3','Mozilla/5.0 (Windows NT 10.0; Win64; x64) AppleWebKit/537.36 (KHTML, like Gecko) Chrome/142.0.0.0 Safari/537.36 Edg/142.0.0.0','2025-11-14 10:36:47'),(740,6,'t00241','delete','timetable_slots',2716,'{\"view\":\"teacher\",\"year_label\":\"2568\",\"term_no\":2,\"class_name\":\"ม5\\/3\",\"day_of_week\":\"พุธ\",\"period_no\":2,\"subject\":\"ดนตรี-นาฏศิลป์ - ดนตรี-นาฏศิลป์\",\"teachers\":\"ฐิติมา เนี๊ยะอั๋น\",\"room_name\":\"-\",\"source\":\"manual\"}',NULL,'192.168.8.3','Mozilla/5.0 (Windows NT 10.0; Win64; x64) AppleWebKit/537.36 (KHTML, like Gecko) Chrome/142.0.0.0 Safari/537.36 Edg/142.0.0.0','2025-11-14 10:36:49'),(741,6,'t00241','delete','timetable_slots',2717,'{\"view\":\"teacher\",\"year_label\":\"2568\",\"term_no\":2,\"class_name\":\"ม5\\/2\",\"day_of_week\":\"พุธ\",\"period_no\":3,\"subject\":\"ดนตรี-นาฏศิลป์ - ดนตรี-นาฏศิลป์\",\"teachers\":\"ฐิติมา เนี๊ยะอั๋น\",\"room_name\":\"-\",\"source\":\"manual\"}',NULL,'192.168.8.3','Mozilla/5.0 (Windows NT 10.0; Win64; x64) AppleWebKit/537.36 (KHTML, like Gecko) Chrome/142.0.0.0 Safari/537.36 Edg/142.0.0.0','2025-11-14 10:36:51'),(742,6,'t00241','delete','timetable_slots',2718,'{\"view\":\"teacher\",\"year_label\":\"2568\",\"term_no\":2,\"class_name\":\"ม5\\/1\",\"day_of_week\":\"พุธ\",\"period_no\":7,\"subject\":\"ดนตรี-นาฏศิลป์ - ดนตรี-นาฏศิลป์\",\"teachers\":\"ฐิติมา เนี๊ยะอั๋น\",\"room_name\":\"-\",\"source\":\"manual\"}',NULL,'192.168.8.3','Mozilla/5.0 (Windows NT 10.0; Win64; x64) AppleWebKit/537.36 (KHTML, like Gecko) Chrome/142.0.0.0 Safari/537.36 Edg/142.0.0.0','2025-11-14 10:36:53'),(743,6,'t00241','delete','timetable_slots',2719,'{\"view\":\"teacher\",\"year_label\":\"2568\",\"term_no\":2,\"class_name\":\"ม4\\/3\",\"day_of_week\":\"พฤหัสบดี\",\"period_no\":1,\"subject\":\"ดนตรี-นาฏศิลป์ - ดนตรี-นาฏศิลป์\",\"teachers\":\"ฐิติมา เนี๊ยะอั๋น\",\"room_name\":\"-\",\"source\":\"manual\"}',NULL,'192.168.8.3','Mozilla/5.0 (Windows NT 10.0; Win64; x64) AppleWebKit/537.36 (KHTML, like Gecko) Chrome/142.0.0.0 Safari/537.36 Edg/142.0.0.0','2025-11-14 10:36:55'),(744,6,'t00241','delete','timetable_slots',2720,'{\"view\":\"teacher\",\"year_label\":\"2568\",\"term_no\":2,\"class_name\":\"ม4\\/1\",\"day_of_week\":\"พฤหัสบดี\",\"period_no\":2,\"subject\":\"ดนตรี-นาฏศิลป์ - ดนตรี-นาฏศิลป์\",\"teachers\":\"ฐิติมา เนี๊ยะอั๋น\",\"room_name\":\"-\",\"source\":\"manual\"}',NULL,'192.168.8.3','Mozilla/5.0 (Windows NT 10.0; Win64; x64) AppleWebKit/537.36 (KHTML, like Gecko) Chrome/142.0.0.0 Safari/537.36 Edg/142.0.0.0','2025-11-14 10:36:57'),(745,6,'t00241','delete','timetable_slots',2721,'{\"view\":\"teacher\",\"year_label\":\"2568\",\"term_no\":2,\"class_name\":\"ม4\\/4\",\"day_of_week\":\"พฤหัสบดี\",\"period_no\":3,\"subject\":\"ดนตรี-นาฏศิลป์ - ดนตรี-นาฏศิลป์\",\"teachers\":\"ฐิติมา เนี๊ยะอั๋น\",\"room_name\":\"-\",\"source\":\"manual\"}',NULL,'192.168.8.3','Mozilla/5.0 (Windows NT 10.0; Win64; x64) AppleWebKit/537.36 (KHTML, like Gecko) Chrome/142.0.0.0 Safari/537.36 Edg/142.0.0.0','2025-11-14 10:36:58'),(746,6,'t00241','delete','timetable_slots',2722,'{\"view\":\"teacher\",\"year_label\":\"2568\",\"term_no\":2,\"class_name\":\"ม4\\/2\",\"day_of_week\":\"พฤหัสบดี\",\"period_no\":8,\"subject\":\"ดนตรี-นาฏศิลป์ - ดนตรี-นาฏศิลป์\",\"teachers\":\"ฐิติมา เนี๊ยะอั๋น\",\"room_name\":\"-\",\"source\":\"manual\"}',NULL,'192.168.8.3','Mozilla/5.0 (Windows NT 10.0; Win64; x64) AppleWebKit/537.36 (KHTML, like Gecko) Chrome/142.0.0.0 Safari/537.36 Edg/142.0.0.0','2025-11-14 10:37:00'),(747,6,'t00241','add_timetable_slot','timetable_slots',NULL,NULL,'{\"view\":\"teacher\",\"year_label\":\"2568\",\"term_no\":2,\"class_name\":\"ม6\\/2\",\"day_of_week\":\"อังคาร\",\"period_start\":1,\"period_end\":1,\"span\":1,\"subject\":\"ดนตรี\\/นาฏศิลป์ - ดนตรี\\/นาฏศิลป์\",\"teachers\":[\"ฐิติมา เนี๊ยะอั๋น\"],\"room_name\":\"-\",\"source\":\"manual\",\"slot_ids\":[3502],\"forced\":\"no\"}','192.168.8.3','Mozilla/5.0 (Windows NT 10.0; Win64; x64) AppleWebKit/537.36 (KHTML, like Gecko) Chrome/142.0.0.0 Safari/537.36 Edg/142.0.0.0','2025-11-14 10:37:28'),(748,6,'t00241','add_timetable_slot','timetable_slots',NULL,NULL,'{\"view\":\"teacher\",\"year_label\":\"2568\",\"term_no\":2,\"class_name\":\"ม6\\/3\",\"day_of_week\":\"อังคาร\",\"period_start\":2,\"period_end\":2,\"span\":1,\"subject\":\"ดนตรี\\/นาฏศิลป์ - ดนตรี\\/นาฏศิลป์\",\"teachers\":[\"ฐิติมา เนี๊ยะอั๋น\"],\"room_name\":\"-\",\"source\":\"manual\",\"slot_ids\":[3503],\"forced\":\"no\"}','192.168.8.3','Mozilla/5.0 (Windows NT 10.0; Win64; x64) AppleWebKit/537.36 (KHTML, like Gecko) Chrome/142.0.0.0 Safari/537.36 Edg/142.0.0.0','2025-11-14 10:37:32'),(749,6,'t00241','add_timetable_slot','timetable_slots',NULL,NULL,'{\"view\":\"teacher\",\"year_label\":\"2568\",\"term_no\":2,\"class_name\":\"ม6\\/4\",\"day_of_week\":\"อังคาร\",\"period_start\":5,\"period_end\":5,\"span\":1,\"subject\":\"ดนตรี\\/นาฏศิลป์ - ดนตรี\\/นาฏศิลป์\",\"teachers\":[\"ฐิติมา เนี๊ยะอั๋น\"],\"room_name\":\"-\",\"source\":\"manual\",\"slot_ids\":[3504],\"forced\":\"no\"}','192.168.8.3','Mozilla/5.0 (Windows NT 10.0; Win64; x64) AppleWebKit/537.36 (KHTML, like Gecko) Chrome/142.0.0.0 Safari/537.36 Edg/142.0.0.0','2025-11-14 10:37:35'),(750,6,'t00241','add_timetable_slot','timetable_slots',NULL,NULL,'{\"view\":\"teacher\",\"year_label\":\"2568\",\"term_no\":2,\"class_name\":\"ม6\\/1\",\"day_of_week\":\"อังคาร\",\"period_start\":7,\"period_end\":7,\"span\":1,\"subject\":\"ดนตรี\\/นาฏศิลป์ - ดนตรี\\/นาฏศิลป์\",\"teachers\":[\"ฐิติมา เนี๊ยะอั๋น\"],\"room_name\":\"-\",\"source\":\"manual\",\"slot_ids\":[3505],\"forced\":\"no\"}','192.168.8.3','Mozilla/5.0 (Windows NT 10.0; Win64; x64) AppleWebKit/537.36 (KHTML, like Gecko) Chrome/142.0.0.0 Safari/537.36 Edg/142.0.0.0','2025-11-14 10:37:39'),(751,6,'t00241','add_timetable_slot','timetable_slots',NULL,NULL,'{\"view\":\"teacher\",\"year_label\":\"2568\",\"term_no\":2,\"class_name\":\"ม5\\/4\",\"day_of_week\":\"พุธ\",\"period_start\":1,\"period_end\":1,\"span\":1,\"subject\":\"ดนตรี\\/นาฏศิลป์ - ดนตรี\\/นาฏศิลป์\",\"teachers\":[\"ฐิติมา เนี๊ยะอั๋น\"],\"room_name\":\"-\",\"source\":\"manual\",\"slot_ids\":[3506],\"forced\":\"no\"}','192.168.8.3','Mozilla/5.0 (Windows NT 10.0; Win64; x64) AppleWebKit/537.36 (KHTML, like Gecko) Chrome/142.0.0.0 Safari/537.36 Edg/142.0.0.0','2025-11-14 10:37:42'),(752,6,'t00241','add_timetable_slot','timetable_slots',NULL,NULL,'{\"view\":\"teacher\",\"year_label\":\"2568\",\"term_no\":2,\"class_name\":\"ม5\\/3\",\"day_of_week\":\"พุธ\",\"period_start\":2,\"period_end\":2,\"span\":1,\"subject\":\"ดนตรี\\/นาฏศิลป์ - ดนตรี\\/นาฏศิลป์\",\"teachers\":[\"ฐิติมา เนี๊ยะอั๋น\"],\"room_name\":\"-\",\"source\":\"manual\",\"slot_ids\":[3507],\"forced\":\"no\"}','192.168.8.3','Mozilla/5.0 (Windows NT 10.0; Win64; x64) AppleWebKit/537.36 (KHTML, like Gecko) Chrome/142.0.0.0 Safari/537.36 Edg/142.0.0.0','2025-11-14 10:37:47'),(753,6,'t00241','add_timetable_slot','timetable_slots',NULL,NULL,'{\"view\":\"teacher\",\"year_label\":\"2568\",\"term_no\":2,\"class_name\":\"ม5\\/2\",\"day_of_week\":\"พุธ\",\"period_start\":3,\"period_end\":3,\"span\":1,\"subject\":\"ดนตรี\\/นาฏศิลป์ - ดนตรี\\/นาฏศิลป์\",\"teachers\":[\"ฐิติมา เนี๊ยะอั๋น\"],\"room_name\":\"-\",\"source\":\"manual\",\"slot_ids\":[3508],\"forced\":\"no\"}','192.168.8.3','Mozilla/5.0 (Windows NT 10.0; Win64; x64) AppleWebKit/537.36 (KHTML, like Gecko) Chrome/142.0.0.0 Safari/537.36 Edg/142.0.0.0','2025-11-14 10:37:50'),(754,6,'t00241','add_timetable_slot','timetable_slots',NULL,NULL,'{\"view\":\"teacher\",\"year_label\":\"2568\",\"term_no\":2,\"class_name\":\"ม5\\/1\",\"day_of_week\":\"พุธ\",\"period_start\":7,\"period_end\":7,\"span\":1,\"subject\":\"ดนตรี\\/นาฏศิลป์ - ดนตรี\\/นาฏศิลป์\",\"teachers\":[\"ฐิติมา เนี๊ยะอั๋น\"],\"room_name\":\"-\",\"source\":\"manual\",\"slot_ids\":[3509],\"forced\":\"no\"}','192.168.8.3','Mozilla/5.0 (Windows NT 10.0; Win64; x64) AppleWebKit/537.36 (KHTML, like Gecko) Chrome/142.0.0.0 Safari/537.36 Edg/142.0.0.0','2025-11-14 10:37:54'),(755,6,'t00241','add_timetable_slot','timetable_slots',NULL,NULL,'{\"view\":\"teacher\",\"year_label\":\"2568\",\"term_no\":2,\"class_name\":\"ม4\\/3\",\"day_of_week\":\"พฤหัสบดี\",\"period_start\":1,\"period_end\":1,\"span\":1,\"subject\":\"ดนตรี\\/นาฏศิลป์ - ดนตรี\\/นาฏศิลป์\",\"teachers\":[\"ฐิติมา เนี๊ยะอั๋น\"],\"room_name\":\"-\",\"source\":\"manual\",\"slot_ids\":[3510],\"forced\":\"no\"}','192.168.8.3','Mozilla/5.0 (Windows NT 10.0; Win64; x64) AppleWebKit/537.36 (KHTML, like Gecko) Chrome/142.0.0.0 Safari/537.36 Edg/142.0.0.0','2025-11-14 10:37:58'),(756,6,'t00241','add_timetable_slot','timetable_slots',NULL,NULL,'{\"view\":\"teacher\",\"year_label\":\"2568\",\"term_no\":2,\"class_name\":\"ม4\\/1\",\"day_of_week\":\"พฤหัสบดี\",\"period_start\":2,\"period_end\":2,\"span\":1,\"subject\":\"ดนตรี\\/นาฏศิลป์ - ดนตรี\\/นาฏศิลป์\",\"teachers\":[\"ฐิติมา เนี๊ยะอั๋น\"],\"room_name\":\"-\",\"source\":\"manual\",\"slot_ids\":[3511],\"forced\":\"no\"}','192.168.8.3','Mozilla/5.0 (Windows NT 10.0; Win64; x64) AppleWebKit/537.36 (KHTML, like Gecko) Chrome/142.0.0.0 Safari/537.36 Edg/142.0.0.0','2025-11-14 10:38:01'),(757,6,'t00241','add_timetable_slot','timetable_slots',NULL,NULL,'{\"view\":\"teacher\",\"year_label\":\"2568\",\"term_no\":2,\"class_name\":\"ม4\\/4\",\"day_of_week\":\"พฤหัสบดี\",\"period_start\":3,\"period_end\":3,\"span\":1,\"subject\":\"ดนตรี\\/นาฏศิลป์ - ดนตรี\\/นาฏศิลป์\",\"teachers\":[\"ฐิติมา เนี๊ยะอั๋น\"],\"room_name\":\"-\",\"source\":\"manual\",\"slot_ids\":[3512],\"forced\":\"no\"}','192.168.8.3','Mozilla/5.0 (Windows NT 10.0; Win64; x64) AppleWebKit/537.36 (KHTML, like Gecko) Chrome/142.0.0.0 Safari/537.36 Edg/142.0.0.0','2025-11-14 10:38:05'),(758,6,'t00241','add_timetable_slot','timetable_slots',NULL,NULL,'{\"view\":\"teacher\",\"year_label\":\"2568\",\"term_no\":2,\"class_name\":\"ม4\\/2\",\"day_of_week\":\"พฤหัสบดี\",\"period_start\":8,\"period_end\":8,\"span\":1,\"subject\":\"ดนตรี\\/นาฏศิลป์ - ดนตรี\\/นาฏศิลป์\",\"teachers\":[\"ฐิติมา เนี๊ยะอั๋น\"],\"room_name\":\"-\",\"source\":\"manual\",\"slot_ids\":[3513],\"forced\":\"no\"}','192.168.8.3','Mozilla/5.0 (Windows NT 10.0; Win64; x64) AppleWebKit/537.36 (KHTML, like Gecko) Chrome/142.0.0.0 Safari/537.36 Edg/142.0.0.0','2025-11-14 10:38:09'),(759,6,'t00241','delete','timetable_slots',3171,'{\"view\":\"teacher\",\"year_label\":\"2568\",\"term_no\":2,\"class_name\":\"ม5\\/3\",\"day_of_week\":\"พฤหัสบดี\",\"period_no\":2,\"subject\":\"QQ English - QQ English\",\"teachers\":\"จิรายุ คุ้มถนอม\",\"room_name\":\"Lab computer 1\",\"source\":\"manual\"}',NULL,'192.168.8.3','Mozilla/5.0 (Windows NT 10.0; Win64; x64) AppleWebKit/537.36 (KHTML, like Gecko) Chrome/142.0.0.0 Safari/537.36 Edg/142.0.0.0','2025-11-14 11:55:42'),(760,6,'t00241','delete','timetable_slots',3172,'{\"view\":\"teacher\",\"year_label\":\"2568\",\"term_no\":2,\"class_name\":\"ม5\\/4\",\"day_of_week\":\"พฤหัสบดี\",\"period_no\":4,\"subject\":\"QQ English - QQ English\",\"teachers\":\"จิรายุ คุ้มถนอม\",\"room_name\":\"Lab computer 1\",\"source\":\"manual\"}',NULL,'192.168.8.3','Mozilla/5.0 (Windows NT 10.0; Win64; x64) AppleWebKit/537.36 (KHTML, like Gecko) Chrome/142.0.0.0 Safari/537.36 Edg/142.0.0.0','2025-11-14 11:55:52'),(761,6,'t00241','delete','timetable_slots',3173,'{\"view\":\"teacher\",\"year_label\":\"2568\",\"term_no\":2,\"class_name\":\"ม5\\/1\",\"day_of_week\":\"พฤหัสบดี\",\"period_no\":7,\"subject\":\"QQ English - QQ English\",\"teachers\":\"จิรายุ คุ้มถนอม\",\"room_name\":\"Lab computer 1\",\"source\":\"manual\"}',NULL,'192.168.8.3','Mozilla/5.0 (Windows NT 10.0; Win64; x64) AppleWebKit/537.36 (KHTML, like Gecko) Chrome/142.0.0.0 Safari/537.36 Edg/142.0.0.0','2025-11-14 11:55:55'),(762,6,'t00241','delete','timetable_slots',3174,'{\"view\":\"teacher\",\"year_label\":\"2568\",\"term_no\":2,\"class_name\":\"ม5\\/2\",\"day_of_week\":\"พฤหัสบดี\",\"period_no\":9,\"subject\":\"QQ English - QQ English\",\"teachers\":\"จิรายุ คุ้มถนอม\",\"room_name\":\"Lab computer 1\",\"source\":\"manual\"}',NULL,'192.168.8.3','Mozilla/5.0 (Windows NT 10.0; Win64; x64) AppleWebKit/537.36 (KHTML, like Gecko) Chrome/142.0.0.0 Safari/537.36 Edg/142.0.0.0','2025-11-14 11:55:58'),(763,6,'t00241','add_timetable_slot','timetable_slots',NULL,NULL,'{\"view\":\"teacher\",\"year_label\":\"2568\",\"term_no\":2,\"class_name\":\"ม5\\/3\",\"day_of_week\":\"พฤหัสบดี\",\"period_start\":2,\"period_end\":2,\"span\":1,\"subject\":\"QQEnglish - QQEnglish\",\"teachers\":[\"จิรายุ คุ้มถนอม\"],\"room_name\":\"Lab computer 1\",\"source\":\"manual\",\"slot_ids\":[3514],\"forced\":\"no\"}','192.168.8.3','Mozilla/5.0 (Windows NT 10.0; Win64; x64) AppleWebKit/537.36 (KHTML, like Gecko) Chrome/142.0.0.0 Safari/537.36 Edg/142.0.0.0','2025-11-14 11:56:02'),(764,6,'t00241','add_timetable_slot','timetable_slots',NULL,NULL,'{\"view\":\"teacher\",\"year_label\":\"2568\",\"term_no\":2,\"class_name\":\"ม5\\/4\",\"day_of_week\":\"พฤหัสบดี\",\"period_start\":4,\"period_end\":4,\"span\":1,\"subject\":\"QQEnglish - QQEnglish\",\"teachers\":[\"จิรายุ คุ้มถนอม\"],\"room_name\":\"Lab computer 1\",\"source\":\"manual\",\"slot_ids\":[3515],\"forced\":\"no\"}','192.168.8.3','Mozilla/5.0 (Windows NT 10.0; Win64; x64) AppleWebKit/537.36 (KHTML, like Gecko) Chrome/142.0.0.0 Safari/537.36 Edg/142.0.0.0','2025-11-14 11:56:07'),(765,6,'t00241','add_timetable_slot','timetable_slots',NULL,NULL,'{\"view\":\"teacher\",\"year_label\":\"2568\",\"term_no\":2,\"class_name\":\"ม5\\/1\",\"day_of_week\":\"พฤหัสบดี\",\"period_start\":7,\"period_end\":7,\"span\":1,\"subject\":\"QQEnglish - QQEnglish\",\"teachers\":[\"จิรายุ คุ้มถนอม\"],\"room_name\":\"Lab computer 1\",\"source\":\"manual\",\"slot_ids\":[3516],\"forced\":\"no\"}','192.168.8.3','Mozilla/5.0 (Windows NT 10.0; Win64; x64) AppleWebKit/537.36 (KHTML, like Gecko) Chrome/142.0.0.0 Safari/537.36 Edg/142.0.0.0','2025-11-14 11:56:11'),(766,6,'t00241','add_timetable_slot','timetable_slots',NULL,NULL,'{\"view\":\"teacher\",\"year_label\":\"2568\",\"term_no\":2,\"class_name\":\"ม5\\/2\",\"day_of_week\":\"พฤหัสบดี\",\"period_start\":9,\"period_end\":9,\"span\":1,\"subject\":\"QQEnglish - QQEnglish\",\"teachers\":[\"จิรายุ คุ้มถนอม\"],\"room_name\":\"Lab computer 1\",\"source\":\"manual\",\"slot_ids\":[3517],\"forced\":\"no\"}','192.168.8.3','Mozilla/5.0 (Windows NT 10.0; Win64; x64) AppleWebKit/537.36 (KHTML, like Gecko) Chrome/142.0.0.0 Safari/537.36 Edg/142.0.0.0','2025-11-14 11:56:14'),(767,6,'t00241','delete','timetable_slots',3137,'{\"view\":\"teacher\",\"year_label\":\"2568\",\"term_no\":2,\"class_name\":\"ม6\\/1\",\"day_of_week\":\"พุธ\",\"period_no\":2,\"subject\":\"QQ English - QQ English\",\"teachers\":\"พรพจน์ พฤกษานันท์\",\"room_name\":\"Lab computer 1\",\"source\":\"manual\"}',NULL,'192.168.8.3','Mozilla/5.0 (Windows NT 10.0; Win64; x64) AppleWebKit/537.36 (KHTML, like Gecko) Chrome/142.0.0.0 Safari/537.36 Edg/142.0.0.0','2025-11-14 11:56:36'),(768,6,'t00241','delete','timetable_slots',3139,'{\"view\":\"teacher\",\"year_label\":\"2568\",\"term_no\":2,\"class_name\":\"ม6\\/2\",\"day_of_week\":\"พุธ\",\"period_no\":4,\"subject\":\"QQ English - QQ English\",\"teachers\":\"พรพจน์ พฤกษานันท์\",\"room_name\":\"Lab computer 1\",\"source\":\"manual\"}',NULL,'192.168.8.3','Mozilla/5.0 (Windows NT 10.0; Win64; x64) AppleWebKit/537.36 (KHTML, like Gecko) Chrome/142.0.0.0 Safari/537.36 Edg/142.0.0.0','2025-11-14 11:56:39'),(769,6,'t00241','delete','timetable_slots',3141,'{\"view\":\"teacher\",\"year_label\":\"2568\",\"term_no\":2,\"class_name\":\"ม6\\/3\",\"day_of_week\":\"พุธ\",\"period_no\":7,\"subject\":\"QQ English - QQ English\",\"teachers\":\"พรพจน์ พฤกษานันท์\",\"room_name\":\"Lab computer 1\",\"source\":\"manual\"}',NULL,'192.168.8.3','Mozilla/5.0 (Windows NT 10.0; Win64; x64) AppleWebKit/537.36 (KHTML, like Gecko) Chrome/142.0.0.0 Safari/537.36 Edg/142.0.0.0','2025-11-14 11:56:42'),(770,6,'t00241','delete','timetable_slots',3145,'{\"view\":\"teacher\",\"year_label\":\"2568\",\"term_no\":2,\"class_name\":\"ม6\\/4\",\"day_of_week\":\"พุธ\",\"period_no\":9,\"subject\":\"QQ English - QQ English\",\"teachers\":\"พรพจน์ พฤกษานันท์\",\"room_name\":\"Lab computer 1\",\"source\":\"manual\"}',NULL,'192.168.8.3','Mozilla/5.0 (Windows NT 10.0; Win64; x64) AppleWebKit/537.36 (KHTML, like Gecko) Chrome/142.0.0.0 Safari/537.36 Edg/142.0.0.0','2025-11-14 11:56:45'),(771,6,'t00241','add_timetable_slot','timetable_slots',NULL,NULL,'{\"view\":\"teacher\",\"year_label\":\"2568\",\"term_no\":2,\"class_name\":\"ม6\\/1\",\"day_of_week\":\"พุธ\",\"period_start\":2,\"period_end\":2,\"span\":1,\"subject\":\"QQEnglish - QQEnglish\",\"teachers\":[\"พรพจน์ พฤกษานันท์\"],\"room_name\":\"Lab computer 1\",\"source\":\"manual\",\"slot_ids\":[3518],\"forced\":\"no\"}','192.168.8.3','Mozilla/5.0 (Windows NT 10.0; Win64; x64) AppleWebKit/537.36 (KHTML, like Gecko) Chrome/142.0.0.0 Safari/537.36 Edg/142.0.0.0','2025-11-14 11:56:50'),(772,6,'t00241','add_timetable_slot','timetable_slots',NULL,NULL,'{\"view\":\"teacher\",\"year_label\":\"2568\",\"term_no\":2,\"class_name\":\"ม6\\/2\",\"day_of_week\":\"พุธ\",\"period_start\":4,\"period_end\":4,\"span\":1,\"subject\":\"QQEnglish - QQEnglish\",\"teachers\":[\"พรพจน์ พฤกษานันท์\"],\"room_name\":\"Lab computer 1\",\"source\":\"manual\",\"slot_ids\":[3519],\"forced\":\"no\"}','192.168.8.3','Mozilla/5.0 (Windows NT 10.0; Win64; x64) AppleWebKit/537.36 (KHTML, like Gecko) Chrome/142.0.0.0 Safari/537.36 Edg/142.0.0.0','2025-11-14 11:56:54'),(773,6,'t00241','add_timetable_slot','timetable_slots',NULL,NULL,'{\"view\":\"teacher\",\"year_label\":\"2568\",\"term_no\":2,\"class_name\":\"ม6\\/3\",\"day_of_week\":\"พุธ\",\"period_start\":7,\"period_end\":7,\"span\":1,\"subject\":\"QQEnglish - QQEnglish\",\"teachers\":[\"พรพจน์ พฤกษานันท์\"],\"room_name\":\"Lab computer 1\",\"source\":\"manual\",\"slot_ids\":[3520],\"forced\":\"no\"}','192.168.8.3','Mozilla/5.0 (Windows NT 10.0; Win64; x64) AppleWebKit/537.36 (KHTML, like Gecko) Chrome/142.0.0.0 Safari/537.36 Edg/142.0.0.0','2025-11-14 11:56:59'),(774,6,'t00241','add_timetable_slot','timetable_slots',NULL,NULL,'{\"view\":\"teacher\",\"year_label\":\"2568\",\"term_no\":2,\"class_name\":\"ม6\\/4\",\"day_of_week\":\"พุธ\",\"period_start\":9,\"period_end\":9,\"span\":1,\"subject\":\"QQEnglish - QQEnglish\",\"teachers\":[\"พรพจน์ พฤกษานันท์\"],\"room_name\":\"Lab computer 1\",\"source\":\"manual\",\"slot_ids\":[3521],\"forced\":\"no\"}','192.168.8.3','Mozilla/5.0 (Windows NT 10.0; Win64; x64) AppleWebKit/537.36 (KHTML, like Gecko) Chrome/142.0.0.0 Safari/537.36 Edg/142.0.0.0','2025-11-14 11:57:03'),(775,6,'t00241','delete','timetable_slots',3164,'{\"view\":\"teacher\",\"year_label\":\"2568\",\"term_no\":2,\"class_name\":\"ม3\\/1\",\"day_of_week\":\"ศุกร์\",\"period_no\":1,\"subject\":\"QQ English - QQ English\",\"teachers\":\"พรพจน์ พฤกษานันท์\",\"room_name\":\"Lab computer 2\",\"source\":\"manual\"}',NULL,'192.168.8.3','Mozilla/5.0 (Windows NT 10.0; Win64; x64) AppleWebKit/537.36 (KHTML, like Gecko) Chrome/142.0.0.0 Safari/537.36 Edg/142.0.0.0','2025-11-14 11:57:09'),(776,6,'t00241','delete','timetable_slots',3165,'{\"view\":\"teacher\",\"year_label\":\"2568\",\"term_no\":2,\"class_name\":\"ม3\\/2\",\"day_of_week\":\"ศุกร์\",\"period_no\":2,\"subject\":\"QQ English - QQ English\",\"teachers\":\"พรพจน์ พฤกษานันท์\",\"room_name\":\"Lab computer 2\",\"source\":\"manual\"}',NULL,'192.168.8.3','Mozilla/5.0 (Windows NT 10.0; Win64; x64) AppleWebKit/537.36 (KHTML, like Gecko) Chrome/142.0.0.0 Safari/537.36 Edg/142.0.0.0','2025-11-14 11:57:12'),(777,6,'t00241','add_timetable_slot','timetable_slots',NULL,NULL,'{\"view\":\"teacher\",\"year_label\":\"2568\",\"term_no\":2,\"class_name\":\"ม3\\/1\",\"day_of_week\":\"ศุกร์\",\"period_start\":1,\"period_end\":1,\"span\":1,\"subject\":\"QQEnglish - QQEnglish\",\"teachers\":[\"พรพจน์ พฤกษานันท์\"],\"room_name\":\"Lab computer 2\",\"source\":\"manual\",\"slot_ids\":[3522],\"forced\":\"no\"}','192.168.8.3','Mozilla/5.0 (Windows NT 10.0; Win64; x64) AppleWebKit/537.36 (KHTML, like Gecko) Chrome/142.0.0.0 Safari/537.36 Edg/142.0.0.0','2025-11-14 11:57:19'),(778,6,'t00241','add_timetable_slot','timetable_slots',NULL,NULL,'{\"view\":\"teacher\",\"year_label\":\"2568\",\"term_no\":2,\"class_name\":\"ม3\\/2\",\"day_of_week\":\"ศุกร์\",\"period_start\":2,\"period_end\":2,\"span\":1,\"subject\":\"QQEnglish - QQEnglish\",\"teachers\":[\"พรพจน์ พฤกษานันท์\"],\"room_name\":\"Lab computer 2\",\"source\":\"manual\",\"slot_ids\":[3523],\"forced\":\"no\"}','192.168.8.3','Mozilla/5.0 (Windows NT 10.0; Win64; x64) AppleWebKit/537.36 (KHTML, like Gecko) Chrome/142.0.0.0 Safari/537.36 Edg/142.0.0.0','2025-11-14 11:57:24'),(779,6,'t00241','delete','timetable_slots',3166,'{\"view\":\"teacher\",\"year_label\":\"2568\",\"term_no\":2,\"class_name\":\"ม3\\/3\",\"day_of_week\":\"ศุกร์\",\"period_no\":4,\"subject\":\"QQ English - QQ English\",\"teachers\":\"พรพจน์ พฤกษานันท์\",\"room_name\":\"Lab computer 2\",\"source\":\"manual\"}',NULL,'192.168.8.3','Mozilla/5.0 (Windows NT 10.0; Win64; x64) AppleWebKit/537.36 (KHTML, like Gecko) Chrome/142.0.0.0 Safari/537.36 Edg/142.0.0.0','2025-11-14 11:57:29'),(780,6,'t00241','add_timetable_slot','timetable_slots',NULL,NULL,'{\"view\":\"teacher\",\"year_label\":\"2568\",\"term_no\":2,\"class_name\":\"ม3\\/3\",\"day_of_week\":\"ศุกร์\",\"period_start\":4,\"period_end\":4,\"span\":1,\"subject\":\"QQEnglish - QQEnglish\",\"teachers\":[\"พรพจน์ พฤกษานันท์\"],\"room_name\":\"Lab computer 2\",\"source\":\"manual\",\"slot_ids\":[3524],\"forced\":\"no\"}','192.168.8.3','Mozilla/5.0 (Windows NT 10.0; Win64; x64) AppleWebKit/537.36 (KHTML, like Gecko) Chrome/142.0.0.0 Safari/537.36 Edg/142.0.0.0','2025-11-14 11:57:34'),(781,6,'t00241','delete','timetable_slots',3167,'{\"view\":\"teacher\",\"year_label\":\"2568\",\"term_no\":2,\"class_name\":\"ม3\\/4\",\"day_of_week\":\"ศุกร์\",\"period_no\":7,\"subject\":\"QQ English - QQ English\",\"teachers\":\"พรพจน์ พฤกษานันท์\",\"room_name\":\"Lab computer 2\",\"source\":\"manual\"}',NULL,'192.168.8.3','Mozilla/5.0 (Windows NT 10.0; Win64; x64) AppleWebKit/537.36 (KHTML, like Gecko) Chrome/142.0.0.0 Safari/537.36 Edg/142.0.0.0','2025-11-14 11:57:38'),(782,6,'t00241','delete','timetable_slots',3168,'{\"view\":\"teacher\",\"year_label\":\"2568\",\"term_no\":2,\"class_name\":\"ม3\\/5\",\"day_of_week\":\"ศุกร์\",\"period_no\":8,\"subject\":\"QQ English - QQ English\",\"teachers\":\"พรพจน์ พฤกษานันท์\",\"room_name\":\"Lab computer 2\",\"source\":\"manual\"}',NULL,'192.168.8.3','Mozilla/5.0 (Windows NT 10.0; Win64; x64) AppleWebKit/537.36 (KHTML, like Gecko) Chrome/142.0.0.0 Safari/537.36 Edg/142.0.0.0','2025-11-14 11:57:43'),(783,6,'t00241','add_timetable_slot','timetable_slots',NULL,NULL,'{\"view\":\"teacher\",\"year_label\":\"2568\",\"term_no\":2,\"class_name\":\"ม3\\/4\",\"day_of_week\":\"ศุกร์\",\"period_start\":7,\"period_end\":7,\"span\":1,\"subject\":\"QQEnglish - QQEnglish\",\"teachers\":[\"พรพจน์ พฤกษานันท์\"],\"room_name\":\"Lab computer 2\",\"source\":\"manual\",\"slot_ids\":[3525],\"forced\":\"no\"}','192.168.8.3','Mozilla/5.0 (Windows NT 10.0; Win64; x64) AppleWebKit/537.36 (KHTML, like Gecko) Chrome/142.0.0.0 Safari/537.36 Edg/142.0.0.0','2025-11-14 11:57:48'),(784,6,'t00241','add_timetable_slot','timetable_slots',NULL,NULL,'{\"view\":\"teacher\",\"year_label\":\"2568\",\"term_no\":2,\"class_name\":\"ม3\\/5\",\"day_of_week\":\"ศุกร์\",\"period_start\":8,\"period_end\":8,\"span\":1,\"subject\":\"QQEnglish - QQEnglish\",\"teachers\":[\"พรพจน์ พฤกษานันท์\"],\"room_name\":\"Lab computer 2\",\"source\":\"manual\",\"slot_ids\":[3526],\"forced\":\"no\"}','192.168.8.3','Mozilla/5.0 (Windows NT 10.0; Win64; x64) AppleWebKit/537.36 (KHTML, like Gecko) Chrome/142.0.0.0 Safari/537.36 Edg/142.0.0.0','2025-11-14 11:57:52'),(785,9,'t00418','create_loads','teaching_loads',NULL,NULL,'{\"year_label\":\"2568\",\"term_no\":2,\"teacher_name\":\"สุเมธ พงษ์ภีละ\",\"subject\":\"QQEnglish - QQEnglish\",\"classes\":[\"ม1\\/1\",\"ม1\\/2\",\"ม1\\/3\",\"ม1\\/4\",\"ม1\\/5\"],\"room_name\":\"12103 - Lab computer 2\",\"periods_per_week\":1,\"consecutive_slots\":1,\"inserted\":5,\"updated\":0,\"created_ids\":[652,653,654,655,656]}','192.168.8.112','Mozilla/5.0 (Macintosh; Intel Mac OS X 10_15_7) AppleWebKit/537.36 (KHTML, like Gecko) Chrome/142.0.0.0 Safari/537.36','2025-11-17 07:44:58'),(786,9,'t00418','create_loads','teaching_loads',NULL,NULL,'{\"year_label\":\"2568\",\"term_no\":2,\"teacher_name\":\"สุเมธ พงษ์ภีละ\",\"subject\":\"เทคโนโลยี - เทคโนโลยี\",\"classes\":[\"ป4\\/1\",\"ป4\\/2\",\"ป4\\/3\",\"ป4\\/4\",\"ป5\\/1\",\"ป5\\/2\",\"ป5\\/3\",\"ป5\\/4\",\"ป6\\/1\",\"ป6\\/2\",\"ป6\\/3\",\"ป6\\/4\",\"อ3\\/1\",\"อ3\\/2\",\"อ3\\/3\"],\"room_name\":\"24101 - Lab computer 4\",\"periods_per_week\":1,\"consecutive_slots\":1,\"inserted\":15,\"updated\":0,\"created_ids\":[657,658,659,660,661,662,663,664,665,666,667,668,669,670,671]}','192.168.8.112','Mozilla/5.0 (Macintosh; Intel Mac OS X 10_15_7) AppleWebKit/537.36 (KHTML, like Gecko) Chrome/142.0.0.0 Safari/537.36','2025-11-17 07:46:38'),(787,9,'t00418','add_timetable_slot','timetable_slots',NULL,NULL,'{\"view\":\"teacher\",\"year_label\":\"2568\",\"term_no\":2,\"class_name\":\"ม1\\/1\",\"day_of_week\":\"จันทร์\",\"period_start\":5,\"period_end\":5,\"span\":1,\"subject\":\"QQEnglish - QQEnglish\",\"teachers\":[\"สุเมธ พงษ์ภีละ\"],\"room_name\":\"Lab computer 2\",\"source\":\"manual\",\"slot_ids\":[3527],\"forced\":\"no\"}','192.168.8.112','Mozilla/5.0 (Macintosh; Intel Mac OS X 10_15_7) AppleWebKit/537.36 (KHTML, like Gecko) Chrome/142.0.0.0 Safari/537.36','2025-11-17 07:47:19'),(788,9,'t00418','add_timetable_slot','timetable_slots',NULL,NULL,'{\"view\":\"teacher\",\"year_label\":\"2568\",\"term_no\":2,\"class_name\":\"ม1\\/2\",\"day_of_week\":\"จันทร์\",\"period_start\":7,\"period_end\":7,\"span\":1,\"subject\":\"QQEnglish - QQEnglish\",\"teachers\":[\"สุเมธ พงษ์ภีละ\"],\"room_name\":\"Lab computer 2\",\"source\":\"manual\",\"slot_ids\":[3528],\"forced\":\"no\"}','192.168.8.112','Mozilla/5.0 (Macintosh; Intel Mac OS X 10_15_7) AppleWebKit/537.36 (KHTML, like Gecko) Chrome/142.0.0.0 Safari/537.36','2025-11-17 07:47:42'),(789,9,'t00418','add_timetable_slot','timetable_slots',NULL,NULL,'{\"view\":\"teacher\",\"year_label\":\"2568\",\"term_no\":2,\"class_name\":\"ม1\\/3\",\"day_of_week\":\"จันทร์\",\"period_start\":8,\"period_end\":8,\"span\":1,\"subject\":\"QQEnglish - QQEnglish\",\"teachers\":[\"สุเมธ พงษ์ภีละ\"],\"room_name\":\"Lab computer 2\",\"source\":\"manual\",\"slot_ids\":[3529],\"forced\":\"no\"}','192.168.8.112','Mozilla/5.0 (Macintosh; Intel Mac OS X 10_15_7) AppleWebKit/537.36 (KHTML, like Gecko) Chrome/142.0.0.0 Safari/537.36','2025-11-17 07:47:48'),(790,9,'t00418','add_timetable_slot','timetable_slots',NULL,NULL,'{\"view\":\"teacher\",\"year_label\":\"2568\",\"term_no\":2,\"class_name\":\"ม1\\/4\",\"day_of_week\":\"จันทร์\",\"period_start\":9,\"period_end\":9,\"span\":1,\"subject\":\"QQEnglish - QQEnglish\",\"teachers\":[\"สุเมธ พงษ์ภีละ\"],\"room_name\":\"Lab computer 2\",\"source\":\"manual\",\"slot_ids\":[3530],\"forced\":\"no\"}','192.168.8.112','Mozilla/5.0 (Macintosh; Intel Mac OS X 10_15_7) AppleWebKit/537.36 (KHTML, like Gecko) Chrome/142.0.0.0 Safari/537.36','2025-11-17 07:47:54'),(791,9,'t00418','delete','timetable_slots',2769,'{\"view\":\"teacher\",\"year_label\":\"2568\",\"term_no\":2,\"class_name\":\"ม1\\/5\",\"day_of_week\":\"พุธ\",\"period_no\":9,\"subject\":\"ศิลปะ - ศิลปะ\",\"teachers\":\"ณฐพล สุนทรกระจ่าง\",\"room_name\":\"-\",\"source\":\"manual\"}',NULL,'192.168.8.112','Mozilla/5.0 (Macintosh; Intel Mac OS X 10_15_7) AppleWebKit/537.36 (KHTML, like Gecko) Chrome/142.0.0.0 Safari/537.36','2025-11-17 07:49:23'),(792,9,'t00418','add_timetable_slot','timetable_slots',NULL,NULL,'{\"view\":\"teacher\",\"year_label\":\"2568\",\"term_no\":2,\"class_name\":\"ม1\\/5\",\"day_of_week\":\"อังคาร\",\"period_start\":9,\"period_end\":9,\"span\":1,\"subject\":\"ศิลปะ - ศิลปะ\",\"teachers\":[\"ณฐพล สุนทรกระจ่าง\"],\"room_name\":\"-\",\"source\":\"manual\",\"slot_ids\":[3531],\"forced\":\"no\"}','192.168.8.112','Mozilla/5.0 (Macintosh; Intel Mac OS X 10_15_7) AppleWebKit/537.36 (KHTML, like Gecko) Chrome/142.0.0.0 Safari/537.36','2025-11-17 07:49:26'),(793,9,'t00418','add_timetable_slot','timetable_slots',NULL,NULL,'{\"view\":\"teacher\",\"year_label\":\"2568\",\"term_no\":2,\"class_name\":\"ม1\\/5\",\"day_of_week\":\"พุธ\",\"period_start\":9,\"period_end\":9,\"span\":1,\"subject\":\"QQEnglish - QQEnglish\",\"teachers\":[\"สุเมธ พงษ์ภีละ\"],\"room_name\":\"Lab computer 2\",\"source\":\"manual\",\"slot_ids\":[3532],\"forced\":\"no\"}','192.168.8.112','Mozilla/5.0 (Macintosh; Intel Mac OS X 10_15_7) AppleWebKit/537.36 (KHTML, like Gecko) Chrome/142.0.0.0 Safari/537.36','2025-11-17 07:49:43'),(794,9,'t00418','add_timetable_slot','timetable_slots',NULL,NULL,'{\"view\":\"teacher\",\"year_label\":\"2568\",\"term_no\":2,\"class_name\":\"ป5\\/3\",\"day_of_week\":\"อังคาร\",\"period_start\":1,\"period_end\":1,\"span\":1,\"subject\":\"เทคโนโลยี - เทคโนโลยี\",\"teachers\":[\"สุเมธ พงษ์ภีละ\"],\"room_name\":\"Lab computer 4\",\"source\":\"manual\",\"slot_ids\":[3533],\"forced\":\"no\"}','192.168.8.112','Mozilla/5.0 (Macintosh; Intel Mac OS X 10_15_7) AppleWebKit/537.36 (KHTML, like Gecko) Chrome/142.0.0.0 Safari/537.36','2025-11-17 07:49:55'),(795,9,'t00418','add_timetable_slot','timetable_slots',NULL,NULL,'{\"view\":\"teacher\",\"year_label\":\"2568\",\"term_no\":2,\"class_name\":\"ป5\\/4\",\"day_of_week\":\"อังคาร\",\"period_start\":2,\"period_end\":2,\"span\":1,\"subject\":\"เทคโนโลยี - เทคโนโลยี\",\"teachers\":[\"สุเมธ พงษ์ภีละ\"],\"room_name\":\"Lab computer 4\",\"source\":\"manual\",\"slot_ids\":[3534],\"forced\":\"no\"}','192.168.8.112','Mozilla/5.0 (Macintosh; Intel Mac OS X 10_15_7) AppleWebKit/537.36 (KHTML, like Gecko) Chrome/142.0.0.0 Safari/537.36','2025-11-17 07:50:02'),(796,9,'t00418','add_timetable_slot','timetable_slots',NULL,NULL,'{\"view\":\"teacher\",\"year_label\":\"2568\",\"term_no\":2,\"class_name\":\"ป6\\/2\",\"day_of_week\":\"อังคาร\",\"period_start\":6,\"period_end\":6,\"span\":1,\"subject\":\"เทคโนโลยี - เทคโนโลยี\",\"teachers\":[\"สุเมธ พงษ์ภีละ\"],\"room_name\":\"Lab computer 4\",\"source\":\"manual\",\"slot_ids\":[3535],\"forced\":\"no\"}','192.168.8.112','Mozilla/5.0 (Macintosh; Intel Mac OS X 10_15_7) AppleWebKit/537.36 (KHTML, like Gecko) Chrome/142.0.0.0 Safari/537.36','2025-11-17 07:50:16'),(797,9,'t00418','add_timetable_slot','timetable_slots',NULL,NULL,'{\"view\":\"teacher\",\"year_label\":\"2568\",\"term_no\":2,\"class_name\":\"ป6\\/4\",\"day_of_week\":\"อังคาร\",\"period_start\":8,\"period_end\":8,\"span\":1,\"subject\":\"เทคโนโลยี - เทคโนโลยี\",\"teachers\":[\"สุเมธ พงษ์ภีละ\"],\"room_name\":\"Lab computer 4\",\"source\":\"manual\",\"slot_ids\":[3536],\"forced\":\"no\"}','192.168.8.112','Mozilla/5.0 (Macintosh; Intel Mac OS X 10_15_7) AppleWebKit/537.36 (KHTML, like Gecko) Chrome/142.0.0.0 Safari/537.36','2025-11-17 07:50:22'),(798,9,'t00418','add_timetable_slot','timetable_slots',NULL,NULL,'{\"view\":\"teacher\",\"year_label\":\"2568\",\"term_no\":2,\"class_name\":\"ป4\\/2\",\"day_of_week\":\"พุธ\",\"period_start\":1,\"period_end\":1,\"span\":1,\"subject\":\"เทคโนโลยี - เทคโนโลยี\",\"teachers\":[\"สุเมธ พงษ์ภีละ\"],\"room_name\":\"Lab computer 4\",\"source\":\"manual\",\"slot_ids\":[3537],\"forced\":\"no\"}','192.168.8.112','Mozilla/5.0 (Macintosh; Intel Mac OS X 10_15_7) AppleWebKit/537.36 (KHTML, like Gecko) Chrome/142.0.0.0 Safari/537.36','2025-11-17 07:50:31'),(799,9,'t00418','add_timetable_slot','timetable_slots',NULL,NULL,'{\"view\":\"teacher\",\"year_label\":\"2568\",\"term_no\":2,\"class_name\":\"ป4\\/1\",\"day_of_week\":\"พุธ\",\"period_start\":3,\"period_end\":3,\"span\":1,\"subject\":\"เทคโนโลยี - เทคโนโลยี\",\"teachers\":[\"สุเมธ พงษ์ภีละ\"],\"room_name\":\"Lab computer 4\",\"source\":\"manual\",\"slot_ids\":[3538],\"forced\":\"no\"}','192.168.8.112','Mozilla/5.0 (Macintosh; Intel Mac OS X 10_15_7) AppleWebKit/537.36 (KHTML, like Gecko) Chrome/142.0.0.0 Safari/537.36','2025-11-17 07:50:38'),(800,9,'t00418','add_timetable_slot','timetable_slots',NULL,NULL,'{\"view\":\"teacher\",\"year_label\":\"2568\",\"term_no\":2,\"class_name\":\"ป4\\/3\",\"day_of_week\":\"พฤหัสบดี\",\"period_start\":1,\"period_end\":1,\"span\":1,\"subject\":\"เทคโนโลยี - เทคโนโลยี\",\"teachers\":[\"สุเมธ พงษ์ภีละ\"],\"room_name\":\"Lab computer 4\",\"source\":\"manual\",\"slot_ids\":[3539],\"forced\":\"no\"}','192.168.8.112','Mozilla/5.0 (Macintosh; Intel Mac OS X 10_15_7) AppleWebKit/537.36 (KHTML, like Gecko) Chrome/142.0.0.0 Safari/537.36','2025-11-17 07:50:53'),(801,9,'t00418','add_timetable_slot','timetable_slots',NULL,NULL,'{\"view\":\"teacher\",\"year_label\":\"2568\",\"term_no\":2,\"class_name\":\"อ3\\/1\",\"day_of_week\":\"พฤหัสบดี\",\"period_start\":2,\"period_end\":2,\"span\":1,\"subject\":\"เทคโนโลยี - เทคโนโลยี\",\"teachers\":[\"สุเมธ พงษ์ภีละ\"],\"room_name\":\"Lab computer 4\",\"source\":\"manual\",\"slot_ids\":[3540],\"forced\":\"no\"}','192.168.8.112','Mozilla/5.0 (Macintosh; Intel Mac OS X 10_15_7) AppleWebKit/537.36 (KHTML, like Gecko) Chrome/142.0.0.0 Safari/537.36','2025-11-17 07:51:06'),(802,9,'t00418','add_timetable_slot','timetable_slots',NULL,NULL,'{\"view\":\"teacher\",\"year_label\":\"2568\",\"term_no\":2,\"class_name\":\"ป6\\/1\",\"day_of_week\":\"ศุกร์\",\"period_start\":3,\"period_end\":3,\"span\":1,\"subject\":\"เทคโนโลยี - เทคโนโลยี\",\"teachers\":[\"สุเมธ พงษ์ภีละ\"],\"room_name\":\"Lab computer 4\",\"source\":\"manual\",\"slot_ids\":[3541],\"forced\":\"no\"}','192.168.8.112','Mozilla/5.0 (Macintosh; Intel Mac OS X 10_15_7) AppleWebKit/537.36 (KHTML, like Gecko) Chrome/142.0.0.0 Safari/537.36','2025-11-17 07:51:19'),(803,9,'t00418','add_timetable_slot','timetable_slots',NULL,NULL,'{\"view\":\"teacher\",\"year_label\":\"2568\",\"term_no\":2,\"class_name\":\"ป6\\/3\",\"day_of_week\":\"ศุกร์\",\"period_start\":6,\"period_end\":6,\"span\":1,\"subject\":\"เทคโนโลยี - เทคโนโลยี\",\"teachers\":[\"สุเมธ พงษ์ภีละ\"],\"room_name\":\"Lab computer 4\",\"source\":\"manual\",\"slot_ids\":[3542],\"forced\":\"no\"}','192.168.8.112','Mozilla/5.0 (Macintosh; Intel Mac OS X 10_15_7) AppleWebKit/537.36 (KHTML, like Gecko) Chrome/142.0.0.0 Safari/537.36','2025-11-17 07:51:32'),(804,9,'t00418','add_timetable_slot','timetable_slots',NULL,NULL,'{\"view\":\"teacher\",\"year_label\":\"2568\",\"term_no\":2,\"class_name\":\"ป5\\/2\",\"day_of_week\":\"พฤหัสบดี\",\"period_start\":9,\"period_end\":9,\"span\":1,\"subject\":\"เทคโนโลยี - เทคโนโลยี\",\"teachers\":[\"สุเมธ พงษ์ภีละ\"],\"room_name\":\"Lab computer 4\",\"source\":\"manual\",\"slot_ids\":[3543],\"forced\":\"no\"}','192.168.8.112','Mozilla/5.0 (Macintosh; Intel Mac OS X 10_15_7) AppleWebKit/537.36 (KHTML, like Gecko) Chrome/142.0.0.0 Safari/537.36','2025-11-17 07:51:39'),(805,9,'t00418','add_timetable_slot','timetable_slots',NULL,NULL,'{\"view\":\"teacher\",\"year_label\":\"2568\",\"term_no\":2,\"class_name\":\"ป5\\/1\",\"day_of_week\":\"พฤหัสบดี\",\"period_start\":8,\"period_end\":8,\"span\":1,\"subject\":\"เทคโนโลยี - เทคโนโลยี\",\"teachers\":[\"สุเมธ พงษ์ภีละ\"],\"room_name\":\"Lab computer 4\",\"source\":\"manual\",\"slot_ids\":[3544],\"forced\":\"no\"}','192.168.8.112','Mozilla/5.0 (Macintosh; Intel Mac OS X 10_15_7) AppleWebKit/537.36 (KHTML, like Gecko) Chrome/142.0.0.0 Safari/537.36','2025-11-17 07:51:46'),(806,9,'t00418','add_timetable_slot','timetable_slots',NULL,NULL,'{\"view\":\"teacher\",\"year_label\":\"2568\",\"term_no\":2,\"class_name\":\"ป4\\/4\",\"day_of_week\":\"พฤหัสบดี\",\"period_start\":6,\"period_end\":6,\"span\":1,\"subject\":\"เทคโนโลยี - เทคโนโลยี\",\"teachers\":[\"สุเมธ พงษ์ภีละ\"],\"room_name\":\"Lab computer 4\",\"source\":\"manual\",\"slot_ids\":[3545],\"forced\":\"no\"}','192.168.8.112','Mozilla/5.0 (Macintosh; Intel Mac OS X 10_15_7) AppleWebKit/537.36 (KHTML, like Gecko) Chrome/142.0.0.0 Safari/537.36','2025-11-17 07:51:52'),(807,9,'t00418','add_timetable_slot','timetable_slots',NULL,NULL,'{\"view\":\"teacher\",\"year_label\":\"2568\",\"term_no\":2,\"class_name\":\"อ3\\/2\",\"day_of_week\":\"ศุกร์\",\"period_start\":1,\"period_end\":1,\"span\":1,\"subject\":\"เทคโนโลยี - เทคโนโลยี\",\"teachers\":[\"สุเมธ พงษ์ภีละ\"],\"room_name\":\"Lab computer 4\",\"source\":\"manual\",\"slot_ids\":[3546],\"forced\":\"no\"}','192.168.8.112','Mozilla/5.0 (Macintosh; Intel Mac OS X 10_15_7) AppleWebKit/537.36 (KHTML, like Gecko) Chrome/142.0.0.0 Safari/537.36','2025-11-17 07:52:18'),(808,9,'t00418','add_timetable_slot','timetable_slots',NULL,NULL,'{\"view\":\"teacher\",\"year_label\":\"2568\",\"term_no\":2,\"class_name\":\"อ3\\/3\",\"day_of_week\":\"ศุกร์\",\"period_start\":2,\"period_end\":2,\"span\":1,\"subject\":\"เทคโนโลยี - เทคโนโลยี\",\"teachers\":[\"สุเมธ พงษ์ภีละ\"],\"room_name\":\"Lab computer 4\",\"source\":\"manual\",\"slot_ids\":[3547],\"forced\":\"no\"}','192.168.8.112','Mozilla/5.0 (Macintosh; Intel Mac OS X 10_15_7) AppleWebKit/537.36 (KHTML, like Gecko) Chrome/142.0.0.0 Safari/537.36','2025-11-17 07:52:24');
/*!40000 ALTER TABLE `activity_logs` ENABLE KEYS */;
UNLOCK TABLES;

--
-- Table structure for table `activity_teachers`
--

DROP TABLE IF EXISTS `activity_teachers`;
/*!40101 SET @saved_cs_client     = @@character_set_client */;
/*!40101 SET character_set_client = utf8 */;
CREATE TABLE `activity_teachers` (
  `id` int(10) unsigned NOT NULL AUTO_INCREMENT,
  `activity_id` int(10) unsigned NOT NULL,
  `teacher_id` int(10) unsigned NOT NULL,
  PRIMARY KEY (`id`),
  UNIQUE KEY `uniq_activity_teacher` (`activity_id`,`teacher_id`),
  KEY `fk_at_teacher` (`teacher_id`),
  CONSTRAINT `fk_at_activity` FOREIGN KEY (`activity_id`) REFERENCES `activity_groups` (`id`) ON DELETE CASCADE,
  CONSTRAINT `fk_at_teacher` FOREIGN KEY (`teacher_id`) REFERENCES `teachers` (`id`) ON DELETE CASCADE
) ENGINE=InnoDB AUTO_INCREMENT=105 DEFAULT CHARSET=utf8mb4 COLLATE=utf8mb4_general_ci;
/*!40101 SET character_set_client = @saved_cs_client */;

--
-- Dumping data for table `activity_teachers`
--

LOCK TABLES `activity_teachers` WRITE;
/*!40000 ALTER TABLE `activity_teachers` DISABLE KEYS */;
INSERT INTO `activity_teachers` VALUES (76,11,53),(75,11,57),(73,11,64),(77,11,89),(74,11,143),(81,12,53),(80,12,57),(78,12,64),(82,12,89),(79,12,143),(85,13,35),(84,13,36),(88,13,53),(87,13,57),(83,13,64),(89,13,89),(86,13,143),(40,14,17),(39,14,51),(34,14,53),(37,14,57),(35,14,64),(36,14,67),(38,14,73),(33,14,143),(45,15,12),(43,15,34),(48,15,51),(42,15,53),(47,15,57),(44,15,64),(46,15,67),(49,15,77),(41,15,143),(56,16,51),(51,16,53),(55,16,57),(53,16,64),(54,16,67),(57,16,81),(52,16,93),(50,16,143),(91,17,35),(90,17,36),(93,17,53),(94,17,89),(92,17,143),(97,18,12),(99,18,14),(102,18,17),(101,18,53),(100,18,57),(96,18,64),(95,18,67),(104,18,73),(103,18,89),(98,18,143),(71,19,35),(72,19,36);
/*!40000 ALTER TABLE `activity_teachers` ENABLE KEYS */;
UNLOCK TABLES;

--
-- Table structure for table `class_teachers`
--

DROP TABLE IF EXISTS `class_teachers`;
/*!40101 SET @saved_cs_client     = @@character_set_client */;
/*!40101 SET character_set_client = utf8 */;
CREATE TABLE `class_teachers` (
  `id` int(10) unsigned NOT NULL AUTO_INCREMENT,
  `class_id` int(10) unsigned NOT NULL,
  `teacher_id` int(10) unsigned NOT NULL,
  `role_label` varchar(50) DEFAULT NULL,
  PRIMARY KEY (`id`),
  UNIQUE KEY `uniq_class_teacher` (`class_id`,`teacher_id`),
  KEY `fk_ct_teacher` (`teacher_id`),
  CONSTRAINT `fk_ct_class` FOREIGN KEY (`class_id`) REFERENCES `classes` (`id`) ON DELETE CASCADE,
  CONSTRAINT `fk_ct_teacher` FOREIGN KEY (`teacher_id`) REFERENCES `teachers` (`id`) ON DELETE CASCADE
) ENGINE=InnoDB AUTO_INCREMENT=85 DEFAULT CHARSET=utf8mb4 COLLATE=utf8mb4_general_ci;
/*!40101 SET character_set_client = @saved_cs_client */;

--
-- Dumping data for table `class_teachers`
--

LOCK TABLES `class_teachers` WRITE;
/*!40000 ALTER TABLE `class_teachers` DISABLE KEYS */;
INSERT INTO `class_teachers` VALUES (10,54,97,NULL),(11,54,108,NULL),(12,10,99,NULL),(13,10,106,NULL),(14,11,93,NULL),(15,11,105,NULL),(16,56,94,NULL),(17,56,103,NULL),(18,57,95,NULL),(19,57,96,NULL),(20,58,98,NULL),(21,58,101,NULL),(22,59,104,NULL),(23,60,92,NULL),(24,60,107,NULL),(25,61,100,NULL),(26,61,102,NULL),(27,6,24,NULL),(28,6,79,NULL),(29,7,68,NULL),(30,7,59,NULL),(32,8,111,NULL),(33,8,78,NULL),(34,9,37,NULL),(35,22,15,NULL),(36,23,52,NULL),(37,24,23,NULL),(38,25,65,NULL),(39,26,55,NULL),(40,27,11,NULL),(41,28,83,NULL),(42,29,40,NULL),(43,30,28,NULL),(44,31,80,NULL),(45,32,16,NULL),(46,33,49,NULL),(47,34,46,NULL),(48,35,35,NULL),(49,36,30,NULL),(50,37,72,NULL),(51,38,74,NULL),(52,39,13,NULL),(53,40,27,NULL),(54,40,70,NULL),(55,41,36,NULL),(56,1,47,NULL),(57,1,44,NULL),(58,2,64,NULL),(59,3,17,NULL),(60,4,31,NULL),(61,5,75,NULL),(62,17,57,NULL),(63,18,32,NULL),(64,19,12,NULL),(65,20,25,NULL),(66,20,58,NULL),(67,21,82,NULL),(68,12,38,NULL),(69,13,39,NULL),(70,14,76,NULL),(71,15,29,NULL),(72,16,26,NULL),(73,42,73,NULL),(74,43,22,NULL),(75,44,69,NULL),(76,45,67,NULL),(77,46,45,NULL),(78,47,77,NULL),(79,48,51,NULL),(80,49,53,NULL),(81,50,14,NULL),(82,51,81,NULL),(83,52,34,NULL),(84,53,18,NULL);
/*!40000 ALTER TABLE `class_teachers` ENABLE KEYS */;
UNLOCK TABLES;

--
-- Table structure for table `classes`
--

DROP TABLE IF EXISTS `classes`;
/*!40101 SET @saved_cs_client     = @@character_set_client */;
/*!40101 SET character_set_client = utf8 */;
CREATE TABLE `classes` (
  `id` int(10) unsigned NOT NULL AUTO_INCREMENT,
  `grade_label` varchar(50) NOT NULL,
  `section_no` tinyint(3) unsigned NOT NULL,
  `class_name` varchar(100) NOT NULL,
  `homeroom_room_id` int(10) unsigned DEFAULT NULL,
  `created_at` timestamp NOT NULL DEFAULT current_timestamp(),
  `has_saturday` tinyint(1) DEFAULT 0 COMMENT 'เรียนวันเสาร์',
  `has_sunday` tinyint(1) DEFAULT 0 COMMENT 'เรียนวันอาทิตย์',
  PRIMARY KEY (`id`),
  UNIQUE KEY `uniq_grade_section` (`grade_label`,`section_no`),
  KEY `idx_class_name` (`class_name`),
  KEY `fk_class_room` (`homeroom_room_id`),
  CONSTRAINT `fk_class_room` FOREIGN KEY (`homeroom_room_id`) REFERENCES `rooms` (`id`) ON DELETE SET NULL
) ENGINE=InnoDB AUTO_INCREMENT=62 DEFAULT CHARSET=utf8mb4 COLLATE=utf8mb4_general_ci;
/*!40101 SET character_set_client = @saved_cs_client */;

--
-- Dumping data for table `classes`
--

LOCK TABLES `classes` WRITE;
/*!40000 ALTER TABLE `classes` DISABLE KEYS */;
INSERT INTO `classes` VALUES (1,'ม1',1,'ม1/1',66,'2025-10-21 07:13:29',0,0),(2,'ม1',2,'ม1/2',67,'2025-10-21 07:13:29',0,0),(3,'ม1',3,'ม1/3',68,'2025-10-21 07:13:29',0,0),(4,'ม1',4,'ม1/4',69,'2025-10-21 07:13:29',0,0),(5,'ม1',5,'ม1/5',70,'2025-10-21 07:13:29',0,0),(6,'ป1',1,'ป1/1',97,'2025-10-21 07:14:24',0,0),(7,'ป1',2,'ป1/2',98,'2025-10-21 07:14:24',0,0),(8,'ป1',3,'ป1/3',99,'2025-10-21 07:14:24',0,0),(9,'ป1',4,'ป1/4',100,'2025-10-21 07:14:24',0,0),(10,'อ1',1,'อ1/1',101,'2025-10-21 07:14:29',0,0),(11,'อ1',2,'อ1/2',102,'2025-10-21 07:14:29',0,0),(12,'ม3',1,'ม3/1',76,'2025-10-21 07:14:37',0,0),(13,'ม3',2,'ม3/2',77,'2025-10-21 07:14:37',0,0),(14,'ม3',3,'ม3/3',78,'2025-10-21 07:14:37',0,0),(15,'ม3',4,'ม3/4',79,'2025-10-21 07:14:37',0,0),(16,'ม3',5,'ม3/5',80,'2025-10-21 07:14:37',0,0),(17,'ม2',1,'ม2/1',71,'2025-10-21 07:14:44',0,0),(18,'ม2',2,'ม2/2',72,'2025-10-21 07:14:44',0,0),(19,'ม2',3,'ม2/3',73,'2025-10-21 07:14:44',0,0),(20,'ม2',4,'ม2/4',74,'2025-10-21 07:14:44',0,0),(21,'ม2',5,'ม2/5',75,'2025-10-21 07:14:44',0,0),(22,'ป2',1,'ป2/1',110,'2025-10-21 07:14:51',0,0),(23,'ป2',2,'ป2/2',109,'2025-10-21 07:14:51',0,0),(24,'ป2',3,'ป2/3',108,'2025-10-21 07:14:51',0,0),(25,'ป2',4,'ป2/4',107,'2025-10-21 07:14:51',0,0),(26,'ป3',1,'ป3/1',116,'2025-10-21 07:14:55',0,0),(27,'ป3',2,'ป3/2',117,'2025-10-21 07:14:55',0,0),(28,'ป3',3,'ป3/3',118,'2025-10-21 07:14:55',0,0),(29,'ป3',4,'ป3/4',119,'2025-10-21 07:14:55',0,0),(30,'ป4',1,'ป4/1',120,'2025-10-21 07:14:58',0,0),(31,'ป4',2,'ป4/2',121,'2025-10-21 07:14:58',0,0),(32,'ป4',3,'ป4/3',122,'2025-10-21 07:14:58',0,0),(33,'ป4',4,'ป4/4',134,'2025-10-21 07:14:58',0,0),(34,'ป5',1,'ป5/1',133,'2025-10-21 07:15:04',0,0),(35,'ป5',2,'ป5/2',132,'2025-10-21 07:15:04',0,0),(36,'ป5',3,'ป5/3',131,'2025-10-21 07:15:04',0,0),(37,'ป5',4,'ป5/4',130,'2025-10-21 07:15:04',0,0),(38,'ป6',1,'ป6/1',129,'2025-10-21 07:15:10',0,0),(39,'ป6',2,'ป6/2',128,'2025-10-21 07:15:10',0,0),(40,'ป6',3,'ป6/3',127,'2025-10-21 07:15:10',0,0),(41,'ป6',4,'ป6/4',126,'2025-10-21 07:15:10',0,0),(42,'ม4',1,'ม4/1',82,'2025-10-21 07:15:23',1,1),(43,'ม4',2,'ม4/2',83,'2025-10-21 07:15:23',1,1),(44,'ม4',3,'ม4/3',84,'2025-10-21 07:15:23',1,1),(45,'ม4',4,'ม4/4',85,'2025-10-21 07:15:23',1,1),(46,'ม5',1,'ม5/1',86,'2025-10-21 07:15:26',1,1),(47,'ม5',2,'ม5/2',87,'2025-10-21 07:15:26',1,1),(48,'ม5',3,'ม5/3',88,'2025-10-21 07:15:26',1,1),(49,'ม5',4,'ม5/4',96,'2025-10-21 07:15:26',1,1),(50,'ม6',1,'ม6/1',95,'2025-10-21 07:15:30',1,1),(51,'ม6',2,'ม6/2',94,'2025-10-21 07:15:30',1,1),(52,'ม6',3,'ม6/3',93,'2025-10-21 07:15:30',1,1),(53,'ม6',4,'ม6/4',92,'2025-10-21 07:15:30',1,1),(54,'ต',1,'ต/1',135,'2025-10-21 07:16:36',0,0),(56,'อ2',1,'อ2/1',111,'2025-10-21 07:16:57',0,0),(57,'อ2',2,'อ2/2',104,'2025-10-21 07:16:57',0,0),(58,'อ2',3,'อ2/3',105,'2025-10-21 07:16:57',0,0),(59,'อ3',1,'อ3/1',111,'2025-10-21 07:17:04',0,0),(60,'อ3',2,'อ3/2',112,'2025-10-21 07:17:04',0,0),(61,'อ3',3,'อ3/3',113,'2025-10-21 07:17:04',0,0);
/*!40000 ALTER TABLE `classes` ENABLE KEYS */;
UNLOCK TABLES;

--
-- Table structure for table `co_teaching_pairs`
--

DROP TABLE IF EXISTS `co_teaching_pairs`;
/*!40101 SET @saved_cs_client     = @@character_set_client */;
/*!40101 SET character_set_client = utf8 */;
CREATE TABLE `co_teaching_pairs` (
  `id` int(10) unsigned NOT NULL AUTO_INCREMENT,
  `subject_id` int(10) unsigned NOT NULL,
  `year_id` int(10) unsigned NOT NULL,
  `term_no` tinyint(3) unsigned NOT NULL,
  `class_id` int(10) unsigned NOT NULL,
  `main_load_id` int(10) unsigned NOT NULL,
  `co_load_id` int(10) unsigned NOT NULL,
  `note` varchar(255) DEFAULT NULL,
  PRIMARY KEY (`id`),
  UNIQUE KEY `uniq_pair` (`main_load_id`,`co_load_id`),
  KEY `idx_main` (`main_load_id`),
  KEY `idx_co` (`co_load_id`),
  CONSTRAINT `fk_ctp_co` FOREIGN KEY (`co_load_id`) REFERENCES `teaching_loads` (`id`) ON DELETE CASCADE ON UPDATE CASCADE,
  CONSTRAINT `fk_ctp_main` FOREIGN KEY (`main_load_id`) REFERENCES `teaching_loads` (`id`) ON DELETE CASCADE ON UPDATE CASCADE
) ENGINE=InnoDB AUTO_INCREMENT=87 DEFAULT CHARSET=utf8mb4 COLLATE=utf8mb4_general_ci;
/*!40101 SET character_set_client = @saved_cs_client */;

--
-- Dumping data for table `co_teaching_pairs`
--

LOCK TABLES `co_teaching_pairs` WRITE;
/*!40000 ALTER TABLE `co_teaching_pairs` DISABLE KEYS */;
INSERT INTO `co_teaching_pairs` VALUES (57,14,1,2,42,213,226,NULL),(58,14,1,2,42,226,213,NULL),(59,14,1,2,43,214,227,NULL),(60,14,1,2,43,227,214,NULL),(61,14,1,2,44,215,228,NULL),(62,14,1,2,44,228,215,NULL),(63,14,1,2,45,216,229,NULL),(64,14,1,2,45,229,216,NULL),(65,14,1,2,47,218,242,NULL),(66,14,1,2,47,242,218,NULL),(67,14,1,2,48,219,243,NULL),(68,14,1,2,48,243,219,NULL),(69,14,1,2,49,220,244,NULL),(70,14,1,2,49,244,220,NULL),(71,13,1,2,42,458,462,NULL),(72,13,1,2,42,462,458,NULL),(73,13,1,2,43,459,463,NULL),(74,13,1,2,43,463,459,NULL),(75,13,1,2,44,460,464,NULL),(76,13,1,2,44,464,460,NULL),(77,13,1,2,45,461,465,NULL),(78,13,1,2,45,465,461,NULL),(79,13,1,2,46,466,475,NULL),(80,13,1,2,46,475,466,NULL),(81,13,1,2,47,467,476,NULL),(82,13,1,2,47,476,467,NULL),(83,13,1,2,48,468,477,NULL),(84,13,1,2,48,477,468,NULL),(85,13,1,2,49,469,478,NULL),(86,13,1,2,49,478,469,NULL);
/*!40000 ALTER TABLE `co_teaching_pairs` ENABLE KEYS */;
UNLOCK TABLES;

--
-- Table structure for table `grade_breaks`
--

DROP TABLE IF EXISTS `grade_breaks`;
/*!40101 SET @saved_cs_client     = @@character_set_client */;
/*!40101 SET character_set_client = utf8 */;
CREATE TABLE `grade_breaks` (
  `id` int(10) unsigned NOT NULL AUTO_INCREMENT,
  `grade_label` varchar(50) NOT NULL,
  `period_no` tinyint(3) unsigned NOT NULL,
  PRIMARY KEY (`id`),
  UNIQUE KEY `uniq_grade_period` (`grade_label`,`period_no`)
) ENGINE=InnoDB AUTO_INCREMENT=17 DEFAULT CHARSET=utf8mb4 COLLATE=utf8mb4_general_ci;
/*!40101 SET character_set_client = @saved_cs_client */;

--
-- Dumping data for table `grade_breaks`
--

LOCK TABLES `grade_breaks` WRITE;
/*!40000 ALTER TABLE `grade_breaks` DISABLE KEYS */;
INSERT INTO `grade_breaks` VALUES (1,'ต',3),(2,'ป1',4),(3,'ป2',4),(4,'ป3',4),(5,'ป4',5),(6,'ป5',5),(7,'ป6',5),(8,'ม1',4),(9,'ม2',4),(10,'ม3',5),(11,'ม4',5),(12,'ม5',6),(13,'ม6',6),(14,'อ1',3),(15,'อ2',3),(16,'อ3',3);
/*!40000 ALTER TABLE `grade_breaks` ENABLE KEYS */;
UNLOCK TABLES;

--
-- Table structure for table `period_slots`
--

DROP TABLE IF EXISTS `period_slots`;
/*!40101 SET @saved_cs_client     = @@character_set_client */;
/*!40101 SET character_set_client = utf8 */;
CREATE TABLE `period_slots` (
  `id` int(10) unsigned NOT NULL AUTO_INCREMENT,
  `period_no` tinyint(3) unsigned NOT NULL,
  `start_time` time NOT NULL,
  `end_time` time NOT NULL,
  `created_at` timestamp NOT NULL DEFAULT current_timestamp(),
  PRIMARY KEY (`id`),
  UNIQUE KEY `uniq_period_no` (`period_no`)
) ENGINE=InnoDB AUTO_INCREMENT=10 DEFAULT CHARSET=utf8mb4 COLLATE=utf8mb4_general_ci;
/*!40101 SET character_set_client = @saved_cs_client */;

--
-- Dumping data for table `period_slots`
--

LOCK TABLES `period_slots` WRITE;
/*!40000 ALTER TABLE `period_slots` DISABLE KEYS */;
INSERT INTO `period_slots` VALUES (1,1,'08:20:00','09:10:00','2025-10-22 09:41:16'),(2,2,'09:10:00','10:00:00','2025-10-22 09:41:33'),(3,3,'10:00:00','10:50:00','2025-10-22 09:41:46'),(4,4,'10:50:00','11:40:00','2025-10-22 09:41:54'),(5,5,'11:40:00','12:30:00','2025-10-22 09:42:05'),(6,6,'12:30:00','13:20:00','2025-10-22 09:42:25'),(7,7,'13:20:00','14:10:00','2025-10-22 09:42:35'),(8,8,'14:20:00','15:10:00','2025-10-22 09:42:47'),(9,9,'15:10:00','16:00:00','2025-10-22 09:42:54');
/*!40000 ALTER TABLE `period_slots` ENABLE KEYS */;
UNLOCK TABLES;

--
-- Table structure for table `rooms`
--

DROP TABLE IF EXISTS `rooms`;
/*!40101 SET @saved_cs_client     = @@character_set_client */;
/*!40101 SET character_set_client = utf8 */;
CREATE TABLE `rooms` (
  `id` int(10) unsigned NOT NULL AUTO_INCREMENT,
  `room_code` varchar(50) NOT NULL,
  `room_name` varchar(150) NOT NULL,
  `building` varchar(150) DEFAULT NULL,
  `room_type` enum('classroom','lab') NOT NULL DEFAULT 'classroom',
  `created_at` timestamp NOT NULL DEFAULT current_timestamp(),
  PRIMARY KEY (`id`),
  UNIQUE KEY `room_code` (`room_code`)
) ENGINE=InnoDB AUTO_INCREMENT=136 DEFAULT CHARSET=utf8mb4 COLLATE=utf8mb4_general_ci;
/*!40101 SET character_set_client = @saved_cs_client */;

--
-- Dumping data for table `rooms`
--

LOCK TABLES `rooms` WRITE;
/*!40000 ALTER TABLE `rooms` DISABLE KEYS */;
INSERT INTO `rooms` VALUES (63,'12102','Lab computer 1','อาคาร 1','lab','2025-11-13 09:04:51'),(64,'12103','Lab computer 2','อาคาร 1','lab','2025-11-13 09:04:51'),(65,'13101','ห้องดนตรีสากล','อาคาร 1','lab','2025-11-13 09:04:51'),(66,'13102','ม.1/1','อาคาร 1','classroom','2025-11-13 09:04:52'),(67,'13103','ม.1/2','อาคาร 1','classroom','2025-11-13 09:04:52'),(68,'13104','ม.1/3','อาคาร 1','classroom','2025-11-13 09:04:52'),(69,'13105','ม.1/4','อาคาร 1','classroom','2025-11-13 09:04:52'),(70,'13106','ม.1/5','อาคาร 1','classroom','2025-11-13 09:04:52'),(71,'13107','ม.2/1','อาคาร 1','classroom','2025-11-13 09:04:52'),(72,'13108','ม.2/2','อาคาร 1','classroom','2025-11-13 09:04:52'),(73,'14109','ม.2/3','อาคาร 1','classroom','2025-11-13 09:04:52'),(74,'14108','ม.2/4','อาคาร 1','classroom','2025-11-13 09:04:52'),(75,'14107','ม.2/5','อาคาร 1','classroom','2025-11-13 09:04:52'),(76,'14106','ม.3/1','อาคาร 1','classroom','2025-11-13 09:04:52'),(77,'14105','ม.3/2','อาคาร 1','classroom','2025-11-13 09:04:52'),(78,'14104','ม.3/3','อาคาร 1','classroom','2025-11-13 09:04:52'),(79,'14103','ม.3/4','อาคาร 1','classroom','2025-11-13 09:04:52'),(80,'14102','ม.3/5','อาคาร 1','classroom','2025-11-13 09:04:52'),(81,'14101','ห้องดนตรีไทย','อาคาร 1','lab','2025-11-13 09:04:52'),(82,'15102','ม.4/1','อาคาร 1','classroom','2025-11-13 09:04:52'),(83,'15103','ม.4/2','อาคาร 1','classroom','2025-11-13 09:04:52'),(84,'15104','ม.4/3','อาคาร 1','classroom','2025-11-13 09:04:52'),(85,'15105','ม.4/4','อาคาร 1','classroom','2025-11-13 09:04:52'),(86,'15106','ม.5/1','อาคาร 1','classroom','2025-11-13 09:04:52'),(87,'15107','ม.5/2','อาคาร 1','classroom','2025-11-13 09:04:52'),(88,'15108','ม.5/3','อาคาร 1','classroom','2025-11-13 09:04:52'),(89,'15109','Yamaha 1','อาคาร 1','lab','2025-11-13 09:04:52'),(90,'16101','ห้องเคมี','อาคาร 1','lab','2025-11-13 09:04:52'),(91,'16102','ห้องชีวะ','อาคาร 1','lab','2025-11-13 09:04:52'),(92,'16104','ม.6/4','อาคาร 1','classroom','2025-11-13 09:04:52'),(93,'16105','ม.6/3','อาคาร 1','classroom','2025-11-13 09:04:52'),(94,'16106','ม.6/2','อาคาร 1','classroom','2025-11-13 09:04:52'),(95,'16107','ม.6/1','อาคาร 1','classroom','2025-11-13 09:04:52'),(96,'16108','ม.5/4','อาคาร 1','classroom','2025-11-13 09:04:52'),(97,'21101','ป.1/1','อาคาร 2','classroom','2025-11-13 09:04:52'),(98,'21102','ป.1/2','อาคาร 2','classroom','2025-11-13 09:04:52'),(99,'21103','ป.1/3','อาคาร 2','classroom','2025-11-13 09:04:52'),(100,'21104','ป.1/4','อาคาร 2','classroom','2025-11-13 09:04:52'),(101,'22104','อ.1/จามจุรี','อาคาร 2','classroom','2025-11-13 09:04:52'),(102,'22105','อ.1/พวงชมพู','อาคาร 2','classroom','2025-11-13 09:04:52'),(103,'22106','อ.2/เบญจมาส','อาคาร 2','classroom','2025-11-13 09:04:52'),(104,'22107','อ.2/พุทธรักษา','อาคาร 2','classroom','2025-11-13 09:04:52'),(105,'22108','อ.2/ดาหลา','อาคาร 2','classroom','2025-11-13 09:04:52'),(106,'23101','Lab computer 3','อาคาร 2','lab','2025-11-13 09:04:52'),(107,'23102','ป.2/4','อาคาร 2','classroom','2025-11-13 09:04:52'),(108,'23103','ป.2/3','อาคาร 2','classroom','2025-11-13 09:04:52'),(109,'23104','ป.2/2','อาคาร 2','classroom','2025-11-13 09:04:52'),(110,'23105','ป.2/1','อาคาร 2','classroom','2025-11-13 09:04:52'),(111,'23107','อ.3/กุหลาบ','อาคาร 2','classroom','2025-11-13 09:04:52'),(112,'23108','อ.3/กล้วยไม้','อาคาร 2','classroom','2025-11-13 09:04:53'),(113,'23109','อ.3/เฟื้องฟ้า','อาคาร 2','classroom','2025-11-13 09:04:53'),(114,'23110','Fun 3','อาคาร 2','lab','2025-11-13 09:04:53'),(115,'24101','Lab computer 4','อาคาร 2','lab','2025-11-13 09:04:53'),(116,'24103','ป.3/1','อาคาร 2','classroom','2025-11-13 09:04:53'),(117,'24104','ป.3/2','อาคาร 2','classroom','2025-11-13 09:04:53'),(118,'24105','ป.3/3','อาคาร 2','classroom','2025-11-13 09:04:53'),(119,'24106','ป.3/4','อาคาร 2','classroom','2025-11-13 09:04:53'),(120,'24107','ป.4/1','อาคาร 2','classroom','2025-11-13 09:04:53'),(121,'24108','ป.4/2','อาคาร 2','classroom','2025-11-13 09:04:53'),(122,'24109','ป.4/3','อาคาร 2','classroom','2025-11-13 09:04:53'),(123,'24110','Yamaha 2','อาคาร 2','lab','2025-11-13 09:04:53'),(124,'25101','Fun 1','อาคาร 2','lab','2025-11-13 09:04:53'),(125,'25102','Fun 2','อาคาร 2','lab','2025-11-13 09:04:53'),(126,'25103','ป.6/4','อาคาร 2','classroom','2025-11-13 09:04:53'),(127,'25104','ป.6/3','อาคาร 2','classroom','2025-11-13 09:04:53'),(128,'25105','ป.6/2','อาคาร 2','classroom','2025-11-13 09:04:53'),(129,'25106','ป.6/1','อาคาร 2','classroom','2025-11-13 09:04:53'),(130,'25107','ป.5/4','อาคาร 2','classroom','2025-11-13 09:04:53'),(131,'25108','ป.5/3','อาคาร 2','classroom','2025-11-13 09:04:53'),(132,'25109','ป.5/2','อาคาร 2','classroom','2025-11-13 09:04:53'),(133,'25110','ป.5/1','อาคาร 2','classroom','2025-11-13 09:04:53'),(134,'25111','ป.4/4','อาคาร 2','classroom','2025-11-13 09:04:53'),(135,'22101','เตรียมอนุบาล','อาคาร 2','classroom','2025-11-13 09:32:28');
/*!40000 ALTER TABLE `rooms` ENABLE KEYS */;
UNLOCK TABLES;

--
-- Table structure for table `subjects`
--

DROP TABLE IF EXISTS `subjects`;
/*!40101 SET @saved_cs_client     = @@character_set_client */;
/*!40101 SET character_set_client = utf8 */;
CREATE TABLE `subjects` (
  `id` int(10) unsigned NOT NULL AUTO_INCREMENT,
  `subject_code` varchar(50) NOT NULL,
  `subject_name` varchar(200) NOT NULL,
  `created_at` timestamp NOT NULL DEFAULT current_timestamp(),
  PRIMARY KEY (`id`),
  UNIQUE KEY `subject_code` (`subject_code`)
) ENGINE=InnoDB AUTO_INCREMENT=37 DEFAULT CHARSET=utf8mb4 COLLATE=utf8mb4_general_ci;
/*!40101 SET character_set_client = @saved_cs_client */;

--
-- Dumping data for table `subjects`
--

LOCK TABLES `subjects` WRITE;
/*!40000 ALTER TABLE `subjects` DISABLE KEYS */;
INSERT INTO `subjects` VALUES (6,'วิทยาศาสตร์','วิทยาศาสตร์','2025-11-13 09:21:17'),(7,'วิทย์หลัก','วิทย์หลัก','2025-11-13 09:21:17'),(8,'วิทย์เสริม','วิทย์เสริม','2025-11-13 09:21:17'),(9,'ฟิสิกส์','ฟิสิกส์','2025-11-13 09:21:17'),(10,'เคมี','เคมี','2025-11-13 09:21:17'),(11,'ชีวะ','ชีวะ','2025-11-13 09:21:17'),(12,'Sci','Sci','2025-11-13 09:21:17'),(13,'เทคโนโลยี','เทคโนโลยี','2025-11-13 09:21:17'),(14,'โครงงาน','โครงงาน','2025-11-13 09:21:17'),(15,'คณิตศาสตร์','คณิตศาสตร์','2025-11-13 09:21:17'),(16,'คณิตหลัก','คณิตหลัก','2025-11-13 09:21:17'),(17,'คณิตเสริม','คณิตเสริม','2025-11-13 09:21:17'),(18,'Math','Math','2025-11-13 09:21:17'),(19,'ภาษาไทย','ภาษาไทย','2025-11-13 09:21:17'),(20,'ไทย(หลักภาษา)','ไทย(หลักภาษา)','2025-11-13 09:21:18'),(21,'ไทย(วรรณคดี)','ไทย(วรรณคดี)','2025-11-13 09:21:18'),(22,'ภาษาอังกฤษ','ภาษาอังกฤษ','2025-11-13 09:21:18'),(23,'ภาษาอังกฤษหลัก','ภาษาอังกฤษหลัก','2025-11-13 09:21:18'),(24,'ภาษาอังกฤษเสริม','ภาษาอังกฤษเสริม','2025-11-13 09:21:18'),(25,'QQEnglish','QQEnglish','2025-11-13 09:21:18'),(26,'ภาษาจีน','ภาษาจีน','2025-11-13 09:21:18'),(27,'สังคม','สังคม','2025-11-13 09:21:18'),(28,'ประวัติศาสตร์','ประวัติศาสตร์','2025-11-13 09:21:18'),(29,'ดนตรี/นาฏศิลป์','ดนตรี/นาฏศิลป์','2025-11-13 09:21:18'),(30,'ศิลปะ','ศิลปะ','2025-11-13 09:21:18'),(31,'การงาน','การงาน','2025-11-13 09:21:18'),(32,'พละศึกษา','พละศึกษา','2025-11-13 09:21:18'),(33,'สุขศึกษา','สุขศึกษา','2025-11-13 09:21:18'),(34,'พละ/สุข','พละ/สุข','2025-11-13 09:21:18'),(35,'แนะแนว','แนะแนว','2025-11-13 09:21:18'),(36,'ดาราศาสตร์','ดาราศาสตร์','2025-11-14 02:15:44');
/*!40000 ALTER TABLE `subjects` ENABLE KEYS */;
UNLOCK TABLES;

--
-- Table structure for table `teacher_constraints`
--

DROP TABLE IF EXISTS `teacher_constraints`;
/*!40101 SET @saved_cs_client     = @@character_set_client */;
/*!40101 SET character_set_client = utf8 */;
CREATE TABLE `teacher_constraints` (
  `id` int(10) unsigned NOT NULL AUTO_INCREMENT,
  `teacher_id` int(10) unsigned NOT NULL,
  `academic_year_id` int(10) unsigned NOT NULL,
  `term_no` tinyint(3) unsigned NOT NULL,
  `day_of_week` tinyint(3) unsigned NOT NULL,
  `period_no` tinyint(3) unsigned NOT NULL,
  `reason` varchar(255) DEFAULT NULL,
  `created_at` timestamp NOT NULL DEFAULT current_timestamp(),
  PRIMARY KEY (`id`),
  UNIQUE KEY `uniq_teacher_time` (`teacher_id`,`academic_year_id`,`term_no`,`day_of_week`,`period_no`),
  KEY `academic_year_id` (`academic_year_id`),
  CONSTRAINT `teacher_constraints_ibfk_1` FOREIGN KEY (`teacher_id`) REFERENCES `teachers` (`id`) ON DELETE CASCADE,
  CONSTRAINT `teacher_constraints_ibfk_2` FOREIGN KEY (`academic_year_id`) REFERENCES `academic_years` (`id`) ON DELETE CASCADE
) ENGINE=InnoDB AUTO_INCREMENT=52 DEFAULT CHARSET=utf8mb4 COLLATE=utf8mb4_general_ci;
/*!40101 SET character_set_client = @saved_cs_client */;

--
-- Dumping data for table `teacher_constraints`
--

LOCK TABLES `teacher_constraints` WRITE;
/*!40000 ALTER TABLE `teacher_constraints` DISABLE KEYS */;
/*!40000 ALTER TABLE `teacher_constraints` ENABLE KEYS */;
UNLOCK TABLES;

--
-- Table structure for table `teachers`
--

DROP TABLE IF EXISTS `teachers`;
/*!40101 SET @saved_cs_client     = @@character_set_client */;
/*!40101 SET character_set_client = utf8 */;
CREATE TABLE `teachers` (
  `id` int(10) unsigned NOT NULL AUTO_INCREMENT,
  `teacher_code` varchar(30) NOT NULL,
  `title` varchar(20) DEFAULT NULL,
  `first_name` varchar(100) NOT NULL,
  `last_name` varchar(100) NOT NULL,
  `created_at` timestamp NOT NULL DEFAULT current_timestamp(),
  `subject_group` tinyint(3) unsigned DEFAULT NULL COMMENT '1-คณิต,2-วิทย์/เทคโน,3-ไทย,4-ภาษาตปท.,5-สังคม/ศาสนา/วัฒนธรรม,6-สุข/พละ,7-ศิลป,8-การงานอาชีพ,9-อื่นๆ',
  PRIMARY KEY (`id`),
  UNIQUE KEY `teacher_code` (`teacher_code`)
) ENGINE=InnoDB AUTO_INCREMENT=145 DEFAULT CHARSET=utf8mb4 COLLATE=utf8mb4_general_ci;
/*!40101 SET character_set_client = @saved_cs_client */;

--
-- Dumping data for table `teachers`
--

LOCK TABLES `teachers` WRITE;
/*!40000 ALTER TABLE `teachers` DISABLE KEYS */;
INSERT INTO `teachers` VALUES (11,'T00027','นาง','กรรณิกา','มาเรียน','2025-11-14 01:15:21',3),(12,'T00249','นางสาว','ทิพวรรณ','จิ๋วแก้ว','2025-11-14 01:15:21',3),(13,'T00252','นางสาว','สุนิสา','กลัดจ้อย','2025-11-14 01:15:21',3),(14,'T00337','นางสาว','วรรณิภา','เทียนไธสง','2025-11-14 01:15:21',3),(15,'T00338','นางสาว','จตุพร','บุญลือ','2025-11-14 01:15:21',3),(16,'T00346','นางสาว','จีรนันท์','บุญช่วย','2025-11-14 01:15:21',3),(17,'T00380','นางสาว','สิริลักษณ์','สู่พิทักษ์','2025-11-14 01:15:21',3),(18,'T00388','นางสาว','กาญจนา','ทองคุ้ม','2025-11-14 01:15:22',3),(19,'T00469','นางสาว','เนตรนภา','ภิรมย์ทอง','2025-11-14 01:15:22',3),(20,'T00471','นางสาว','สุจิตรา','มูลเหลา','2025-11-14 01:15:22',3),(21,'T00479','นางสาว','วารุลี','อุปถัมย์','2025-11-14 01:15:22',3),(22,'T00054','นางสาว','น้ำฝน','ณ แพทยงค์','2025-11-14 01:15:22',1),(23,'T00066','นางสาว','รัชดา','อินเฉิดฉาย','2025-11-14 01:15:22',1),(24,'T00101','นางสาว','โชตพิพัฒน์','เชาว์รุ่งโรจน์ชัย','2025-11-14 01:15:22',1),(25,'T00123','นางสาว','นฤมล','ถิรวัลย์','2025-11-14 01:15:22',1),(26,'T00154','ว่าที่ร้อยตรีหญิง','ธำรงลักษณ์','แต่งงาม','2025-11-14 01:15:22',1),(27,'T00189','นางสาว','อรชา','สว่างชื่น','2025-11-14 01:15:22',1),(28,'T00236','นางสาว','คณาลักษณ์','บึงจันทร์','2025-11-14 01:15:22',1),(29,'T00291','นาย','วันชัย','ดวงแก้ว','2025-11-14 01:15:22',1),(30,'T00333','นางสาว','ทิพเนตร','มะกรูดอินทร์','2025-11-14 01:15:22',1),(31,'T00368','นางสาว','ทัศนีย์','ผามะณีย์','2025-11-14 01:15:22',1),(32,'T00385','นาย','สุพัฒน์','พิมพันธ์','2025-11-14 01:15:22',1),(33,'T00473','นางสาว','กฤติมา','จันหอม','2025-11-14 01:15:22',1),(34,'T00033','นาง','พัศภัสสรณ์','ปรุงเรือน','2025-11-14 01:15:22',2),(35,'T00169','นางสาว','พรพิมล','มอญถนอม','2025-11-14 01:15:22',2),(36,'T00203','นางสาว','บัณฑิตา','เอี๊ยะมณี','2025-11-14 01:15:22',2),(37,'T00349','นางสาว','ณัฐธิดา','แก้วคำ','2025-11-14 01:15:22',2),(38,'T00350','นางสาว','ภัทรา','ใจบุญ','2025-11-14 01:15:22',2),(39,'T00415','นาย','กิตติวุฒิ','พุฒดำ','2025-11-14 01:15:22',2),(40,'T00424','นางสาว','สุชาดา','อู่ตะเภา','2025-11-14 01:15:22',2),(41,'T00467','นางสาว','ดวงดาว','ตั้งสุภาพรรณ','2025-11-14 01:15:22',2),(42,'T00468','นาย','ศุภชัย','ใจเย็น','2025-11-14 01:15:22',2),(43,'T00470','นางสาว','สิริเพ็ญ','แก้วแสง','2025-11-14 01:15:22',2),(44,'T00472','นางสาว','อำมรัต','ทองสุขดี','2025-11-14 01:15:23',2),(45,'T00005','นาย','ชรินทร์','รีนับถือ','2025-11-14 01:15:23',5),(46,'T00240','นาย','อิทธิรักษ์','ปาลวัฒน์','2025-11-14 01:15:23',5),(47,'T00264','นาง','ปริศนา','รอดมณี','2025-11-14 01:15:23',5),(48,'T00279','นาย','อัษฎาวัชร์','สามงามยา','2025-11-14 01:15:23',5),(49,'T00286','นางสาว','สุกานดา','อิ่มบุญ','2025-11-14 01:15:23',5),(50,'T00294','นางสาว','สมฤทัย','สมบัติ','2025-11-14 01:15:23',5),(51,'T00366','นาย','นภนันท์','สิงห์สม','2025-11-14 01:15:23',5),(52,'T00452','นางสาว','ภัทรินี','คำฝาด','2025-11-14 01:15:23',5),(53,'T00022','นาย','สิทธา','ประมวลทอง','2025-11-14 01:15:23',6),(54,'T00121','นาย','สมพงษ์','สายน้ำผึ้ง','2025-11-14 01:15:23',6),(55,'T00232','นาย','วุฒินันท์','คงทรัพย์','2025-11-14 01:15:23',6),(56,'T00253','นาย','ราเชนทร์','ประกอบพร','2025-11-14 01:15:23',6),(57,'T00311','นาย','สถาพร','ดีประเสริฐ','2025-11-14 01:15:23',6),(58,'T00325','นาย','บุญธรรม','ศรีคำนวณ','2025-11-14 01:15:23',6),(59,'T00383','นางสาว','สุพัฐฐิญา','บัวเข็มเพชร','2025-11-14 01:15:23',6),(60,'T00453','นางสาว','อัจฉรา','โพธิ์ฉาย','2025-11-14 01:15:23',6),(61,'T00454','นาย','ศุภกร','ฉัฐธนาพิพัฒน์','2025-11-14 01:15:23',6),(62,'T00456','นางสาว','เบญญาภา','สานคลุย','2025-11-14 01:15:23',6),(63,'T00110','นาย','รัตนชัย','อรรถพลภูษิต','2025-11-14 01:15:23',7),(64,'T00157','นาย','ณฐพล','สุนทรกระจ่าง','2025-11-14 01:15:23',7),(65,'T00251','นางสาว','พิทยารัตน์','รามัญอุดม','2025-11-14 01:15:23',7),(66,'T00273','นางสาว','วารี','สังข์เสือโพธิ์','2025-11-14 01:15:23',7),(67,'T00278','นางสาว','ฐิติมา','เนี๊ยะอั๋น','2025-11-14 01:15:23',7),(68,'T00331','นางสาว','สุวนันท์','คำทองดี','2025-11-14 01:15:23',7),(69,'T00356','นาย','อรรณพ','วงศาโรจน์','2025-11-14 01:15:23',7),(70,'T00464','นางสาว','จินต์จุฑา','พฤกษเสม','2025-11-14 01:15:23',7),(71,'T00138','นางสาว','พิมพ์มาส','เพชรขาวช่วย','2025-11-14 01:15:23',8),(72,'T00226','นางสาว','ดวงพร','จันทร์สมบูรณ์','2025-11-14 01:15:23',8),(73,'T00359','นางสาว','อรัญญา','เดชพันธ์','2025-11-14 01:15:23',8),(74,'T00057','นางสาว','พจวรรณ','วรรณฤมล','2025-11-14 01:15:23',4),(75,'T00063','นางสาว','ภัทราพร','ประมวลทอง','2025-11-14 01:15:23',4),(76,'T00150','นางสาว','อัญชลี','ศรีแก้วช่วง','2025-11-14 01:15:23',4),(77,'T00375','นาง','ธนศรี','คุ้มถนอม','2025-11-14 01:15:23',4),(78,'T00392','นาย','กิตติรัช','ใจดี','2025-11-14 01:15:23',4),(79,'T00405','นางสาว','พรธิชา','อิ่มอยู่','2025-11-14 01:15:23',4),(80,'T00406','นาง','ธัญทิพย์','รัตนารมย์','2025-11-14 01:15:23',4),(81,'T00407','นางสาว','ศิริวรรณ','อมรพงษ์ไพศาล','2025-11-14 01:15:23',4),(82,'T00459','นาย','ประดิพัทธ์','เรือนจรัสศรี','2025-11-14 01:15:23',4),(83,'T00461','นางสาว','วิไลวรรณ','คำจ่าง','2025-11-14 01:15:23',4),(84,'T00474','นาง','ณิสาภัสร์','เซ็งมณี','2025-11-14 01:15:23',4),(85,'T00116','นาย','ศุภเกียรติ','วิริภิรมย์กูล','2025-11-14 01:15:23',2),(86,'T00151','นาย','จิรายุ','คุ้มถนอม','2025-11-14 01:15:23',2),(87,'T00241','นาย','ธนา','บุญชู','2025-11-14 01:15:23',2),(88,'T00254','นาย','พรพจน์','พฤกษานันท์','2025-11-14 01:15:23',2),(89,'T00418','นาย','สุเมธ','พงษ์ภีละ','2025-11-14 01:15:23',2),(90,'T00423','นาย','ขวัญชัย','เณรแตง','2025-11-14 01:15:23',2),(91,'T00466','นาย','ปรมัย','สัมเภาว์มาลย์','2025-11-14 01:15:24',2),(92,'T00039','นาง','อรสา','พะวงษ์','2025-11-14 01:15:24',9),(93,'T00098','นางสาว','วรรณวิสา','แก้วปรารถนา','2025-11-14 01:15:24',9),(94,'T00135','นางสาว','ปิยะวรรณ','อิ่มอร่าม','2025-11-14 01:15:24',9),(95,'T00168','นางสาว','วิไลรัตน์','บัวงาม','2025-11-14 01:15:24',9),(96,'T00180','นางสาว','ดวงพร','เจนกิจณรงค์','2025-11-14 01:15:24',9),(97,'T00181','นางสาว','ประภัสสร','จะวะอรรถ','2025-11-14 01:15:24',9),(98,'T00184','นางสาว','เบญจมาศ','ธิชาญ','2025-11-14 01:15:24',9),(99,'T00185','นางสาว','ชวนขวัญ','สิริรัตนมงคล','2025-11-14 01:15:24',9),(100,'T00260','นางสาว','เสาวนีย์','มีรอด','2025-11-14 01:15:24',9),(101,'T00296','นางสาว','ฤทัยรัตน์','ศรประเสริฐ','2025-11-14 01:15:24',9),(102,'T00328','นางสาว','วราญา','ใหญ่เจริญยิ่ง','2025-11-14 01:15:24',9),(103,'T00342','นางสาว','สิริลักษณ์','แสงประสาร','2025-11-14 01:15:24',9),(104,'T00351','นางสาว','หนึ่งดาว','เผ่าพงษ์ศา','2025-11-14 01:15:24',9),(105,'T00352','นางสาว','กัญญา','เณรกอวัง','2025-11-14 01:15:24',9),(106,'T00353','นางสาว','สุมิตรา','แตงโต','2025-11-14 01:15:24',9),(107,'T00445','นางสาว','อรยา','จันทร์หอม','2025-11-14 01:15:24',9),(108,'T00458','นางสาว','เปมิกา','ตุ้มม่วง','2025-11-14 01:15:24',9),(109,'T00394','Miss','Marianne','Joy D.Carbajal','2025-11-14 01:15:24',4),(110,'T00435','Miss','Mary joy','B. Nielo','2025-11-14 01:15:24',4),(111,'T00042','นางสาว','ขนิษฐา','ทองสมเพียร','2025-11-14 01:38:54',3),(112,'A00001','','อ.ดร.ปรางศรี','.','2025-11-14 02:18:35',4),(113,'A00002','','อ.ทินกฤต','.','2025-11-14 02:18:35',4),(114,'A00003','','อ.ธนิต','.','2025-11-14 02:18:35',4),(115,'A00004','','อ.กรกฎ','.','2025-11-14 02:18:35',2),(116,'A00005','','อ.สุธน','.','2025-11-14 02:18:35',2),(117,'A00006','','อ.ศักดิ์ชัย','.','2025-11-14 02:18:35',2),(118,'A00007','','อ.ธิดา','.','2025-11-14 02:18:35',2),(120,'A00009','','อ.เคมี ม6','.','2025-11-14 02:18:35',2),(121,'A00010','','อ.กันทิมาณี','.','2025-11-14 02:18:35',2),(122,'A00011','','อ.รุจิกร','.','2025-11-14 02:18:35',2),(123,'A00012','','อ.เรณู','.','2025-11-14 02:18:35',2),(124,'A00013','','อ.สมาน','.','2025-11-14 02:18:35',2),(125,'A00014','','อ.สุทธิพงษ์','.','2025-11-14 02:18:35',2),(126,'A00015','','อ.สมเจษน์','.','2025-11-14 02:18:35',1),(127,'A00016','','อ.สหวัฒน์','.','2025-11-14 02:18:35',1),(128,'A00017','','อ.นพรัตน์','.','2025-11-14 02:18:35',1),(129,'A00018','','อ.บัณฑิต','.','2025-11-14 02:18:35',1),(130,'A00019','','อ.รัตนาภรณ์','.','2025-11-14 02:18:35',1),(131,'A00020','','อ.กำชัย','.','2025-11-14 02:18:35',2),(132,'A00021','','อ.ชวรัตน์','.','2025-11-14 02:18:35',2),(133,'A00022','','อ.ฉัตรชัย','.','2025-11-14 02:18:35',2),(134,'A00023','','อ.จำนงค์','.','2025-11-14 02:18:35',2),(135,'A00024','','อ.อรวรรณ','.','2025-11-14 02:18:35',2),(136,'A00025','','อ.ชวัลวิทย์','.','2025-11-14 02:18:35',2),(137,'A00026','','อ.สมเจตน์','.','2025-11-14 02:18:35',2),(138,'A00027','','อ.ไพศาล','.','2025-11-14 02:18:36',2),(139,'A00028','','อ.อลงกต','.','2025-11-14 02:18:36',2),(140,'A00029','','อ.ศุทธิณีย์','.','2025-11-14 02:18:36',5),(141,'A00030','','อ.สอางค์','.','2025-11-14 02:18:36',3),(142,'A00031','','อ.อิสระ','.','2025-11-14 02:18:36',2),(143,'T00014','นาย','มนต์ชัย','มั่นวศิน','2025-11-14 07:07:16',6),(144,'A00008','','อ.มนตรี','.','2025-11-14 07:32:54',2);
/*!40000 ALTER TABLE `teachers` ENABLE KEYS */;
UNLOCK TABLES;

--
-- Table structure for table `teaching_load_teachers`
--

DROP TABLE IF EXISTS `teaching_load_teachers`;
/*!40101 SET @saved_cs_client     = @@character_set_client */;
/*!40101 SET character_set_client = utf8 */;
CREATE TABLE `teaching_load_teachers` (
  `id` int(10) unsigned NOT NULL AUTO_INCREMENT,
  `load_id` int(10) unsigned NOT NULL,
  `teacher_id` int(10) unsigned NOT NULL,
  `role` enum('lead','co') NOT NULL DEFAULT 'co',
  PRIMARY KEY (`id`),
  UNIQUE KEY `uniq_load_teacher` (`load_id`,`teacher_id`),
  KEY `idx_load` (`load_id`),
  KEY `idx_teacher` (`teacher_id`),
  CONSTRAINT `fk_tlt_load` FOREIGN KEY (`load_id`) REFERENCES `teaching_loads` (`id`) ON DELETE CASCADE ON UPDATE CASCADE,
  CONSTRAINT `fk_tlt_teacher` FOREIGN KEY (`teacher_id`) REFERENCES `teachers` (`id`) ON DELETE CASCADE ON UPDATE CASCADE
) ENGINE=InnoDB AUTO_INCREMENT=24 DEFAULT CHARSET=utf8mb4 COLLATE=utf8mb4_general_ci;
/*!40101 SET character_set_client = @saved_cs_client */;

--
-- Dumping data for table `teaching_load_teachers`
--

LOCK TABLES `teaching_load_teachers` WRITE;
/*!40000 ALTER TABLE `teaching_load_teachers` DISABLE KEYS */;
/*!40000 ALTER TABLE `teaching_load_teachers` ENABLE KEYS */;
UNLOCK TABLES;

--
-- Table structure for table `teaching_loads`
--

DROP TABLE IF EXISTS `teaching_loads`;
/*!40101 SET @saved_cs_client     = @@character_set_client */;
/*!40101 SET character_set_client = utf8 */;
CREATE TABLE `teaching_loads` (
  `id` int(10) unsigned NOT NULL AUTO_INCREMENT,
  `academic_year_id` int(10) unsigned NOT NULL,
  `term_no` tinyint(3) unsigned NOT NULL,
  `teacher_id` int(10) unsigned NOT NULL,
  `subject_id` int(10) unsigned NOT NULL,
  `class_id` int(10) unsigned NOT NULL,
  `room_id` int(10) unsigned DEFAULT NULL,
  `periods_per_week` tinyint(3) unsigned NOT NULL,
  `consecutive_slots` tinyint(3) unsigned DEFAULT 1,
  `created_at` timestamp NOT NULL DEFAULT current_timestamp(),
  PRIMARY KEY (`id`),
  UNIQUE KEY `uniq_per_teacher_class_term` (`academic_year_id`,`term_no`,`teacher_id`,`subject_id`,`class_id`),
  KEY `idx_teacher` (`teacher_id`),
  KEY `idx_subject` (`subject_id`),
  KEY `idx_year_term` (`academic_year_id`,`term_no`),
  KEY `fk_tl_class` (`class_id`),
  KEY `fk_tl_room` (`room_id`),
  CONSTRAINT `fk_tl_class` FOREIGN KEY (`class_id`) REFERENCES `classes` (`id`) ON DELETE CASCADE,
  CONSTRAINT `fk_tl_room` FOREIGN KEY (`room_id`) REFERENCES `rooms` (`id`) ON DELETE SET NULL,
  CONSTRAINT `fk_tl_subject` FOREIGN KEY (`subject_id`) REFERENCES `subjects` (`id`) ON DELETE CASCADE,
  CONSTRAINT `fk_tl_teacher` FOREIGN KEY (`teacher_id`) REFERENCES `teachers` (`id`) ON DELETE CASCADE,
  CONSTRAINT `fk_tl_year` FOREIGN KEY (`academic_year_id`) REFERENCES `academic_years` (`id`) ON DELETE CASCADE
) ENGINE=InnoDB AUTO_INCREMENT=672 DEFAULT CHARSET=utf8mb4 COLLATE=utf8mb4_general_ci;
/*!40101 SET character_set_client = @saved_cs_client */;

--
-- Dumping data for table `teaching_loads`
--

LOCK TABLES `teaching_loads` WRITE;
/*!40000 ALTER TABLE `teaching_loads` DISABLE KEYS */;
INSERT INTO `teaching_loads` VALUES (162,1,2,67,29,42,NULL,1,1,'2025-11-14 02:21:34'),(163,1,2,67,29,43,NULL,1,1,'2025-11-14 02:21:34'),(164,1,2,67,29,44,NULL,1,1,'2025-11-14 02:21:34'),(165,1,2,67,29,45,NULL,1,1,'2025-11-14 02:21:34'),(166,1,2,67,29,46,NULL,1,1,'2025-11-14 02:21:34'),(167,1,2,67,29,47,NULL,1,1,'2025-11-14 02:21:34'),(168,1,2,67,29,48,NULL,1,1,'2025-11-14 02:21:34'),(169,1,2,67,29,49,NULL,1,1,'2025-11-14 02:21:34'),(170,1,2,67,29,50,NULL,1,1,'2025-11-14 02:21:34'),(171,1,2,67,29,51,NULL,1,1,'2025-11-14 02:21:34'),(172,1,2,67,29,52,NULL,1,1,'2025-11-14 02:21:34'),(173,1,2,67,29,53,NULL,1,1,'2025-11-14 02:21:34'),(174,1,2,64,30,42,NULL,1,1,'2025-11-14 02:24:16'),(175,1,2,64,30,43,NULL,1,1,'2025-11-14 02:24:16'),(176,1,2,64,30,44,NULL,1,1,'2025-11-14 02:24:16'),(177,1,2,64,30,45,NULL,1,1,'2025-11-14 02:24:16'),(178,1,2,64,30,46,NULL,1,1,'2025-11-14 02:24:16'),(179,1,2,64,30,47,NULL,1,1,'2025-11-14 02:24:16'),(180,1,2,64,30,48,NULL,1,1,'2025-11-14 02:24:16'),(181,1,2,64,30,49,NULL,1,1,'2025-11-14 02:24:16'),(182,1,2,64,30,50,NULL,1,1,'2025-11-14 02:24:16'),(183,1,2,64,30,51,NULL,1,1,'2025-11-14 02:24:16'),(184,1,2,64,30,52,NULL,1,1,'2025-11-14 02:24:16'),(185,1,2,64,30,53,NULL,1,1,'2025-11-14 02:24:16'),(190,1,2,112,22,42,NULL,4,2,'2025-11-14 05:23:20'),(191,1,2,112,22,43,NULL,4,2,'2025-11-14 05:23:20'),(192,1,2,112,22,44,NULL,4,2,'2025-11-14 05:23:20'),(193,1,2,112,22,45,NULL,4,2,'2025-11-14 05:23:20'),(194,1,2,112,22,46,NULL,2,2,'2025-11-14 05:23:52'),(195,1,2,112,22,47,NULL,2,2,'2025-11-14 05:23:52'),(196,1,2,112,22,48,NULL,2,2,'2025-11-14 05:23:52'),(197,1,2,112,22,49,NULL,2,2,'2025-11-14 05:23:52'),(198,1,2,112,22,50,NULL,2,2,'2025-11-14 05:23:52'),(199,1,2,112,22,51,NULL,2,2,'2025-11-14 05:23:52'),(200,1,2,112,22,52,NULL,2,2,'2025-11-14 05:23:52'),(201,1,2,112,22,53,NULL,2,2,'2025-11-14 05:23:52'),(202,1,2,64,30,1,NULL,1,1,'2025-11-14 05:44:33'),(203,1,2,64,30,2,NULL,1,1,'2025-11-14 05:44:33'),(204,1,2,64,30,3,NULL,1,1,'2025-11-14 05:44:33'),(205,1,2,64,30,4,NULL,1,1,'2025-11-14 05:44:33'),(206,1,2,64,30,5,NULL,1,1,'2025-11-14 05:44:33'),(207,1,2,64,35,2,NULL,1,1,'2025-11-14 05:47:22'),(208,1,2,34,14,17,NULL,1,1,'2025-11-14 05:50:39'),(209,1,2,34,14,18,NULL,1,1,'2025-11-14 05:50:39'),(210,1,2,34,14,19,NULL,1,1,'2025-11-14 05:50:39'),(211,1,2,34,14,20,NULL,1,1,'2025-11-14 05:50:39'),(212,1,2,34,14,21,NULL,1,1,'2025-11-14 05:50:40'),(213,1,2,34,14,42,NULL,1,1,'2025-11-14 05:50:40'),(214,1,2,34,14,43,NULL,1,1,'2025-11-14 05:50:40'),(215,1,2,34,14,44,NULL,1,1,'2025-11-14 05:50:40'),(216,1,2,34,14,45,NULL,1,1,'2025-11-14 05:50:40'),(217,1,2,34,14,46,NULL,1,1,'2025-11-14 05:50:40'),(218,1,2,34,14,47,NULL,1,1,'2025-11-14 05:50:40'),(219,1,2,34,14,48,NULL,1,1,'2025-11-14 05:50:40'),(220,1,2,34,14,49,NULL,1,1,'2025-11-14 05:50:40'),(221,1,2,34,8,17,NULL,1,1,'2025-11-14 05:51:16'),(222,1,2,34,8,18,NULL,1,1,'2025-11-14 05:51:16'),(223,1,2,34,8,19,NULL,1,1,'2025-11-14 05:51:16'),(224,1,2,34,8,20,NULL,1,1,'2025-11-14 05:51:16'),(225,1,2,34,8,21,NULL,1,1,'2025-11-14 05:51:16'),(226,1,2,36,14,42,NULL,1,1,'2025-11-14 05:53:13'),(227,1,2,36,14,43,NULL,1,1,'2025-11-14 05:53:13'),(228,1,2,36,14,44,NULL,1,1,'2025-11-14 05:53:13'),(229,1,2,36,14,45,NULL,1,1,'2025-11-14 05:53:13'),(230,1,2,36,6,38,NULL,3,1,'2025-11-14 05:53:59'),(231,1,2,36,6,39,NULL,3,1,'2025-11-14 05:53:59'),(232,1,2,36,6,40,NULL,3,1,'2025-11-14 05:53:59'),(233,1,2,36,6,41,NULL,3,1,'2025-11-14 05:53:59'),(234,1,2,36,14,38,NULL,1,1,'2025-11-14 05:54:11'),(235,1,2,36,14,39,NULL,1,1,'2025-11-14 05:54:11'),(236,1,2,36,14,40,NULL,1,1,'2025-11-14 05:54:11'),(237,1,2,36,14,41,NULL,1,1,'2025-11-14 05:54:11'),(238,1,2,35,14,34,NULL,1,1,'2025-11-14 05:54:58'),(239,1,2,35,14,35,NULL,1,1,'2025-11-14 05:54:58'),(240,1,2,35,14,36,NULL,1,1,'2025-11-14 05:54:58'),(241,1,2,35,14,37,NULL,1,1,'2025-11-14 05:54:58'),(242,1,2,35,14,47,NULL,1,1,'2025-11-14 05:54:58'),(243,1,2,35,14,48,NULL,1,1,'2025-11-14 05:54:58'),(244,1,2,35,14,49,NULL,1,1,'2025-11-14 05:54:58'),(245,1,2,35,6,34,NULL,3,1,'2025-11-14 05:55:25'),(246,1,2,35,6,35,NULL,3,1,'2025-11-14 05:55:25'),(247,1,2,35,6,36,NULL,3,1,'2025-11-14 05:55:25'),(248,1,2,35,6,37,NULL,3,1,'2025-11-14 05:55:25'),(249,1,2,73,31,1,NULL,1,1,'2025-11-14 06:04:52'),(250,1,2,73,31,2,NULL,1,1,'2025-11-14 06:04:52'),(251,1,2,73,31,3,NULL,1,1,'2025-11-14 06:04:52'),(252,1,2,73,31,4,NULL,1,1,'2025-11-14 06:04:52'),(253,1,2,73,31,5,NULL,1,1,'2025-11-14 06:04:52'),(254,1,2,73,31,17,NULL,1,1,'2025-11-14 06:04:52'),(255,1,2,73,31,18,NULL,1,1,'2025-11-14 06:04:52'),(256,1,2,73,31,19,NULL,1,1,'2025-11-14 06:04:52'),(257,1,2,73,31,20,NULL,1,1,'2025-11-14 06:04:52'),(258,1,2,73,31,21,NULL,1,1,'2025-11-14 06:04:52'),(259,1,2,73,31,12,NULL,1,1,'2025-11-14 06:04:52'),(260,1,2,73,31,13,NULL,1,1,'2025-11-14 06:04:52'),(261,1,2,73,31,14,NULL,1,1,'2025-11-14 06:04:52'),(262,1,2,73,31,15,NULL,1,1,'2025-11-14 06:04:52'),(263,1,2,73,31,16,NULL,1,1,'2025-11-14 06:04:52'),(264,1,2,73,31,50,NULL,1,1,'2025-11-14 06:04:52'),(265,1,2,73,31,51,NULL,1,1,'2025-11-14 06:04:52'),(266,1,2,73,31,52,NULL,1,1,'2025-11-14 06:04:52'),(267,1,2,73,31,53,NULL,1,1,'2025-11-14 06:04:52'),(268,1,2,36,35,41,NULL,1,1,'2025-11-14 06:08:01'),(269,1,2,51,28,17,NULL,1,1,'2025-11-14 06:10:32'),(270,1,2,51,28,18,NULL,1,1,'2025-11-14 06:10:32'),(271,1,2,51,28,19,NULL,1,1,'2025-11-14 06:10:32'),(272,1,2,51,28,20,NULL,1,1,'2025-11-14 06:10:32'),(273,1,2,51,28,21,NULL,1,1,'2025-11-14 06:10:32'),(274,1,2,51,28,12,NULL,1,1,'2025-11-14 06:10:32'),(275,1,2,51,28,13,NULL,1,1,'2025-11-14 06:10:32'),(276,1,2,51,28,14,NULL,1,1,'2025-11-14 06:10:32'),(277,1,2,51,28,15,NULL,1,1,'2025-11-14 06:10:32'),(278,1,2,51,28,16,NULL,1,1,'2025-11-14 06:10:32'),(279,1,2,51,28,42,NULL,1,1,'2025-11-14 06:10:32'),(280,1,2,51,28,43,NULL,1,1,'2025-11-14 06:10:32'),(281,1,2,51,28,44,NULL,1,1,'2025-11-14 06:10:32'),(282,1,2,51,28,45,NULL,1,1,'2025-11-14 06:10:32'),(283,1,2,51,28,46,NULL,1,1,'2025-11-14 06:10:32'),(284,1,2,51,28,47,NULL,1,1,'2025-11-14 06:10:32'),(285,1,2,51,28,48,NULL,1,1,'2025-11-14 06:10:32'),(286,1,2,51,28,49,NULL,1,1,'2025-11-14 06:10:32'),(287,1,2,35,35,35,NULL,1,1,'2025-11-14 06:23:41'),(288,1,2,77,26,1,NULL,1,1,'2025-11-14 06:30:08'),(289,1,2,77,26,2,NULL,1,1,'2025-11-14 06:30:08'),(290,1,2,77,26,3,NULL,1,1,'2025-11-14 06:30:08'),(291,1,2,77,26,4,NULL,1,1,'2025-11-14 06:30:08'),(292,1,2,77,26,5,NULL,1,1,'2025-11-14 06:30:08'),(293,1,2,77,26,17,NULL,1,1,'2025-11-14 06:30:08'),(294,1,2,77,26,18,NULL,1,1,'2025-11-14 06:30:08'),(295,1,2,77,26,19,NULL,1,1,'2025-11-14 06:30:08'),(296,1,2,77,26,20,NULL,1,1,'2025-11-14 06:30:08'),(297,1,2,77,26,21,NULL,1,1,'2025-11-14 06:30:08'),(298,1,2,77,26,12,NULL,1,1,'2025-11-14 06:30:08'),(299,1,2,77,26,13,NULL,1,1,'2025-11-14 06:30:08'),(300,1,2,77,26,14,NULL,1,1,'2025-11-14 06:30:08'),(301,1,2,77,26,15,NULL,1,1,'2025-11-14 06:30:08'),(302,1,2,77,26,16,NULL,1,1,'2025-11-14 06:30:08'),(303,1,2,77,26,42,NULL,1,1,'2025-11-14 06:30:08'),(304,1,2,77,26,43,NULL,1,1,'2025-11-14 06:30:08'),(305,1,2,77,26,44,NULL,1,1,'2025-11-14 06:30:08'),(306,1,2,77,26,45,NULL,1,1,'2025-11-14 06:30:08'),(307,1,2,81,26,46,NULL,1,1,'2025-11-14 06:34:55'),(308,1,2,81,26,47,NULL,1,1,'2025-11-14 06:34:55'),(309,1,2,81,26,48,NULL,1,1,'2025-11-14 06:34:55'),(310,1,2,81,26,49,NULL,1,1,'2025-11-14 06:34:55'),(311,1,2,81,26,50,NULL,1,1,'2025-11-14 06:34:55'),(312,1,2,81,26,51,NULL,1,1,'2025-11-14 06:34:55'),(313,1,2,81,26,52,NULL,1,1,'2025-11-14 06:34:55'),(314,1,2,81,26,53,NULL,1,1,'2025-11-14 06:34:55'),(315,1,2,81,26,10,NULL,1,1,'2025-11-14 06:34:55'),(316,1,2,81,26,11,NULL,1,1,'2025-11-14 06:34:55'),(317,1,2,81,26,56,NULL,1,1,'2025-11-14 06:34:55'),(318,1,2,81,26,57,NULL,1,1,'2025-11-14 06:34:55'),(319,1,2,81,26,58,NULL,1,1,'2025-11-14 06:34:55'),(320,1,2,81,26,59,NULL,1,1,'2025-11-14 06:34:55'),(321,1,2,81,26,60,NULL,1,1,'2025-11-14 06:34:55'),(322,1,2,81,26,61,NULL,1,1,'2025-11-14 06:34:55'),(323,1,2,14,21,12,NULL,1,1,'2025-11-14 06:38:28'),(324,1,2,14,21,13,NULL,1,1,'2025-11-14 06:38:28'),(325,1,2,14,21,14,NULL,1,1,'2025-11-14 06:38:28'),(326,1,2,14,21,15,NULL,1,1,'2025-11-14 06:38:28'),(327,1,2,14,21,16,NULL,1,1,'2025-11-14 06:38:28'),(328,1,2,14,20,12,NULL,2,1,'2025-11-14 06:39:01'),(329,1,2,14,20,13,NULL,2,1,'2025-11-14 06:39:01'),(330,1,2,14,20,14,NULL,2,1,'2025-11-14 06:39:01'),(331,1,2,14,20,15,NULL,2,1,'2025-11-14 06:39:01'),(332,1,2,14,20,16,NULL,2,1,'2025-11-14 06:39:01'),(333,1,2,14,19,42,NULL,1,1,'2025-11-14 06:39:26'),(334,1,2,14,19,43,NULL,1,1,'2025-11-14 06:39:26'),(335,1,2,14,19,44,NULL,1,1,'2025-11-14 06:39:26'),(336,1,2,14,19,45,NULL,1,1,'2025-11-14 06:39:26'),(337,1,2,17,21,1,NULL,1,1,'2025-11-14 06:42:11'),(338,1,2,17,21,2,NULL,1,1,'2025-11-14 06:42:11'),(339,1,2,17,21,3,NULL,1,1,'2025-11-14 06:42:11'),(340,1,2,17,21,4,NULL,1,1,'2025-11-14 06:42:11'),(341,1,2,17,21,5,NULL,1,1,'2025-11-14 06:42:11'),(342,1,2,17,20,1,NULL,2,1,'2025-11-14 06:42:26'),(343,1,2,17,20,2,NULL,2,1,'2025-11-14 06:42:26'),(344,1,2,17,20,3,NULL,2,1,'2025-11-14 06:42:26'),(345,1,2,17,20,4,NULL,2,1,'2025-11-14 06:42:26'),(346,1,2,17,20,5,NULL,2,1,'2025-11-14 06:42:26'),(347,1,2,17,19,46,NULL,1,1,'2025-11-14 06:42:44'),(348,1,2,17,19,47,NULL,1,1,'2025-11-14 06:42:44'),(349,1,2,17,19,48,NULL,1,1,'2025-11-14 06:42:44'),(350,1,2,17,19,49,NULL,1,1,'2025-11-14 06:42:44'),(351,1,2,17,35,3,NULL,1,1,'2025-11-14 06:44:52'),(352,1,2,12,21,17,NULL,1,1,'2025-11-14 06:46:57'),(353,1,2,12,21,18,NULL,1,1,'2025-11-14 06:46:57'),(354,1,2,12,21,19,NULL,1,1,'2025-11-14 06:46:57'),(355,1,2,12,21,20,NULL,1,1,'2025-11-14 06:46:57'),(356,1,2,12,21,21,NULL,1,1,'2025-11-14 06:46:57'),(357,1,2,12,20,17,NULL,2,1,'2025-11-14 06:47:12'),(358,1,2,12,20,18,NULL,2,1,'2025-11-14 06:47:12'),(359,1,2,12,20,19,NULL,2,1,'2025-11-14 06:47:12'),(360,1,2,12,20,20,NULL,2,1,'2025-11-14 06:47:12'),(361,1,2,12,20,21,NULL,2,1,'2025-11-14 06:47:12'),(362,1,2,12,35,19,NULL,1,1,'2025-11-14 06:47:33'),(363,1,2,12,19,50,NULL,1,1,'2025-11-14 06:48:09'),(364,1,2,12,19,51,NULL,1,1,'2025-11-14 06:48:09'),(365,1,2,12,19,52,NULL,1,1,'2025-11-14 06:48:09'),(366,1,2,12,19,53,NULL,1,1,'2025-11-14 06:48:09'),(367,1,2,53,34,42,NULL,1,1,'2025-11-14 06:54:59'),(368,1,2,53,34,43,NULL,1,1,'2025-11-14 06:54:59'),(369,1,2,53,34,44,NULL,1,1,'2025-11-14 06:54:59'),(370,1,2,53,34,45,NULL,1,1,'2025-11-14 06:54:59'),(371,1,2,53,34,46,NULL,1,1,'2025-11-14 06:54:59'),(372,1,2,53,34,47,NULL,1,1,'2025-11-14 06:54:59'),(373,1,2,53,34,48,NULL,1,1,'2025-11-14 06:54:59'),(374,1,2,53,34,49,NULL,1,1,'2025-11-14 06:54:59'),(375,1,2,53,34,50,NULL,1,1,'2025-11-14 06:54:59'),(376,1,2,53,34,51,NULL,1,1,'2025-11-14 06:54:59'),(377,1,2,53,34,52,NULL,1,1,'2025-11-14 06:54:59'),(378,1,2,53,34,53,NULL,1,1,'2025-11-14 06:54:59'),(379,1,2,57,32,1,NULL,1,1,'2025-11-14 06:58:10'),(380,1,2,57,32,2,NULL,1,1,'2025-11-14 06:58:10'),(381,1,2,57,32,3,NULL,1,1,'2025-11-14 06:58:10'),(382,1,2,57,32,4,NULL,1,1,'2025-11-14 06:58:10'),(383,1,2,57,32,5,NULL,1,1,'2025-11-14 06:58:10'),(384,1,2,57,32,17,NULL,1,1,'2025-11-14 06:58:10'),(385,1,2,57,32,18,NULL,1,1,'2025-11-14 06:58:10'),(386,1,2,57,32,19,NULL,1,1,'2025-11-14 06:58:10'),(387,1,2,57,32,20,NULL,1,1,'2025-11-14 06:58:10'),(388,1,2,57,32,21,NULL,1,1,'2025-11-14 06:58:10'),(389,1,2,57,32,42,NULL,1,1,'2025-11-14 06:58:35'),(390,1,2,57,32,43,NULL,1,1,'2025-11-14 06:58:35'),(391,1,2,57,32,44,NULL,1,1,'2025-11-14 06:58:35'),(392,1,2,57,32,45,NULL,1,1,'2025-11-14 06:58:35'),(393,1,2,57,32,46,NULL,1,1,'2025-11-14 06:58:35'),(394,1,2,57,32,47,NULL,1,1,'2025-11-14 06:58:35'),(395,1,2,57,32,48,NULL,1,1,'2025-11-14 06:58:35'),(396,1,2,57,32,49,NULL,1,1,'2025-11-14 06:58:35'),(397,1,2,57,35,17,NULL,1,1,'2025-11-14 06:58:51'),(399,1,2,143,32,12,NULL,1,1,'2025-11-14 07:27:11'),(400,1,2,143,32,13,NULL,1,1,'2025-11-14 07:27:11'),(401,1,2,143,32,14,NULL,1,1,'2025-11-14 07:27:11'),(402,1,2,143,32,15,NULL,1,1,'2025-11-14 07:27:11'),(403,1,2,143,32,16,NULL,1,1,'2025-11-14 07:27:11'),(404,1,2,143,32,50,NULL,1,1,'2025-11-14 07:27:11'),(405,1,2,143,32,51,NULL,1,1,'2025-11-14 07:27:11'),(406,1,2,143,32,52,NULL,1,1,'2025-11-14 07:27:11'),(407,1,2,143,32,53,NULL,1,1,'2025-11-14 07:27:11'),(408,1,2,144,10,46,NULL,4,2,'2025-11-14 07:33:44'),(409,1,2,144,10,47,NULL,4,2,'2025-11-14 07:33:44'),(410,1,2,144,10,48,NULL,4,2,'2025-11-14 07:33:44'),(411,1,2,144,10,49,NULL,4,2,'2025-11-14 07:33:44'),(412,1,2,115,10,42,NULL,2,2,'2025-11-14 07:36:27'),(413,1,2,115,10,43,NULL,2,2,'2025-11-14 07:36:27'),(414,1,2,115,10,44,NULL,2,2,'2025-11-14 07:36:27'),(415,1,2,115,10,45,NULL,2,2,'2025-11-14 07:36:27'),(416,1,2,115,10,50,NULL,2,2,'2025-11-14 07:36:27'),(417,1,2,115,10,51,NULL,2,2,'2025-11-14 07:36:27'),(418,1,2,115,10,52,NULL,2,2,'2025-11-14 07:36:27'),(419,1,2,115,10,53,NULL,2,2,'2025-11-14 07:36:27'),(420,1,2,129,15,50,NULL,4,2,'2025-11-14 07:37:49'),(421,1,2,129,15,51,NULL,4,2,'2025-11-14 07:37:49'),(422,1,2,129,15,52,NULL,4,2,'2025-11-14 07:37:49'),(423,1,2,129,15,53,NULL,4,2,'2025-11-14 07:37:49'),(424,1,2,129,15,46,NULL,2,2,'2025-11-14 07:38:03'),(425,1,2,129,15,47,NULL,2,2,'2025-11-14 07:38:03'),(426,1,2,129,15,48,NULL,2,2,'2025-11-14 07:38:03'),(427,1,2,129,15,49,NULL,2,2,'2025-11-14 07:38:03'),(428,1,2,118,10,50,NULL,4,2,'2025-11-14 07:40:02'),(429,1,2,118,10,51,NULL,4,2,'2025-11-14 07:40:02'),(430,1,2,118,10,52,NULL,4,2,'2025-11-14 07:40:02'),(431,1,2,118,10,53,NULL,4,2,'2025-11-14 07:40:02'),(432,1,2,130,15,50,NULL,2,2,'2025-11-14 07:41:32'),(433,1,2,130,15,51,NULL,2,2,'2025-11-14 07:41:32'),(434,1,2,130,15,52,NULL,2,2,'2025-11-14 07:41:32'),(435,1,2,130,15,53,NULL,2,2,'2025-11-14 07:41:32'),(436,1,2,130,15,46,NULL,4,2,'2025-11-14 07:41:47'),(437,1,2,130,15,47,NULL,4,2,'2025-11-14 07:41:47'),(438,1,2,130,15,48,NULL,4,2,'2025-11-14 07:41:47'),(439,1,2,130,15,49,NULL,4,2,'2025-11-14 07:41:47'),(440,1,2,116,10,42,NULL,4,2,'2025-11-14 07:44:48'),(441,1,2,116,10,43,NULL,4,2,'2025-11-14 07:44:48'),(442,1,2,116,10,44,NULL,4,2,'2025-11-14 07:44:48'),(443,1,2,116,10,45,NULL,4,2,'2025-11-14 07:44:48'),(444,1,2,117,10,46,NULL,4,2,'2025-11-14 07:50:34'),(445,1,2,117,10,47,NULL,4,2,'2025-11-14 07:50:34'),(446,1,2,117,10,48,NULL,4,2,'2025-11-14 07:50:34'),(447,1,2,117,10,49,NULL,4,2,'2025-11-14 07:50:34'),(448,1,2,87,13,1,64,1,1,'2025-11-14 07:54:02'),(449,1,2,87,13,2,64,1,1,'2025-11-14 07:54:02'),(450,1,2,87,13,3,64,1,1,'2025-11-14 07:54:02'),(451,1,2,87,13,4,64,1,1,'2025-11-14 07:54:02'),(452,1,2,87,13,5,64,1,1,'2025-11-14 07:54:02'),(453,1,2,87,13,17,64,1,1,'2025-11-14 07:54:02'),(454,1,2,87,13,18,64,1,1,'2025-11-14 07:54:02'),(455,1,2,87,13,19,64,1,1,'2025-11-14 07:54:02'),(456,1,2,87,13,20,64,1,1,'2025-11-14 07:54:02'),(457,1,2,87,13,21,64,1,1,'2025-11-14 07:54:02'),(458,1,2,87,13,42,63,1,1,'2025-11-14 07:54:02'),(459,1,2,87,13,43,63,1,1,'2025-11-14 07:54:02'),(460,1,2,87,13,44,63,1,1,'2025-11-14 07:54:02'),(461,1,2,87,13,45,63,1,1,'2025-11-14 07:54:02'),(462,1,2,86,13,42,63,1,1,'2025-11-14 07:54:28'),(463,1,2,86,13,43,63,1,1,'2025-11-14 07:54:28'),(464,1,2,86,13,44,63,1,1,'2025-11-14 07:54:28'),(465,1,2,86,13,45,63,1,1,'2025-11-14 07:54:28'),(466,1,2,86,13,46,63,1,1,'2025-11-14 07:54:28'),(467,1,2,86,13,47,63,1,1,'2025-11-14 07:54:28'),(468,1,2,86,13,48,63,1,1,'2025-11-14 07:54:28'),(469,1,2,86,13,49,63,1,1,'2025-11-14 07:54:28'),(470,1,2,88,13,12,63,1,1,'2025-11-14 08:01:23'),(471,1,2,88,13,13,63,1,1,'2025-11-14 08:01:23'),(472,1,2,88,13,14,63,1,1,'2025-11-14 08:01:23'),(473,1,2,88,13,15,63,1,1,'2025-11-14 08:01:23'),(474,1,2,88,13,16,63,1,1,'2025-11-14 08:01:23'),(475,1,2,88,13,46,63,1,1,'2025-11-14 08:01:23'),(476,1,2,88,13,47,63,1,1,'2025-11-14 08:01:23'),(477,1,2,88,13,48,63,1,1,'2025-11-14 08:01:23'),(478,1,2,88,13,49,63,1,1,'2025-11-14 08:01:23'),(479,1,2,88,13,50,63,1,1,'2025-11-14 08:01:23'),(480,1,2,88,13,51,63,1,1,'2025-11-14 08:01:23'),(481,1,2,88,13,52,63,1,1,'2025-11-14 08:01:23'),(482,1,2,88,13,53,63,1,1,'2025-11-14 08:01:23'),(483,1,2,88,25,12,64,1,1,'2025-11-14 08:01:59'),(484,1,2,88,25,13,64,1,1,'2025-11-14 08:01:59'),(485,1,2,88,25,14,64,1,1,'2025-11-14 08:01:59'),(486,1,2,88,25,15,64,1,1,'2025-11-14 08:01:59'),(487,1,2,88,25,16,64,1,1,'2025-11-14 08:01:59'),(488,1,2,88,25,50,63,1,1,'2025-11-14 08:02:16'),(489,1,2,88,25,51,63,1,1,'2025-11-14 08:02:16'),(490,1,2,88,25,52,63,1,1,'2025-11-14 08:02:16'),(491,1,2,88,25,53,63,1,1,'2025-11-14 08:02:16'),(496,1,2,86,25,46,63,1,1,'2025-11-14 08:10:11'),(497,1,2,86,25,47,63,1,1,'2025-11-14 08:10:11'),(498,1,2,86,25,48,63,1,1,'2025-11-14 08:10:11'),(499,1,2,86,25,49,63,1,1,'2025-11-14 08:10:11'),(500,1,2,121,11,50,NULL,4,2,'2025-11-14 08:12:26'),(501,1,2,121,11,51,NULL,4,2,'2025-11-14 08:12:26'),(502,1,2,121,11,52,NULL,4,2,'2025-11-14 08:12:26'),(503,1,2,121,11,53,NULL,4,2,'2025-11-14 08:12:26'),(519,1,2,85,25,42,63,1,1,'2025-11-14 08:24:52'),(520,1,2,85,25,43,63,1,1,'2025-11-14 08:24:52'),(521,1,2,85,25,44,63,1,1,'2025-11-14 08:24:52'),(522,1,2,85,25,45,63,1,1,'2025-11-14 08:24:52'),(523,1,2,85,13,17,64,1,1,'2025-11-14 08:30:37'),(524,1,2,85,13,18,64,1,1,'2025-11-14 08:30:37'),(525,1,2,85,13,19,64,1,1,'2025-11-14 08:30:37'),(526,1,2,85,13,20,64,1,1,'2025-11-14 08:30:37'),(527,1,2,85,13,21,64,1,1,'2025-11-14 08:30:37'),(528,1,2,122,11,42,NULL,3,2,'2025-11-14 08:30:57'),(529,1,2,122,11,43,NULL,3,2,'2025-11-14 08:30:57'),(530,1,2,122,11,44,NULL,3,2,'2025-11-14 08:30:57'),(531,1,2,122,11,45,NULL,3,2,'2025-11-14 08:30:57'),(532,1,2,123,11,46,NULL,5,2,'2025-11-14 08:34:18'),(533,1,2,123,11,47,NULL,5,2,'2025-11-14 08:34:18'),(534,1,2,123,11,48,NULL,5,2,'2025-11-14 08:34:18'),(535,1,2,123,11,49,NULL,5,2,'2025-11-14 08:34:18'),(536,1,2,124,11,46,NULL,2,2,'2025-11-14 08:36:13'),(537,1,2,124,11,47,NULL,2,2,'2025-11-14 08:36:13'),(538,1,2,124,11,48,NULL,2,2,'2025-11-14 08:36:13'),(539,1,2,124,11,49,NULL,2,2,'2025-11-14 08:36:13'),(540,1,2,124,11,50,NULL,2,2,'2025-11-14 08:36:13'),(541,1,2,124,11,51,NULL,2,2,'2025-11-14 08:36:13'),(542,1,2,124,11,52,NULL,2,2,'2025-11-14 08:36:13'),(543,1,2,124,11,53,NULL,2,2,'2025-11-14 08:36:13'),(544,1,2,125,11,42,NULL,4,2,'2025-11-14 08:38:51'),(545,1,2,125,11,43,NULL,4,2,'2025-11-14 08:38:51'),(546,1,2,125,11,44,NULL,4,2,'2025-11-14 08:38:51'),(547,1,2,125,11,45,NULL,4,2,'2025-11-14 08:38:51'),(548,1,2,126,15,42,NULL,4,2,'2025-11-14 08:45:39'),(549,1,2,126,15,43,NULL,4,2,'2025-11-14 08:45:39'),(550,1,2,126,15,44,NULL,4,2,'2025-11-14 08:45:39'),(551,1,2,126,15,45,NULL,4,2,'2025-11-14 08:45:39'),(552,1,2,127,15,42,NULL,2,2,'2025-11-14 08:46:44'),(553,1,2,127,15,43,NULL,2,2,'2025-11-14 08:46:45'),(554,1,2,127,15,44,NULL,2,2,'2025-11-14 08:46:45'),(555,1,2,127,15,45,NULL,2,2,'2025-11-14 08:46:45'),(556,1,2,128,15,50,NULL,2,2,'2025-11-14 08:47:47'),(557,1,2,128,15,51,NULL,2,2,'2025-11-14 08:47:47'),(558,1,2,128,15,52,NULL,2,2,'2025-11-14 08:47:47'),(559,1,2,128,15,53,NULL,2,2,'2025-11-14 08:47:47'),(560,1,2,131,9,42,NULL,4,2,'2025-11-14 08:51:52'),(561,1,2,131,9,43,NULL,4,2,'2025-11-14 08:51:53'),(562,1,2,131,9,44,NULL,4,2,'2025-11-14 08:51:53'),(563,1,2,131,9,45,NULL,4,2,'2025-11-14 08:51:53'),(564,1,2,132,9,42,NULL,2,2,'2025-11-14 08:54:48'),(565,1,2,132,9,43,NULL,2,2,'2025-11-14 08:54:48'),(566,1,2,132,9,44,NULL,2,2,'2025-11-14 08:54:48'),(567,1,2,132,9,45,NULL,2,2,'2025-11-14 08:54:48'),(568,1,2,142,9,46,NULL,2,2,'2025-11-14 08:55:36'),(569,1,2,142,9,47,NULL,2,2,'2025-11-14 08:55:36'),(570,1,2,142,9,48,NULL,2,2,'2025-11-14 08:55:36'),(571,1,2,142,9,49,NULL,2,2,'2025-11-14 08:55:36'),(572,1,2,114,22,42,NULL,1,1,'2025-11-14 08:59:18'),(573,1,2,114,22,43,NULL,1,1,'2025-11-14 08:59:18'),(574,1,2,114,22,44,NULL,1,1,'2025-11-14 08:59:18'),(575,1,2,114,22,45,NULL,1,1,'2025-11-14 08:59:18'),(576,1,2,114,22,46,NULL,1,1,'2025-11-14 08:59:18'),(577,1,2,114,22,47,NULL,1,1,'2025-11-14 08:59:18'),(578,1,2,114,22,48,NULL,1,1,'2025-11-14 08:59:18'),(579,1,2,114,22,49,NULL,1,1,'2025-11-14 08:59:18'),(580,1,2,114,22,50,NULL,1,1,'2025-11-14 08:59:18'),(581,1,2,114,22,51,NULL,1,1,'2025-11-14 08:59:18'),(582,1,2,114,22,52,NULL,1,1,'2025-11-14 08:59:18'),(583,1,2,114,22,53,NULL,1,1,'2025-11-14 08:59:18'),(584,1,2,133,9,42,NULL,2,2,'2025-11-14 09:19:12'),(585,1,2,133,9,43,NULL,2,2,'2025-11-14 09:19:12'),(586,1,2,133,9,44,NULL,2,2,'2025-11-14 09:19:12'),(587,1,2,133,9,45,NULL,2,2,'2025-11-14 09:19:12'),(588,1,2,133,9,46,NULL,2,2,'2025-11-14 09:19:12'),(589,1,2,133,9,47,NULL,2,2,'2025-11-14 09:19:12'),(590,1,2,133,9,48,NULL,2,2,'2025-11-14 09:19:12'),(591,1,2,133,9,49,NULL,2,2,'2025-11-14 09:19:12'),(592,1,2,134,9,46,NULL,2,2,'2025-11-14 09:24:40'),(593,1,2,134,9,47,NULL,2,2,'2025-11-14 09:24:40'),(594,1,2,134,9,48,NULL,2,2,'2025-11-14 09:24:40'),(595,1,2,134,9,49,NULL,2,2,'2025-11-14 09:24:40'),(596,1,2,134,9,50,NULL,2,2,'2025-11-14 09:24:40'),(597,1,2,134,9,51,NULL,2,2,'2025-11-14 09:24:40'),(598,1,2,134,9,52,NULL,2,2,'2025-11-14 09:24:40'),(599,1,2,134,9,53,NULL,2,2,'2025-11-14 09:24:40'),(600,1,2,135,9,46,NULL,2,2,'2025-11-14 09:29:09'),(601,1,2,135,9,47,NULL,2,2,'2025-11-14 09:29:09'),(602,1,2,135,9,48,NULL,2,2,'2025-11-14 09:29:09'),(603,1,2,135,9,49,NULL,2,2,'2025-11-14 09:29:09'),(604,1,2,136,9,50,NULL,4,2,'2025-11-14 09:31:23'),(605,1,2,136,9,51,NULL,4,2,'2025-11-14 09:31:23'),(606,1,2,136,9,52,NULL,4,2,'2025-11-14 09:31:23'),(607,1,2,136,9,53,NULL,4,2,'2025-11-14 09:31:23'),(608,1,2,137,9,50,NULL,2,2,'2025-11-14 09:35:55'),(609,1,2,137,9,51,NULL,2,2,'2025-11-14 09:35:55'),(610,1,2,137,9,52,NULL,2,2,'2025-11-14 09:35:55'),(611,1,2,137,9,53,NULL,2,2,'2025-11-14 09:35:55'),(612,1,2,138,36,46,NULL,2,2,'2025-11-14 09:37:01'),(613,1,2,138,36,47,NULL,2,2,'2025-11-14 09:37:01'),(614,1,2,138,36,48,NULL,2,2,'2025-11-14 09:37:01'),(615,1,2,138,36,49,NULL,2,2,'2025-11-14 09:37:01'),(616,1,2,138,36,50,NULL,2,2,'2025-11-14 09:37:01'),(617,1,2,138,36,51,NULL,2,2,'2025-11-14 09:37:01'),(618,1,2,138,36,52,NULL,2,2,'2025-11-14 09:37:01'),(619,1,2,138,36,53,NULL,2,2,'2025-11-14 09:37:01'),(620,1,2,139,36,42,NULL,2,2,'2025-11-14 09:38:26'),(621,1,2,139,36,43,NULL,2,2,'2025-11-14 09:38:26'),(622,1,2,139,36,44,NULL,2,2,'2025-11-14 09:38:26'),(623,1,2,139,36,45,NULL,2,2,'2025-11-14 09:38:26'),(624,1,2,140,27,42,NULL,2,2,'2025-11-14 09:40:11'),(625,1,2,140,27,43,NULL,2,2,'2025-11-14 09:40:11'),(626,1,2,140,27,44,NULL,2,2,'2025-11-14 09:40:11'),(627,1,2,140,27,45,NULL,2,2,'2025-11-14 09:40:11'),(628,1,2,140,27,46,NULL,2,2,'2025-11-14 09:40:11'),(629,1,2,140,27,47,NULL,2,2,'2025-11-14 09:40:11'),(630,1,2,140,27,48,NULL,2,2,'2025-11-14 09:40:11'),(631,1,2,140,27,49,NULL,2,2,'2025-11-14 09:40:11'),(632,1,2,140,27,50,NULL,2,2,'2025-11-14 09:40:11'),(633,1,2,140,27,51,NULL,2,2,'2025-11-14 09:40:11'),(634,1,2,140,27,52,NULL,2,2,'2025-11-14 09:40:11'),(635,1,2,140,27,53,NULL,2,2,'2025-11-14 09:40:11'),(636,1,2,141,19,50,NULL,2,2,'2025-11-14 09:44:56'),(637,1,2,141,19,51,NULL,2,2,'2025-11-14 09:44:56'),(638,1,2,141,19,52,NULL,2,2,'2025-11-14 09:44:56'),(639,1,2,141,19,53,NULL,2,2,'2025-11-14 09:44:56'),(640,1,2,113,22,42,NULL,2,2,'2025-11-14 09:46:32'),(641,1,2,113,22,43,NULL,2,2,'2025-11-14 09:46:32'),(642,1,2,113,22,44,NULL,2,2,'2025-11-14 09:46:32'),(643,1,2,113,22,45,NULL,2,2,'2025-11-14 09:46:32'),(644,1,2,113,22,46,NULL,2,2,'2025-11-14 09:46:32'),(645,1,2,113,22,47,NULL,2,2,'2025-11-14 09:46:32'),(646,1,2,113,22,48,NULL,2,2,'2025-11-14 09:46:32'),(647,1,2,113,22,49,NULL,2,2,'2025-11-14 09:46:32'),(648,1,2,113,22,50,NULL,2,2,'2025-11-14 09:46:32'),(649,1,2,113,22,51,NULL,2,2,'2025-11-14 09:46:32'),(650,1,2,113,22,52,NULL,2,2,'2025-11-14 09:46:32'),(651,1,2,113,22,53,NULL,2,2,'2025-11-14 09:46:32'),(652,1,2,89,25,1,64,1,1,'2025-11-17 07:44:58'),(653,1,2,89,25,2,64,1,1,'2025-11-17 07:44:58'),(654,1,2,89,25,3,64,1,1,'2025-11-17 07:44:58'),(655,1,2,89,25,4,64,1,1,'2025-11-17 07:44:58'),(656,1,2,89,25,5,64,1,1,'2025-11-17 07:44:58'),(657,1,2,89,13,30,115,1,1,'2025-11-17 07:46:38'),(658,1,2,89,13,31,115,1,1,'2025-11-17 07:46:38'),(659,1,2,89,13,32,115,1,1,'2025-11-17 07:46:38'),(660,1,2,89,13,33,115,1,1,'2025-11-17 07:46:38'),(661,1,2,89,13,34,115,1,1,'2025-11-17 07:46:38'),(662,1,2,89,13,35,115,1,1,'2025-11-17 07:46:38'),(663,1,2,89,13,36,115,1,1,'2025-11-17 07:46:38'),(664,1,2,89,13,37,115,1,1,'2025-11-17 07:46:38'),(665,1,2,89,13,38,115,1,1,'2025-11-17 07:46:38'),(666,1,2,89,13,39,115,1,1,'2025-11-17 07:46:38'),(667,1,2,89,13,40,115,1,1,'2025-11-17 07:46:38'),(668,1,2,89,13,41,115,1,1,'2025-11-17 07:46:38'),(669,1,2,89,13,59,115,1,1,'2025-11-17 07:46:38'),(670,1,2,89,13,60,115,1,1,'2025-11-17 07:46:38'),(671,1,2,89,13,61,115,1,1,'2025-11-17 07:46:38');
/*!40000 ALTER TABLE `teaching_loads` ENABLE KEYS */;
UNLOCK TABLES;

--
-- Table structure for table `terms`
--

DROP TABLE IF EXISTS `terms`;
/*!40101 SET @saved_cs_client     = @@character_set_client */;
/*!40101 SET character_set_client = utf8 */;
CREATE TABLE `terms` (
  `id` int(10) unsigned NOT NULL AUTO_INCREMENT,
  `academic_year_id` int(10) unsigned NOT NULL,
  `term_no` tinyint(3) unsigned NOT NULL,
  PRIMARY KEY (`id`),
  UNIQUE KEY `uniq_year_term` (`academic_year_id`,`term_no`),
  CONSTRAINT `fk_terms_year` FOREIGN KEY (`academic_year_id`) REFERENCES `academic_years` (`id`) ON DELETE CASCADE
) ENGINE=InnoDB AUTO_INCREMENT=5 DEFAULT CHARSET=utf8mb4 COLLATE=utf8mb4_general_ci;
/*!40101 SET character_set_client = @saved_cs_client */;

--
-- Dumping data for table `terms`
--

LOCK TABLES `terms` WRITE;
/*!40000 ALTER TABLE `terms` DISABLE KEYS */;
INSERT INTO `terms` VALUES (1,1,1),(2,1,2),(3,2,1),(4,2,2);
/*!40000 ALTER TABLE `terms` ENABLE KEYS */;
UNLOCK TABLES;

--
-- Table structure for table `timetable_slot_teachers`
--

DROP TABLE IF EXISTS `timetable_slot_teachers`;
/*!40101 SET @saved_cs_client     = @@character_set_client */;
/*!40101 SET character_set_client = utf8 */;
CREATE TABLE `timetable_slot_teachers` (
  `id` int(10) unsigned NOT NULL AUTO_INCREMENT,
  `slot_id` int(10) unsigned NOT NULL,
  `teacher_id` int(10) unsigned NOT NULL,
  PRIMARY KEY (`id`),
  UNIQUE KEY `uniq_slot_teacher` (`slot_id`,`teacher_id`),
  KEY `idx_slot` (`slot_id`),
  KEY `idx_teacher` (`teacher_id`),
  CONSTRAINT `fk_tst_slot` FOREIGN KEY (`slot_id`) REFERENCES `timetable_slots` (`id`) ON DELETE CASCADE ON UPDATE CASCADE,
  CONSTRAINT `fk_tst_teacher` FOREIGN KEY (`teacher_id`) REFERENCES `teachers` (`id`) ON DELETE CASCADE ON UPDATE CASCADE
) ENGINE=InnoDB AUTO_INCREMENT=3683 DEFAULT CHARSET=utf8mb4 COLLATE=utf8mb4_general_ci;
/*!40101 SET character_set_client = @saved_cs_client */;

--
-- Dumping data for table `timetable_slot_teachers`
--

LOCK TABLES `timetable_slot_teachers` WRITE;
/*!40000 ALTER TABLE `timetable_slot_teachers` DISABLE KEYS */;
INSERT INTO `timetable_slot_teachers` VALUES (2843,2723,64),(2844,2724,64),(2845,2725,64),(2846,2726,64),(2847,2727,64),(2848,2728,64),(2849,2729,64),(2850,2730,64),(2851,2731,64),(2852,2732,64),(2853,2733,64),(2854,2734,64),(2855,2735,112),(2856,2736,112),(2857,2737,112),(2858,2738,112),(2861,2741,112),(2862,2742,112),(2863,2743,112),(2864,2744,112),(2865,2745,112),(2866,2746,112),(2867,2747,112),(2868,2748,112),(2869,2749,112),(2870,2750,112),(2871,2751,112),(2872,2752,112),(2873,2753,112),(2874,2754,112),(2875,2755,112),(2876,2756,112),(2877,2757,112),(2878,2758,112),(2879,2759,112),(2880,2760,112),(2881,2761,112),(2882,2762,112),(2883,2763,112),(2884,2764,112),(2885,2765,112),(2886,2766,112),(2887,2767,112),(2888,2768,112),(2890,2770,64),(2891,2771,64),(2892,2772,64),(2893,2773,64),(2894,2774,64),(2895,2775,34),(2896,2776,34),(2897,2777,34),(2898,2777,36),(2899,2778,34),(2900,2778,36),(2901,2779,34),(2902,2779,36),(2903,2780,34),(2904,2780,36),(2905,2781,34),(2906,2781,35),(2907,2782,34),(2908,2783,34),(2909,2784,34),(2910,2785,34),(2911,2786,34),(2912,2787,34),(2913,2788,34),(2914,2789,34),(2915,2789,35),(2916,2790,34),(2917,2790,35),(2918,2791,34),(2919,2792,34),(2920,2793,36),(2921,2794,36),(2922,2795,36),(2923,2796,36),(2924,2797,36),(2926,2799,36),(2927,2800,36),(2928,2801,36),(2929,2802,36),(2930,2803,36),(2931,2804,51),(2932,2805,51),(2933,2806,51),(2934,2807,51),(2935,2808,51),(2936,2809,51),(2938,2811,51),(2939,2812,51),(2940,2813,51),(2941,2814,51),(2942,2815,51),(2943,2816,51),(2944,2817,51),(2945,2818,51),(2946,2819,51),(2947,2820,51),(2948,2821,51),(2949,2822,51),(2950,2823,36),(2951,2824,36),(2952,2825,36),(2953,2826,36),(2954,2827,36),(2955,2828,36),(2956,2829,36),(2957,2830,35),(2958,2831,35),(2959,2832,35),(2960,2833,35),(2961,2834,35),(2962,2835,35),(2963,2836,35),(2964,2837,35),(2965,2838,35),(2966,2839,35),(2967,2840,35),(2968,2841,35),(2969,2842,35),(2970,2843,35),(2971,2844,35),(2972,2845,35),(2973,2846,35),(2974,2847,73),(2975,2848,73),(2976,2849,73),(2977,2850,73),(2978,2851,73),(2979,2852,73),(2980,2853,73),(2981,2854,73),(2982,2855,73),(2983,2856,73),(2984,2857,73),(2985,2858,73),(2986,2859,73),(2987,2860,73),(2988,2861,73),(2989,2862,73),(2990,2863,73),(2991,2864,73),(2992,2865,73),(2993,2866,77),(2994,2867,77),(2995,2868,77),(2996,2869,77),(2997,2870,77),(2998,2871,77),(2999,2872,77),(3000,2873,77),(3001,2874,77),(3002,2875,77),(3003,2876,77),(3004,2877,77),(3005,2878,77),(3006,2879,77),(3007,2880,77),(3008,2881,77),(3009,2882,77),(3010,2883,77),(3011,2884,77),(3012,2885,81),(3013,2886,81),(3014,2887,81),(3015,2888,81),(3016,2889,81),(3017,2890,81),(3018,2891,81),(3019,2892,81),(3020,2893,81),(3021,2894,81),(3022,2895,81),(3023,2896,81),(3024,2897,81),(3025,2898,81),(3026,2899,81),(3027,2900,81),(3028,2901,14),(3029,2902,14),(3030,2903,14),(3031,2904,14),(3032,2905,14),(3033,2906,14),(3034,2907,14),(3035,2908,14),(3036,2909,14),(3037,2910,14),(3038,2911,14),(3039,2912,14),(3040,2913,14),(3041,2914,14),(3042,2915,14),(3043,2916,14),(3044,2917,14),(3045,2918,14),(3046,2919,14),(3047,2920,17),(3048,2921,17),(3049,2922,17),(3050,2923,17),(3051,2924,17),(3052,2925,17),(3053,2926,17),(3054,2927,17),(3055,2928,17),(3056,2929,17),(3057,2930,17),(3058,2931,17),(3059,2932,17),(3060,2933,17),(3061,2934,17),(3062,2935,17),(3063,2936,17),(3064,2937,17),(3065,2938,17),(3066,2939,17),(3067,2940,12),(3068,2941,12),(3069,2942,12),(3070,2943,12),(3071,2944,12),(3072,2945,12),(3073,2946,12),(3074,2947,12),(3075,2948,12),(3076,2949,12),(3077,2950,12),(3078,2951,12),(3079,2952,12),(3080,2953,12),(3081,2954,12),(3082,2955,12),(3083,2956,12),(3084,2957,12),(3085,2958,12),(3086,2959,12),(3087,2960,53),(3088,2961,53),(3089,2962,53),(3090,2963,53),(3091,2964,53),(3092,2965,53),(3093,2966,53),(3094,2967,53),(3095,2968,53),(3096,2969,53),(3097,2970,53),(3098,2971,53),(3099,2972,57),(3100,2973,57),(3101,2974,57),(3102,2975,57),(3103,2976,57),(3105,2978,57),(3106,2979,57),(3107,2980,57),(3108,2981,57),(3109,2982,57),(3110,2983,57),(3111,2984,57),(3112,2985,57),(3113,2986,57),(3114,2987,57),(3115,2988,57),(3116,2989,57),(3117,2990,57),(3118,2991,57),(3119,2992,143),(3120,2993,143),(3121,2994,143),(3122,2995,143),(3123,2996,143),(3124,2997,143),(3125,2998,143),(3126,2999,143),(3127,3000,143),(3128,3001,144),(3129,3002,144),(3130,3003,144),(3131,3004,144),(3132,3005,144),(3133,3006,144),(3134,3007,144),(3135,3008,144),(3136,3009,144),(3137,3010,144),(3138,3011,144),(3139,3012,144),(3140,3013,144),(3141,3014,144),(3142,3015,144),(3143,3016,144),(3144,3017,115),(3145,3018,115),(3146,3019,115),(3147,3020,115),(3148,3021,115),(3149,3022,115),(3150,3023,115),(3151,3024,115),(3152,3025,115),(3153,3026,115),(3154,3027,115),(3155,3028,115),(3156,3029,115),(3157,3030,115),(3158,3031,115),(3159,3032,115),(3160,3033,129),(3161,3034,129),(3162,3035,129),(3163,3036,129),(3164,3037,129),(3165,3038,129),(3166,3039,129),(3167,3040,129),(3168,3041,129),(3169,3042,129),(3170,3043,129),(3171,3044,129),(3172,3045,129),(3175,3048,129),(3176,3049,129),(3177,3050,129),(3178,3051,129),(3179,3052,129),(3180,3053,129),(3181,3054,129),(3182,3055,129),(3183,3056,129),(3184,3057,129),(3185,3058,129),(3186,3059,118),(3187,3060,118),(3188,3061,118),(3189,3062,118),(3190,3063,118),(3191,3064,118),(3192,3065,118),(3193,3066,118),(3194,3067,118),(3195,3068,118),(3196,3069,118),(3197,3070,118),(3198,3071,118),(3199,3072,118),(3200,3073,118),(3201,3074,118),(3202,3075,130),(3203,3076,130),(3204,3077,130),(3205,3078,130),(3206,3079,130),(3207,3080,130),(3208,3081,130),(3209,3082,130),(3210,3083,130),(3211,3084,130),(3212,3085,130),(3213,3086,130),(3214,3087,130),(3215,3088,130),(3216,3089,130),(3217,3090,130),(3218,3091,130),(3219,3092,130),(3220,3093,130),(3221,3094,130),(3222,3095,130),(3223,3096,130),(3224,3097,130),(3225,3098,130),(3226,3099,116),(3227,3100,116),(3228,3101,116),(3229,3102,116),(3230,3103,116),(3231,3104,116),(3232,3105,116),(3233,3106,116),(3234,3107,116),(3235,3108,116),(3236,3109,116),(3237,3110,116),(3238,3111,116),(3239,3112,116),(3240,3113,116),(3241,3114,116),(3244,3117,87),(3245,3118,87),(3246,3119,87),(3247,3120,87),(3248,3121,87),(3250,3122,86),(3249,3122,87),(3251,3123,87),(3252,3124,87),(3253,3125,87),(3254,3126,87),(3255,3127,87),(3257,3128,86),(3256,3128,87),(3259,3129,86),(3258,3129,87),(3261,3130,86),(3260,3130,87),(3262,3131,88),(3263,3132,88),(3264,3133,88),(3265,3134,88),(3266,3135,88),(3267,3136,88),(3269,3138,88),(3271,3140,88),(3273,3142,88),(3274,3143,117),(3275,3144,117),(3277,3146,117),(3278,3147,117),(3279,3148,117),(3280,3149,117),(3282,3150,86),(3281,3150,88),(3283,3151,117),(3284,3152,117),(3285,3153,117),(3286,3154,117),(3287,3155,117),(3288,3156,117),(3290,3157,86),(3289,3157,88),(3291,3158,117),(3293,3159,86),(3292,3159,88),(3294,3160,117),(3295,3161,117),(3296,3162,117),(3298,3163,86),(3297,3163,88),(3322,3187,121),(3323,3188,121),(3324,3189,121),(3325,3190,121),(3326,3191,121),(3327,3192,121),(3328,3193,121),(3329,3194,121),(3330,3195,121),(3331,3196,121),(3332,3197,121),(3333,3198,121),(3334,3199,121),(3335,3200,121),(3336,3201,121),(3337,3202,121),(3338,3203,85),(3339,3204,85),(3340,3205,85),(3341,3206,85),(3342,3207,85),(3347,3212,122),(3348,3213,122),(3349,3214,122),(3350,3215,122),(3351,3216,122),(3352,3217,122),(3353,3218,122),(3354,3219,122),(3355,3220,122),(3356,3221,122),(3357,3222,122),(3358,3223,122),(3359,3224,123),(3360,3225,123),(3361,3226,123),(3362,3227,123),(3363,3228,123),(3364,3229,123),(3365,3230,123),(3366,3231,123),(3367,3232,123),(3368,3233,123),(3369,3234,123),(3370,3235,123),(3371,3236,123),(3372,3237,123),(3373,3238,123),(3374,3239,123),(3375,3240,123),(3376,3241,123),(3377,3242,123),(3378,3243,123),(3379,3244,124),(3380,3245,124),(3381,3246,124),(3382,3247,124),(3383,3248,124),(3384,3249,124),(3385,3250,124),(3386,3251,124),(3387,3252,124),(3388,3253,124),(3389,3254,124),(3390,3255,124),(3391,3256,124),(3392,3257,124),(3393,3258,124),(3394,3259,124),(3395,3260,125),(3396,3261,125),(3397,3262,125),(3398,3263,125),(3399,3264,125),(3400,3265,125),(3401,3266,125),(3402,3267,125),(3403,3268,125),(3404,3269,125),(3405,3270,125),(3406,3271,125),(3407,3272,125),(3408,3273,125),(3409,3274,125),(3410,3275,125),(3411,3276,126),(3412,3277,126),(3413,3278,126),(3414,3279,126),(3415,3280,126),(3416,3281,126),(3417,3282,126),(3418,3283,126),(3419,3284,126),(3420,3285,126),(3421,3286,126),(3422,3287,126),(3423,3288,126),(3424,3289,126),(3425,3290,126),(3426,3291,126),(3427,3292,127),(3428,3293,127),(3429,3294,127),(3430,3295,127),(3431,3296,127),(3432,3297,127),(3433,3298,127),(3434,3299,127),(3435,3300,128),(3436,3301,128),(3437,3302,128),(3438,3303,128),(3439,3304,128),(3440,3305,128),(3441,3306,128),(3442,3307,128),(3443,3308,131),(3444,3309,131),(3445,3310,131),(3446,3311,131),(3449,3314,131),(3450,3315,131),(3451,3316,131),(3452,3317,131),(3453,3318,131),(3454,3319,131),(3455,3320,131),(3456,3321,131),(3457,3322,131),(3458,3323,131),(3459,3324,131),(3460,3325,131),(3461,3326,132),(3462,3327,132),(3463,3328,132),(3464,3329,132),(3465,3330,132),(3466,3331,132),(3467,3332,132),(3468,3333,132),(3469,3334,142),(3470,3335,142),(3471,3336,142),(3472,3337,142),(3473,3338,142),(3474,3339,142),(3475,3340,142),(3476,3341,142),(3477,3342,114),(3478,3343,114),(3479,3344,114),(3480,3345,114),(3481,3346,114),(3482,3347,114),(3483,3348,114),(3484,3349,114),(3485,3350,114),(3486,3351,114),(3487,3352,114),(3488,3353,114),(3489,3354,133),(3490,3355,133),(3491,3356,133),(3492,3357,133),(3493,3358,133),(3494,3359,133),(3495,3360,133),(3496,3361,133),(3497,3362,133),(3498,3363,133),(3499,3364,133),(3500,3365,133),(3501,3366,133),(3502,3367,133),(3503,3368,133),(3504,3369,133),(3505,3370,134),(3506,3371,134),(3507,3372,134),(3508,3373,134),(3509,3374,134),(3510,3375,134),(3511,3376,134),(3512,3377,134),(3513,3378,134),(3514,3379,134),(3515,3380,134),(3516,3381,134),(3517,3382,134),(3518,3383,134),(3519,3384,134),(3520,3385,134),(3521,3386,135),(3522,3387,135),(3523,3388,135),(3524,3389,135),(3525,3390,135),(3526,3391,135),(3527,3392,135),(3528,3393,135),(3529,3394,136),(3530,3395,136),(3531,3396,136),(3532,3397,136),(3533,3398,136),(3534,3399,136),(3535,3400,136),(3536,3401,136),(3537,3402,136),(3538,3403,136),(3539,3404,136),(3540,3405,136),(3541,3406,136),(3542,3407,136),(3543,3408,136),(3544,3409,136),(3545,3410,137),(3546,3411,137),(3547,3412,137),(3548,3413,137),(3549,3414,137),(3550,3415,137),(3551,3416,137),(3552,3417,137),(3553,3418,138),(3554,3419,138),(3555,3420,138),(3556,3421,138),(3557,3422,138),(3558,3423,138),(3559,3424,138),(3560,3425,138),(3561,3426,138),(3562,3427,138),(3563,3428,138),(3564,3429,138),(3565,3430,138),(3566,3431,138),(3567,3432,138),(3568,3433,138),(3569,3434,139),(3570,3435,139),(3571,3436,139),(3572,3437,139),(3573,3438,139),(3574,3439,139),(3575,3440,139),(3576,3441,139),(3577,3442,140),(3578,3443,140),(3579,3444,140),(3580,3445,140),(3581,3446,140),(3582,3447,140),(3583,3448,140),(3584,3449,140),(3585,3450,140),(3586,3451,140),(3587,3452,140),(3588,3453,140),(3589,3454,140),(3590,3455,140),(3591,3456,140),(3592,3457,140),(3593,3458,140),(3594,3459,140),(3595,3460,140),(3596,3461,140),(3597,3462,140),(3598,3463,140),(3599,3464,140),(3600,3465,140),(3601,3466,141),(3602,3467,141),(3603,3468,141),(3604,3469,141),(3605,3470,141),(3606,3471,141),(3607,3472,141),(3608,3473,141),(3609,3474,113),(3610,3475,113),(3611,3476,113),(3612,3477,113),(3613,3478,113),(3614,3479,113),(3615,3480,113),(3616,3481,113),(3617,3482,113),(3618,3483,113),(3619,3484,113),(3620,3485,113),(3621,3486,113),(3622,3487,113),(3623,3488,113),(3624,3489,113),(3625,3490,113),(3626,3491,113),(3627,3492,113),(3628,3493,113),(3629,3494,113),(3630,3495,113),(3631,3496,113),(3632,3497,113),(3633,3498,85),(3634,3499,85),(3635,3500,85),(3636,3501,85),(3637,3502,67),(3638,3503,67),(3639,3504,67),(3640,3505,67),(3641,3506,67),(3642,3507,67),(3643,3508,67),(3644,3509,67),(3645,3510,67),(3646,3511,67),(3647,3512,67),(3648,3513,67),(3649,3514,86),(3650,3515,86),(3651,3516,86),(3652,3517,86),(3653,3518,88),(3654,3519,88),(3655,3520,88),(3656,3521,88),(3657,3522,88),(3658,3523,88),(3659,3524,88),(3660,3525,88),(3661,3526,88),(3662,3527,89),(3663,3528,89),(3664,3529,89),(3665,3530,89),(3666,3531,64),(3667,3532,89),(3668,3533,89),(3669,3534,89),(3670,3535,89),(3671,3536,89),(3672,3537,89),(3673,3538,89),(3674,3539,89),(3675,3540,89),(3676,3541,89),(3677,3542,89),(3678,3543,89),(3679,3544,89),(3680,3545,89),(3681,3546,89),(3682,3547,89);
/*!40000 ALTER TABLE `timetable_slot_teachers` ENABLE KEYS */;
UNLOCK TABLES;

--
-- Table structure for table `timetable_slots`
--

DROP TABLE IF EXISTS `timetable_slots`;
/*!40101 SET @saved_cs_client     = @@character_set_client */;
/*!40101 SET character_set_client = utf8 */;
CREATE TABLE `timetable_slots` (
  `id` int(10) unsigned NOT NULL AUTO_INCREMENT,
  `academic_year_id` int(10) unsigned NOT NULL,
  `term_no` tinyint(3) unsigned NOT NULL,
  `day_of_week` tinyint(3) unsigned NOT NULL,
  `period_no` tinyint(3) unsigned NOT NULL,
  `class_id` int(10) unsigned NOT NULL,
  `teacher_id` int(10) unsigned NOT NULL,
  `subject_name` varchar(200) NOT NULL,
  `room_id` int(10) unsigned DEFAULT NULL,
  `source` enum('manual','auto') DEFAULT 'manual',
  `activity_id` int(10) unsigned DEFAULT NULL,
  `created_at` timestamp NOT NULL DEFAULT current_timestamp(),
  PRIMARY KEY (`id`),
  UNIQUE KEY `uniq_cell` (`academic_year_id`,`term_no`,`day_of_week`,`period_no`,`class_id`),
  KEY `idx_teacher_time` (`teacher_id`,`academic_year_id`,`term_no`,`day_of_week`,`period_no`),
  KEY `fk_tt_class` (`class_id`),
  KEY `fk_tt_room` (`room_id`),
  CONSTRAINT `fk_tt_class` FOREIGN KEY (`class_id`) REFERENCES `classes` (`id`) ON DELETE CASCADE,
  CONSTRAINT `fk_tt_room` FOREIGN KEY (`room_id`) REFERENCES `rooms` (`id`) ON DELETE SET NULL,
  CONSTRAINT `fk_tt_teacher` FOREIGN KEY (`teacher_id`) REFERENCES `teachers` (`id`) ON DELETE CASCADE,
  CONSTRAINT `fk_tt_year` FOREIGN KEY (`academic_year_id`) REFERENCES `academic_years` (`id`) ON DELETE CASCADE
) ENGINE=InnoDB AUTO_INCREMENT=3548 DEFAULT CHARSET=utf8mb4 COLLATE=utf8mb4_general_ci;
/*!40101 SET character_set_client = @saved_cs_client */;

--
-- Dumping data for table `timetable_slots`
--

LOCK TABLES `timetable_slots` WRITE;
/*!40000 ALTER TABLE `timetable_slots` DISABLE KEYS */;
INSERT INTO `timetable_slots` VALUES (2723,1,2,2,2,50,64,'ศิลปะ - ศิลปะ',NULL,'manual',NULL,'2025-11-14 02:24:31'),(2724,1,2,2,3,51,64,'ศิลปะ - ศิลปะ',NULL,'manual',NULL,'2025-11-14 02:24:37'),(2725,1,2,2,4,52,64,'ศิลปะ - ศิลปะ',NULL,'manual',NULL,'2025-11-14 02:24:40'),(2726,1,2,2,8,53,64,'ศิลปะ - ศิลปะ',NULL,'manual',NULL,'2025-11-14 02:24:44'),(2727,1,2,3,1,48,64,'ศิลปะ - ศิลปะ',NULL,'manual',NULL,'2025-11-14 02:24:58'),(2728,1,2,3,2,46,64,'ศิลปะ - ศิลปะ',NULL,'manual',NULL,'2025-11-14 02:25:02'),(2729,1,2,3,5,47,64,'ศิลปะ - ศิลปะ',NULL,'manual',NULL,'2025-11-14 02:25:09'),(2730,1,2,5,3,45,64,'ศิลปะ - ศิลปะ',NULL,'manual',NULL,'2025-11-14 02:25:21'),(2731,1,2,4,4,44,64,'ศิลปะ - ศิลปะ',NULL,'manual',NULL,'2025-11-14 02:25:41'),(2732,1,2,4,9,43,64,'ศิลปะ - ศิลปะ',NULL,'manual',NULL,'2025-11-14 02:25:49'),(2733,1,2,5,5,49,64,'ศิลปะ - ศิลปะ',NULL,'manual',NULL,'2025-11-14 02:26:03'),(2734,1,2,5,6,42,64,'ศิลปะ - ศิลปะ',NULL,'manual',NULL,'2025-11-14 02:26:11'),(2735,1,2,2,1,46,112,'ภาษาอังกฤษ - ภาษาอังกฤษ',NULL,'manual',NULL,'2025-11-14 05:24:16'),(2736,1,2,2,2,46,112,'ภาษาอังกฤษ - ภาษาอังกฤษ',NULL,'manual',NULL,'2025-11-14 05:24:16'),(2737,1,2,2,3,47,112,'ภาษาอังกฤษ - ภาษาอังกฤษ',NULL,'manual',NULL,'2025-11-14 05:24:22'),(2738,1,2,2,4,47,112,'ภาษาอังกฤษ - ภาษาอังกฤษ',NULL,'manual',NULL,'2025-11-14 05:24:22'),(2741,1,2,2,5,48,112,'ภาษาอังกฤษ - ภาษาอังกฤษ',NULL,'manual',NULL,'2025-11-14 05:26:17'),(2742,1,2,2,8,49,112,'ภาษาอังกฤษ - ภาษาอังกฤษ',NULL,'manual',NULL,'2025-11-14 05:27:21'),(2743,1,2,2,9,49,112,'ภาษาอังกฤษ - ภาษาอังกฤษ',NULL,'manual',NULL,'2025-11-14 05:27:21'),(2744,1,2,3,1,42,112,'ภาษาอังกฤษ - ภาษาอังกฤษ',NULL,'manual',NULL,'2025-11-14 05:27:27'),(2745,1,2,3,2,42,112,'ภาษาอังกฤษ - ภาษาอังกฤษ',NULL,'manual',NULL,'2025-11-14 05:27:27'),(2746,1,2,3,3,43,112,'ภาษาอังกฤษ - ภาษาอังกฤษ',NULL,'manual',NULL,'2025-11-14 05:27:32'),(2747,1,2,3,4,43,112,'ภาษาอังกฤษ - ภาษาอังกฤษ',NULL,'manual',NULL,'2025-11-14 05:27:32'),(2748,1,2,3,6,44,112,'ภาษาอังกฤษ - ภาษาอังกฤษ',NULL,'manual',NULL,'2025-11-14 05:27:37'),(2749,1,2,3,7,44,112,'ภาษาอังกฤษ - ภาษาอังกฤษ',NULL,'manual',NULL,'2025-11-14 05:27:37'),(2750,1,2,3,8,45,112,'ภาษาอังกฤษ - ภาษาอังกฤษ',NULL,'manual',NULL,'2025-11-14 05:27:40'),(2751,1,2,3,9,45,112,'ภาษาอังกฤษ - ภาษาอังกฤษ',NULL,'manual',NULL,'2025-11-14 05:27:41'),(2752,1,2,2,7,48,112,'ภาษาอังกฤษ - ภาษาอังกฤษ',NULL,'manual',NULL,'2025-11-14 05:34:11'),(2753,1,2,5,1,50,112,'ภาษาอังกฤษ - ภาษาอังกฤษ',NULL,'manual',NULL,'2025-11-14 05:34:27'),(2754,1,2,5,2,50,112,'ภาษาอังกฤษ - ภาษาอังกฤษ',NULL,'manual',NULL,'2025-11-14 05:34:27'),(2755,1,2,5,3,51,112,'ภาษาอังกฤษ - ภาษาอังกฤษ',NULL,'manual',NULL,'2025-11-14 05:34:33'),(2756,1,2,5,4,51,112,'ภาษาอังกฤษ - ภาษาอังกฤษ',NULL,'manual',NULL,'2025-11-14 05:34:33'),(2757,1,2,5,5,52,112,'ภาษาอังกฤษ - ภาษาอังกฤษ',NULL,'manual',NULL,'2025-11-14 05:35:47'),(2758,1,2,5,7,52,112,'ภาษาอังกฤษ - ภาษาอังกฤษ',NULL,'manual',NULL,'2025-11-14 05:35:53'),(2759,1,2,5,8,53,112,'ภาษาอังกฤษ - ภาษาอังกฤษ',NULL,'manual',NULL,'2025-11-14 05:35:56'),(2760,1,2,5,9,53,112,'ภาษาอังกฤษ - ภาษาอังกฤษ',NULL,'manual',NULL,'2025-11-14 05:35:56'),(2761,1,2,7,1,42,112,'ภาษาอังกฤษ - ภาษาอังกฤษ',NULL,'manual',NULL,'2025-11-14 05:36:06'),(2762,1,2,7,2,42,112,'ภาษาอังกฤษ - ภาษาอังกฤษ',NULL,'manual',NULL,'2025-11-14 05:36:06'),(2763,1,2,7,3,43,112,'ภาษาอังกฤษ - ภาษาอังกฤษ',NULL,'manual',NULL,'2025-11-14 05:36:10'),(2764,1,2,7,4,43,112,'ภาษาอังกฤษ - ภาษาอังกฤษ',NULL,'manual',NULL,'2025-11-14 05:36:10'),(2765,1,2,7,6,44,112,'ภาษาอังกฤษ - ภาษาอังกฤษ',NULL,'manual',NULL,'2025-11-14 05:36:15'),(2766,1,2,7,7,44,112,'ภาษาอังกฤษ - ภาษาอังกฤษ',NULL,'manual',NULL,'2025-11-14 05:36:15'),(2767,1,2,7,8,45,112,'ภาษาอังกฤษ - ภาษาอังกฤษ',NULL,'manual',NULL,'2025-11-14 05:36:19'),(2768,1,2,7,9,45,112,'ภาษาอังกฤษ - ภาษาอังกฤษ',NULL,'manual',NULL,'2025-11-14 05:36:19'),(2770,1,2,3,3,4,64,'ศิลปะ - ศิลปะ',NULL,'manual',NULL,'2025-11-14 05:45:20'),(2771,1,2,5,1,1,64,'ศิลปะ - ศิลปะ',NULL,'manual',NULL,'2025-11-14 05:45:37'),(2772,1,2,5,2,2,64,'ศิลปะ - ศิลปะ',NULL,'manual',NULL,'2025-11-14 05:45:42'),(2773,1,2,5,7,3,64,'ศิลปะ - ศิลปะ',NULL,'manual',NULL,'2025-11-14 05:46:54'),(2774,1,2,5,8,2,64,'แนะแนว - แนะแนว',NULL,'manual',NULL,'2025-11-14 05:47:38'),(2775,1,2,1,6,21,34,'โครงงาน - โครงงาน',NULL,'manual',NULL,'2025-11-14 05:57:57'),(2776,1,2,1,9,19,34,'วิทย์เสริม - วิทย์เสริม',NULL,'manual',NULL,'2025-11-14 05:58:07'),(2777,1,2,2,1,43,34,'โครงงาน - โครงงาน',NULL,'manual',NULL,'2025-11-14 05:58:13'),(2778,1,2,2,3,44,34,'โครงงาน - โครงงาน',NULL,'manual',NULL,'2025-11-14 05:58:21'),(2779,1,2,2,6,45,34,'โครงงาน - โครงงาน',NULL,'manual',NULL,'2025-11-14 05:58:31'),(2780,1,2,2,8,42,34,'โครงงาน - โครงงาน',NULL,'manual',NULL,'2025-11-14 05:58:37'),(2781,1,2,3,3,49,34,'โครงงาน - โครงงาน',NULL,'manual',NULL,'2025-11-14 06:00:09'),(2782,1,2,3,8,17,34,'วิทย์เสริม - วิทย์เสริม',NULL,'manual',NULL,'2025-11-14 06:00:19'),(2783,1,2,3,9,20,34,'วิทย์เสริม - วิทย์เสริม',NULL,'manual',NULL,'2025-11-14 06:00:26'),(2784,1,2,4,2,20,34,'โครงงาน - โครงงาน',NULL,'manual',NULL,'2025-11-14 06:00:36'),(2785,1,2,4,6,21,34,'วิทย์เสริม - วิทย์เสริม',NULL,'manual',NULL,'2025-11-14 06:00:43'),(2786,1,2,4,7,18,34,'วิทย์เสริม - วิทย์เสริม',NULL,'manual',NULL,'2025-11-14 06:00:50'),(2787,1,2,4,8,19,34,'โครงงาน - โครงงาน',NULL,'manual',NULL,'2025-11-14 06:01:04'),(2788,1,2,4,9,17,34,'โครงงาน - โครงงาน',NULL,'manual',NULL,'2025-11-14 06:01:08'),(2789,1,2,5,1,47,34,'โครงงาน - โครงงาน',NULL,'manual',NULL,'2025-11-14 06:01:53'),(2790,1,2,5,4,48,34,'โครงงาน - โครงงาน',NULL,'manual',NULL,'2025-11-14 06:01:59'),(2791,1,2,5,7,18,34,'โครงงาน - โครงงาน',NULL,'manual',NULL,'2025-11-14 06:03:03'),(2792,1,2,5,9,46,34,'โครงงาน - โครงงาน',NULL,'manual',NULL,'2025-11-14 06:03:09'),(2793,1,2,1,1,41,36,'วิทยาศาสตร์ - วิทยาศาสตร์',NULL,'manual',NULL,'2025-11-14 06:05:54'),(2794,1,2,1,4,38,36,'วิทยาศาสตร์ - วิทยาศาสตร์',NULL,'manual',NULL,'2025-11-14 06:06:01'),(2795,1,2,1,7,39,36,'วิทยาศาสตร์ - วิทยาศาสตร์',NULL,'manual',NULL,'2025-11-14 06:06:08'),(2796,1,2,1,9,40,36,'วิทยาศาสตร์ - วิทยาศาสตร์',NULL,'manual',NULL,'2025-11-14 06:06:14'),(2797,1,2,3,1,40,36,'โครงงาน - โครงงาน',NULL,'manual',NULL,'2025-11-14 06:07:19'),(2799,1,2,3,3,41,36,'โครงงาน - โครงงาน',NULL,'manual',NULL,'2025-11-14 06:07:31'),(2800,1,2,3,4,38,36,'โครงงาน - โครงงาน',NULL,'manual',NULL,'2025-11-14 06:07:40'),(2801,1,2,3,8,41,36,'แนะแนว - แนะแนว',NULL,'manual',NULL,'2025-11-14 06:08:21'),(2802,1,2,3,9,39,36,'โครงงาน - โครงงาน',NULL,'manual',NULL,'2025-11-14 06:08:33'),(2803,1,2,4,3,38,36,'วิทยาศาสตร์ - วิทยาศาสตร์',NULL,'manual',NULL,'2025-11-14 06:09:03'),(2804,1,2,1,2,16,51,'ประวัติศาสตร์ - ประวัติศาสตร์',80,'manual',NULL,'2025-11-14 06:11:15'),(2805,1,2,1,3,21,51,'ประวัติศาสตร์ - ประวัติศาสตร์',75,'manual',NULL,'2025-11-14 06:11:32'),(2806,1,2,1,5,17,51,'ประวัติศาสตร์ - ประวัติศาสตร์',71,'manual',NULL,'2025-11-14 06:11:46'),(2807,1,2,1,9,13,51,'ประวัติศาสตร์ - ประวัติศาสตร์',77,'manual',NULL,'2025-11-14 06:12:01'),(2808,1,2,2,2,43,51,'ประวัติศาสตร์ - ประวัติศาสตร์',83,'manual',NULL,'2025-11-14 06:12:15'),(2809,1,2,2,4,44,51,'ประวัติศาสตร์ - ประวัติศาสตร์',84,'manual',NULL,'2025-11-14 06:12:33'),(2811,1,2,2,7,45,51,'ประวัติศาสตร์ - ประวัติศาสตร์',85,'manual',NULL,'2025-11-14 06:13:02'),(2812,1,2,3,3,14,51,'ประวัติศาสตร์ - ประวัติศาสตร์',78,'manual',NULL,'2025-11-14 06:13:34'),(2813,1,2,3,4,47,51,'ประวัติศาสตร์ - ประวัติศาสตร์',87,'manual',NULL,'2025-11-14 06:13:47'),(2814,1,2,3,7,49,51,'ประวัติศาสตร์ - ประวัติศาสตร์',96,'manual',NULL,'2025-11-14 06:14:12'),(2815,1,2,3,8,46,51,'ประวัติศาสตร์ - ประวัติศาสตร์',NULL,'manual',NULL,'2025-11-14 06:14:18'),(2816,1,2,3,9,48,51,'ประวัติศาสตร์ - ประวัติศาสตร์',NULL,'manual',NULL,'2025-11-14 06:14:29'),(2817,1,2,4,6,18,51,'ประวัติศาสตร์ - ประวัติศาสตร์',NULL,'manual',NULL,'2025-11-14 06:14:39'),(2818,1,2,5,2,12,51,'ประวัติศาสตร์ - ประวัติศาสตร์',NULL,'manual',NULL,'2025-11-14 06:14:55'),(2819,1,2,5,6,19,51,'ประวัติศาสตร์ - ประวัติศาสตร์',NULL,'manual',NULL,'2025-11-14 06:15:08'),(2820,1,2,5,7,20,51,'ประวัติศาสตร์ - ประวัติศาสตร์',NULL,'manual',NULL,'2025-11-14 06:15:16'),(2821,1,2,5,9,42,51,'ประวัติศาสตร์ - ประวัติศาสตร์',NULL,'manual',NULL,'2025-11-14 06:15:28'),(2822,1,2,2,9,15,51,'ประวัติศาสตร์ - ประวัติศาสตร์',NULL,'manual',NULL,'2025-11-14 06:15:51'),(2823,1,2,4,4,40,36,'วิทยาศาสตร์ - วิทยาศาสตร์',NULL,'manual',NULL,'2025-11-14 06:16:55'),(2824,1,2,4,6,39,36,'วิทยาศาสตร์ - วิทยาศาสตร์',NULL,'manual',NULL,'2025-11-14 06:17:02'),(2825,1,2,4,8,41,36,'วิทยาศาสตร์ - วิทยาศาสตร์',NULL,'manual',NULL,'2025-11-14 06:17:09'),(2826,1,2,5,2,40,36,'วิทยาศาสตร์ - วิทยาศาสตร์',NULL,'manual',NULL,'2025-11-14 06:17:31'),(2827,1,2,5,3,39,36,'วิทยาศาสตร์ - วิทยาศาสตร์',NULL,'manual',NULL,'2025-11-14 06:17:35'),(2828,1,2,5,4,38,36,'วิทยาศาสตร์ - วิทยาศาสตร์',NULL,'manual',NULL,'2025-11-14 06:17:40'),(2829,1,2,5,8,41,36,'วิทยาศาสตร์ - วิทยาศาสตร์',NULL,'manual',NULL,'2025-11-14 06:17:46'),(2830,1,2,1,2,36,35,'วิทยาศาสตร์ - วิทยาศาสตร์',NULL,'manual',NULL,'2025-11-14 06:18:49'),(2831,1,2,1,6,34,35,'วิทยาศาสตร์ - วิทยาศาสตร์',NULL,'manual',NULL,'2025-11-14 06:19:22'),(2832,1,2,1,7,34,35,'โครงงาน - โครงงาน',NULL,'manual',NULL,'2025-11-14 06:19:25'),(2833,1,2,1,8,36,35,'โครงงาน - โครงงาน',NULL,'manual',NULL,'2025-11-14 06:19:50'),(2834,1,2,2,1,37,35,'วิทยาศาสตร์ - วิทยาศาสตร์',NULL,'manual',NULL,'2025-11-14 06:20:46'),(2835,1,2,2,3,35,35,'วิทยาศาสตร์ - วิทยาศาสตร์',NULL,'manual',NULL,'2025-11-14 06:20:51'),(2836,1,2,2,4,34,35,'วิทยาศาสตร์ - วิทยาศาสตร์',NULL,'manual',NULL,'2025-11-14 06:20:56'),(2837,1,2,2,7,35,35,'โครงงาน - โครงงาน',NULL,'manual',NULL,'2025-11-14 06:21:04'),(2838,1,2,2,9,36,35,'วิทยาศาสตร์ - วิทยาศาสตร์',NULL,'manual',NULL,'2025-11-14 06:23:17'),(2839,1,2,3,1,36,35,'วิทยาศาสตร์ - วิทยาศาสตร์',NULL,'manual',NULL,'2025-11-14 06:23:22'),(2840,1,2,3,4,35,35,'วิทยาศาสตร์ - วิทยาศาสตร์',NULL,'manual',NULL,'2025-11-14 06:23:25'),(2841,1,2,3,8,35,35,'แนะแนว - แนะแนว',NULL,'manual',NULL,'2025-11-14 06:23:55'),(2842,1,2,3,9,37,35,'โครงงาน - โครงงาน',NULL,'manual',NULL,'2025-11-14 06:24:03'),(2843,1,2,4,1,37,35,'วิทยาศาสตร์ - วิทยาศาสตร์',NULL,'manual',NULL,'2025-11-14 06:24:20'),(2844,1,2,4,3,35,35,'วิทยาศาสตร์ - วิทยาศาสตร์',NULL,'manual',NULL,'2025-11-14 06:24:24'),(2845,1,2,4,4,34,35,'วิทยาศาสตร์ - วิทยาศาสตร์',NULL,'manual',NULL,'2025-11-14 06:24:27'),(2846,1,2,4,9,37,35,'วิทยาศาสตร์ - วิทยาศาสตร์',NULL,'manual',NULL,'2025-11-14 06:24:58'),(2847,1,2,1,8,21,73,'การงาน - การงาน',NULL,'manual',NULL,'2025-11-14 06:26:37'),(2848,1,2,2,5,50,73,'การงาน - การงาน',NULL,'manual',NULL,'2025-11-14 06:26:41'),(2849,1,2,2,7,52,73,'การงาน - การงาน',NULL,'manual',NULL,'2025-11-14 06:26:47'),(2850,1,2,2,8,51,73,'การงาน - การงาน',NULL,'manual',NULL,'2025-11-14 06:28:06'),(2851,1,2,2,9,53,73,'การงาน - การงาน',NULL,'manual',NULL,'2025-11-14 06:28:10'),(2852,1,2,3,1,16,73,'การงาน - การงาน',NULL,'manual',NULL,'2025-11-14 06:28:16'),(2853,1,2,3,3,3,73,'การงาน - การงาน',NULL,'manual',NULL,'2025-11-14 06:28:21'),(2854,1,2,3,4,14,73,'การงาน - การงาน',NULL,'manual',NULL,'2025-11-14 06:28:25'),(2855,1,2,3,7,18,73,'การงาน - การงาน',NULL,'manual',NULL,'2025-11-14 06:28:30'),(2856,1,2,3,8,2,73,'การงาน - การงาน',NULL,'manual',NULL,'2025-11-14 06:28:33'),(2857,1,2,4,1,17,73,'การงาน - การงาน',NULL,'manual',NULL,'2025-11-14 06:28:41'),(2858,1,2,4,3,13,73,'การงาน - การงาน',NULL,'manual',NULL,'2025-11-14 06:28:45'),(2859,1,2,4,4,15,73,'การงาน - การงาน',NULL,'manual',NULL,'2025-11-14 06:28:52'),(2860,1,2,4,5,19,73,'การงาน - การงาน',NULL,'manual',NULL,'2025-11-14 06:28:56'),(2861,1,2,4,7,1,73,'การงาน - การงาน',NULL,'manual',NULL,'2025-11-14 06:28:59'),(2862,1,2,4,8,4,73,'การงาน - การงาน',NULL,'manual',NULL,'2025-11-14 06:29:02'),(2863,1,2,5,4,12,73,'การงาน - การงาน',NULL,'manual',NULL,'2025-11-14 06:29:07'),(2864,1,2,5,6,20,73,'การงาน - การงาน',NULL,'manual',NULL,'2025-11-14 06:29:11'),(2865,1,2,5,8,5,73,'การงาน - การงาน',NULL,'manual',NULL,'2025-11-14 06:29:14'),(2866,1,2,1,4,12,77,'ภาษาจีน - ภาษาจีน',NULL,'manual',NULL,'2025-11-14 06:30:22'),(2867,1,2,1,6,17,77,'ภาษาจีน - ภาษาจีน',NULL,'manual',NULL,'2025-11-14 06:30:26'),(2868,1,2,1,8,1,77,'ภาษาจีน - ภาษาจีน',NULL,'manual',NULL,'2025-11-14 06:30:31'),(2869,1,2,1,9,20,77,'ภาษาจีน - ภาษาจีน',NULL,'manual',NULL,'2025-11-14 06:30:36'),(2870,1,2,2,6,14,77,'ภาษาจีน - ภาษาจีน',NULL,'manual',NULL,'2025-11-14 06:30:43'),(2871,1,2,2,8,19,77,'ภาษาจีน - ภาษาจีน',NULL,'manual',NULL,'2025-11-14 06:30:47'),(2872,1,2,2,9,13,77,'ภาษาจีน - ภาษาจีน',NULL,'manual',NULL,'2025-11-14 06:30:51'),(2873,1,2,3,1,18,77,'ภาษาจีน - ภาษาจีน',NULL,'manual',NULL,'2025-11-14 06:30:56'),(2874,1,2,3,4,15,77,'ภาษาจีน - ภาษาจีน',NULL,'manual',NULL,'2025-11-14 06:31:02'),(2875,1,2,3,7,5,77,'ภาษาจีน - ภาษาจีน',NULL,'manual',NULL,'2025-11-14 06:31:06'),(2876,1,2,3,8,3,77,'ภาษาจีน - ภาษาจีน',NULL,'manual',NULL,'2025-11-14 06:31:09'),(2877,1,2,4,7,16,77,'ภาษาจีน - ภาษาจีน',NULL,'manual',NULL,'2025-11-14 06:31:16'),(2878,1,2,4,9,21,77,'ภาษาจีน - ภาษาจีน',NULL,'manual',NULL,'2025-11-14 06:31:20'),(2879,1,2,5,2,44,77,'ภาษาจีน - ภาษาจีน',NULL,'manual',NULL,'2025-11-14 06:31:27'),(2880,1,2,5,4,45,77,'ภาษาจีน - ภาษาจีน',NULL,'manual',NULL,'2025-11-14 06:31:31'),(2881,1,2,5,6,2,77,'ภาษาจีน - ภาษาจีน',NULL,'manual',NULL,'2025-11-14 06:31:36'),(2882,1,2,5,7,42,77,'ภาษาจีน - ภาษาจีน',NULL,'manual',NULL,'2025-11-14 06:31:39'),(2883,1,2,5,8,4,77,'ภาษาจีน - ภาษาจีน',NULL,'manual',NULL,'2025-11-14 06:31:42'),(2884,1,2,5,9,43,77,'ภาษาจีน - ภาษาจีน',NULL,'manual',NULL,'2025-11-14 06:31:46'),(2885,1,2,1,2,10,81,'ภาษาจีน - ภาษาจีน',NULL,'manual',NULL,'2025-11-14 06:35:10'),(2886,1,2,1,4,57,81,'ภาษาจีน - ภาษาจีน',NULL,'manual',NULL,'2025-11-14 06:35:15'),(2887,1,2,2,1,56,81,'ภาษาจีน - ภาษาจีน',NULL,'manual',NULL,'2025-11-14 06:35:20'),(2888,1,2,2,2,58,81,'ภาษาจีน - ภาษาจีน',NULL,'manual',NULL,'2025-11-14 06:35:25'),(2889,1,2,2,4,51,81,'ภาษาจีน - ภาษาจีน',NULL,'manual',NULL,'2025-11-14 06:35:33'),(2890,1,2,2,5,52,81,'ภาษาจีน - ภาษาจีน',NULL,'manual',NULL,'2025-11-14 06:35:39'),(2891,1,2,2,7,59,81,'ภาษาจีน - ภาษาจีน',NULL,'manual',NULL,'2025-11-14 06:35:44'),(2892,1,2,2,8,60,81,'ภาษาจีน - ภาษาจีน',NULL,'manual',NULL,'2025-11-14 06:35:48'),(2893,1,2,3,4,46,81,'ภาษาจีน - ภาษาจีน',NULL,'manual',NULL,'2025-11-14 06:35:55'),(2894,1,2,3,5,49,81,'ภาษาจีน - ภาษาจีน',NULL,'manual',NULL,'2025-11-14 06:35:57'),(2895,1,2,4,5,53,81,'ภาษาจีน - ภาษาจีน',NULL,'manual',NULL,'2025-11-14 06:36:02'),(2896,1,2,4,1,11,81,'ภาษาจีน - ภาษาจีน',NULL,'manual',NULL,'2025-11-14 06:36:07'),(2897,1,2,4,2,61,81,'ภาษาจีน - ภาษาจีน',NULL,'manual',NULL,'2025-11-14 06:36:10'),(2898,1,2,4,8,50,81,'ภาษาจีน - ภาษาจีน',NULL,'manual',NULL,'2025-11-14 06:36:15'),(2899,1,2,5,2,47,81,'ภาษาจีน - ภาษาจีน',NULL,'manual',NULL,'2025-11-14 06:36:19'),(2900,1,2,5,3,48,81,'ภาษาจีน - ภาษาจีน',NULL,'manual',NULL,'2025-11-14 06:36:22'),(2901,1,2,1,1,16,14,'ไทย(วรรณคดี) - ไทย(วรรณคดี)',NULL,'manual',NULL,'2025-11-14 06:39:49'),(2902,1,2,1,3,15,14,'ไทย(วรรณคดี) - ไทย(วรรณคดี)',NULL,'manual',NULL,'2025-11-14 06:39:56'),(2903,1,2,1,4,14,14,'ไทย(วรรณคดี) - ไทย(วรรณคดี)',NULL,'manual',NULL,'2025-11-14 06:40:00'),(2904,1,2,1,6,12,14,'ไทย(วรรณคดี) - ไทย(วรรณคดี)',NULL,'manual',NULL,'2025-11-14 06:40:05'),(2905,1,2,1,7,13,14,'ไทย(วรรณคดี) - ไทย(วรรณคดี)',NULL,'manual',NULL,'2025-11-14 06:40:08'),(2906,1,2,2,1,15,14,'ไทย(หลักภาษา) - ไทย(หลักภาษา)',NULL,'manual',NULL,'2025-11-14 06:40:14'),(2907,1,2,2,2,14,14,'ไทย(หลักภาษา) - ไทย(หลักภาษา)',NULL,'manual',NULL,'2025-11-14 06:40:18'),(2908,1,2,2,7,13,14,'ไทย(หลักภาษา) - ไทย(หลักภาษา)',NULL,'manual',NULL,'2025-11-14 06:40:25'),(2909,1,2,2,9,12,14,'ไทย(หลักภาษา) - ไทย(หลักภาษา)',NULL,'manual',NULL,'2025-11-14 06:40:31'),(2910,1,2,3,1,14,14,'ไทย(หลักภาษา) - ไทย(หลักภาษา)',NULL,'manual',NULL,'2025-11-14 06:40:37'),(2911,1,2,3,6,16,14,'ไทย(หลักภาษา) - ไทย(หลักภาษา)',NULL,'manual',NULL,'2025-11-14 06:40:44'),(2912,1,2,3,7,12,14,'ไทย(หลักภาษา) - ไทย(หลักภาษา)',NULL,'manual',NULL,'2025-11-14 06:40:49'),(2913,1,2,4,4,42,14,'ภาษาไทย - ภาษาไทย',NULL,'manual',NULL,'2025-11-14 06:40:54'),(2914,1,2,4,6,45,14,'ภาษาไทย - ภาษาไทย',NULL,'manual',NULL,'2025-11-14 06:40:58'),(2915,1,2,5,1,44,14,'ภาษาไทย - ภาษาไทย',NULL,'manual',NULL,'2025-11-14 06:41:02'),(2916,1,2,5,3,15,14,'ไทย(หลักภาษา) - ไทย(หลักภาษา)',NULL,'manual',NULL,'2025-11-14 06:41:09'),(2917,1,2,5,4,13,14,'ไทย(หลักภาษา) - ไทย(หลักภาษา)',NULL,'manual',NULL,'2025-11-14 06:41:13'),(2918,1,2,5,7,16,14,'ไทย(หลักภาษา) - ไทย(หลักภาษา)',NULL,'manual',NULL,'2025-11-14 06:41:20'),(2919,1,2,5,8,43,14,'ภาษาไทย - ภาษาไทย',NULL,'manual',NULL,'2025-11-14 06:41:23'),(2920,1,2,1,1,4,17,'ไทย(หลักภาษา) - ไทย(หลักภาษา)',NULL,'manual',NULL,'2025-11-14 06:43:20'),(2921,1,2,1,7,1,17,'ไทย(หลักภาษา) - ไทย(หลักภาษา)',NULL,'manual',NULL,'2025-11-14 06:43:26'),(2922,1,2,1,8,2,17,'ไทย(หลักภาษา) - ไทย(หลักภาษา)',NULL,'manual',NULL,'2025-11-14 06:43:32'),(2923,1,2,2,1,5,17,'ไทย(วรรณคดี) - ไทย(วรรณคดี)',NULL,'manual',NULL,'2025-11-14 06:43:38'),(2924,1,2,2,5,3,17,'ไทย(หลักภาษา) - ไทย(หลักภาษา)',NULL,'manual',NULL,'2025-11-14 06:43:45'),(2925,1,2,2,6,5,17,'ไทย(หลักภาษา) - ไทย(หลักภาษา)',NULL,'manual',NULL,'2025-11-14 06:43:50'),(2926,1,2,3,1,3,17,'ไทย(หลักภาษา) - ไทย(หลักภาษา)',NULL,'manual',NULL,'2025-11-14 06:43:58'),(2927,1,2,3,2,5,17,'ไทย(หลักภาษา) - ไทย(หลักภาษา)',NULL,'manual',NULL,'2025-11-14 06:44:03'),(2928,1,2,3,4,48,17,'ภาษาไทย - ภาษาไทย',NULL,'manual',NULL,'2025-11-14 06:44:08'),(2929,1,2,3,6,2,17,'ไทย(หลักภาษา) - ไทย(หลักภาษา)',NULL,'manual',NULL,'2025-11-14 06:44:14'),(2930,1,2,3,7,1,17,'ไทย(หลักภาษา) - ไทย(หลักภาษา)',NULL,'manual',NULL,'2025-11-14 06:44:19'),(2931,1,2,3,8,47,17,'ภาษาไทย - ภาษาไทย',NULL,'manual',NULL,'2025-11-14 06:44:23'),(2932,1,2,3,9,4,17,'ไทย(หลักภาษา) - ไทย(หลักภาษา)',NULL,'manual',NULL,'2025-11-14 06:44:29'),(2933,1,2,4,1,3,17,'แนะแนว - แนะแนว',NULL,'manual',NULL,'2025-11-14 06:45:01'),(2934,1,2,4,6,3,17,'ไทย(วรรณคดี) - ไทย(วรรณคดี)',NULL,'manual',NULL,'2025-11-14 06:45:08'),(2935,1,2,5,2,4,17,'ไทย(วรรณคดี) - ไทย(วรรณคดี)',NULL,'manual',NULL,'2025-11-14 06:45:12'),(2936,1,2,5,3,2,17,'ไทย(วรรณคดี) - ไทย(วรรณคดี)',NULL,'manual',NULL,'2025-11-14 06:45:17'),(2937,1,2,5,6,1,17,'ไทย(วรรณคดี) - ไทย(วรรณคดี)',NULL,'manual',NULL,'2025-11-14 06:45:24'),(2938,1,2,5,7,49,17,'ภาษาไทย - ภาษาไทย',NULL,'manual',NULL,'2025-11-14 06:45:28'),(2939,1,2,5,8,46,17,'ภาษาไทย - ภาษาไทย',NULL,'manual',NULL,'2025-11-14 06:45:31'),(2940,1,2,1,2,17,12,'ไทย(หลักภาษา) - ไทย(หลักภาษา)',NULL,'manual',NULL,'2025-11-14 06:49:24'),(2941,1,2,1,6,20,12,'ไทย(หลักภาษา) - ไทย(หลักภาษา)',NULL,'manual',NULL,'2025-11-14 06:49:31'),(2942,1,2,1,8,19,12,'ไทย(หลักภาษา) - ไทย(หลักภาษา)',NULL,'manual',NULL,'2025-11-14 06:49:37'),(2943,1,2,2,3,53,12,'ภาษาไทย - ภาษาไทย',NULL,'manual',NULL,'2025-11-14 06:49:43'),(2944,1,2,2,5,19,12,'ไทย(หลักภาษา) - ไทย(หลักภาษา)',NULL,'manual',NULL,'2025-11-14 06:49:51'),(2945,1,2,2,6,20,12,'ไทย(หลักภาษา) - ไทย(หลักภาษา)',NULL,'manual',NULL,'2025-11-14 06:49:57'),(2946,1,2,2,8,21,12,'ไทย(หลักภาษา) - ไทย(หลักภาษา)',NULL,'manual',NULL,'2025-11-14 06:50:05'),(2947,1,2,2,9,50,12,'ภาษาไทย - ภาษาไทย',NULL,'manual',NULL,'2025-11-14 06:50:13'),(2948,1,2,3,7,17,12,'ไทย(หลักภาษา) - ไทย(หลักภาษา)',NULL,'manual',NULL,'2025-11-14 06:50:23'),(2949,1,2,3,8,18,12,'ไทย(หลักภาษา) - ไทย(หลักภาษา)',NULL,'manual',NULL,'2025-11-14 06:50:29'),(2950,1,2,4,1,51,12,'ภาษาไทย - ภาษาไทย',NULL,'manual',NULL,'2025-11-14 06:50:56'),(2951,1,2,4,2,18,12,'ไทย(วรรณคดี) - ไทย(วรรณคดี)',NULL,'manual',NULL,'2025-11-14 06:51:03'),(2952,1,2,4,3,20,12,'ไทย(วรรณคดี) - ไทย(วรรณคดี)',NULL,'manual',NULL,'2025-11-14 06:51:08'),(2953,1,2,4,4,52,12,'ภาษาไทย - ภาษาไทย',NULL,'manual',NULL,'2025-11-14 06:51:11'),(2954,1,2,4,5,17,12,'ไทย(วรรณคดี) - ไทย(วรรณคดี)',NULL,'manual',NULL,'2025-11-14 06:51:15'),(2955,1,2,4,7,19,12,'ไทย(วรรณคดี) - ไทย(วรรณคดี)',NULL,'manual',NULL,'2025-11-14 06:51:20'),(2956,1,2,4,8,21,12,'ไทย(วรรณคดี) - ไทย(วรรณคดี)',NULL,'manual',NULL,'2025-11-14 06:51:24'),(2957,1,2,5,2,18,12,'ไทย(หลักภาษา) - ไทย(หลักภาษา)',NULL,'manual',NULL,'2025-11-14 06:51:30'),(2958,1,2,5,3,21,12,'ไทย(หลักภาษา) - ไทย(หลักภาษา)',NULL,'manual',NULL,'2025-11-14 06:51:37'),(2959,1,2,5,7,19,12,'แนะแนว - แนะแนว',NULL,'manual',NULL,'2025-11-14 06:51:43'),(2960,1,2,2,1,52,53,'พละ/สุข - พละ/สุข',NULL,'manual',NULL,'2025-11-14 06:55:56'),(2961,1,2,2,7,53,53,'พละ/สุข - พละ/สุข',NULL,'manual',NULL,'2025-11-14 06:56:00'),(2962,1,2,2,8,50,53,'พละ/สุข - พละ/สุข',NULL,'manual',NULL,'2025-11-14 06:56:04'),(2963,1,2,2,9,51,53,'พละ/สุข - พละ/สุข',NULL,'manual',NULL,'2025-11-14 06:56:07'),(2964,1,2,3,1,47,53,'พละ/สุข - พละ/สุข',NULL,'manual',NULL,'2025-11-14 06:56:11'),(2965,1,2,3,2,49,53,'พละ/สุข - พละ/สุข',NULL,'manual',NULL,'2025-11-14 06:56:14'),(2966,1,2,3,5,48,53,'พละ/สุข - พละ/สุข',NULL,'manual',NULL,'2025-11-14 06:56:18'),(2967,1,2,3,9,46,53,'พละ/สุข - พละ/สุข',NULL,'manual',NULL,'2025-11-14 06:56:26'),(2968,1,2,4,1,43,53,'พละ/สุข - พละ/สุข',NULL,'manual',NULL,'2025-11-14 06:56:32'),(2969,1,2,4,2,44,53,'พละ/สุข - พละ/สุข',NULL,'manual',NULL,'2025-11-14 06:56:36'),(2970,1,2,4,3,42,53,'พละ/สุข - พละ/สุข',NULL,'manual',NULL,'2025-11-14 06:56:39'),(2971,1,2,4,7,45,53,'พละ/สุข - พละ/สุข',NULL,'manual',NULL,'2025-11-14 06:56:43'),(2972,1,2,2,3,17,57,'แนะแนว - แนะแนว',NULL,'manual',NULL,'2025-11-14 06:59:01'),(2973,1,2,2,8,3,57,'พละศึกษา - พละศึกษา',NULL,'manual',NULL,'2025-11-14 06:59:10'),(2974,1,2,2,9,20,57,'พละศึกษา - พละศึกษา',NULL,'manual',NULL,'2025-11-14 06:59:16'),(2975,1,2,3,1,5,57,'พละศึกษา - พละศึกษา',NULL,'manual',NULL,'2025-11-14 06:59:21'),(2976,1,2,3,2,4,57,'พละศึกษา - พละศึกษา',NULL,'manual',NULL,'2025-11-14 06:59:25'),(2978,1,2,3,3,46,57,'พละศึกษา - พละศึกษา',NULL,'manual',NULL,'2025-11-14 07:21:48'),(2979,1,2,3,7,48,57,'พละศึกษา - พละศึกษา',NULL,'manual',NULL,'2025-11-14 07:21:53'),(2980,1,2,3,8,49,57,'พละศึกษา - พละศึกษา',NULL,'manual',NULL,'2025-11-14 07:21:57'),(2981,1,2,3,9,47,57,'พละศึกษา - พละศึกษา',NULL,'manual',NULL,'2025-11-14 07:22:01'),(2982,1,2,4,2,21,57,'พละศึกษา - พละศึกษา',NULL,'manual',NULL,'2025-11-14 07:23:34'),(2983,1,2,4,3,18,57,'พละศึกษา - พละศึกษา',NULL,'manual',NULL,'2025-11-14 07:23:39'),(2984,1,2,4,6,43,57,'พละศึกษา - พละศึกษา',NULL,'manual',NULL,'2025-11-14 07:25:03'),(2985,1,2,4,7,42,57,'พละศึกษา - พละศึกษา',NULL,'manual',NULL,'2025-11-14 07:25:07'),(2986,1,2,4,8,45,57,'พละศึกษา - พละศึกษา',NULL,'manual',NULL,'2025-11-14 07:25:12'),(2987,1,2,4,9,44,57,'พละศึกษา - พละศึกษา',NULL,'manual',NULL,'2025-11-14 07:25:15'),(2988,1,2,5,1,2,57,'พละศึกษา - พละศึกษา',NULL,'manual',NULL,'2025-11-14 07:25:50'),(2989,1,2,5,3,1,57,'พละศึกษา - พละศึกษา',NULL,'manual',NULL,'2025-11-14 07:25:53'),(2990,1,2,5,7,17,57,'พละศึกษา - พละศึกษา',NULL,'manual',NULL,'2025-11-14 07:25:57'),(2991,1,2,5,8,19,57,'พละศึกษา - พละศึกษา',NULL,'manual',NULL,'2025-11-14 07:26:00'),(2992,1,2,4,2,51,143,'พละศึกษา - พละศึกษา',NULL,'manual',NULL,'2025-11-14 07:27:26'),(2993,1,2,4,3,52,143,'พละศึกษา - พละศึกษา',NULL,'manual',NULL,'2025-11-14 07:27:29'),(2994,1,2,4,7,53,143,'พละศึกษา - พละศึกษา',NULL,'manual',NULL,'2025-11-14 07:27:33'),(2995,1,2,4,9,50,143,'พละศึกษา - พละศึกษา',NULL,'manual',NULL,'2025-11-14 07:27:36'),(2996,1,2,5,1,15,143,'พละศึกษา - พละศึกษา',NULL,'manual',NULL,'2025-11-14 07:28:30'),(2997,1,2,5,2,14,143,'พละศึกษา - พละศึกษา',NULL,'manual',NULL,'2025-11-14 07:28:32'),(2998,1,2,5,3,16,143,'พละศึกษา - พละศึกษา',NULL,'manual',NULL,'2025-11-14 07:28:36'),(2999,1,2,5,7,12,143,'พละศึกษา - พละศึกษา',NULL,'manual',NULL,'2025-11-14 07:28:41'),(3000,1,2,5,8,13,143,'พละศึกษา - พละศึกษา',NULL,'manual',NULL,'2025-11-14 07:28:45'),(3001,1,2,2,1,47,144,'เคมี - เคมี',NULL,'manual',NULL,'2025-11-14 07:34:06'),(3002,1,2,2,2,47,144,'เคมี - เคมี',NULL,'manual',NULL,'2025-11-14 07:34:06'),(3003,1,2,2,3,48,144,'เคมี - เคมี',NULL,'manual',NULL,'2025-11-14 07:34:09'),(3004,1,2,2,4,48,144,'เคมี - เคมี',NULL,'manual',NULL,'2025-11-14 07:34:09'),(3005,1,2,2,5,49,144,'เคมี - เคมี',NULL,'manual',NULL,'2025-11-14 07:34:13'),(3006,1,2,2,7,49,144,'เคมี - เคมี',NULL,'manual',NULL,'2025-11-14 07:34:18'),(3007,1,2,2,8,46,144,'เคมี - เคมี',NULL,'manual',NULL,'2025-11-14 07:34:22'),(3008,1,2,2,9,46,144,'เคมี - เคมี',NULL,'manual',NULL,'2025-11-14 07:34:22'),(3009,1,2,5,1,48,144,'เคมี - เคมี',NULL,'manual',NULL,'2025-11-14 07:34:29'),(3010,1,2,5,2,48,144,'เคมี - เคมี',NULL,'manual',NULL,'2025-11-14 07:34:29'),(3011,1,2,5,3,49,144,'เคมี - เคมี',NULL,'manual',NULL,'2025-11-14 07:34:32'),(3012,1,2,5,4,49,144,'เคมี - เคมี',NULL,'manual',NULL,'2025-11-14 07:34:32'),(3013,1,2,5,5,46,144,'เคมี - เคมี',NULL,'manual',NULL,'2025-11-14 07:34:38'),(3014,1,2,5,7,46,144,'เคมี - เคมี',NULL,'manual',NULL,'2025-11-14 07:34:43'),(3015,1,2,5,8,47,144,'เคมี - เคมี',NULL,'manual',NULL,'2025-11-14 07:34:47'),(3016,1,2,5,9,47,144,'เคมี - เคมี',NULL,'manual',NULL,'2025-11-14 07:34:47'),(3017,1,2,4,1,53,115,'เคมี - เคมี',NULL,'manual',NULL,'2025-11-14 07:36:38'),(3018,1,2,4,2,53,115,'เคมี - เคมี',NULL,'manual',NULL,'2025-11-14 07:36:38'),(3019,1,2,4,3,50,115,'เคมี - เคมี',NULL,'manual',NULL,'2025-11-14 07:36:41'),(3020,1,2,4,4,50,115,'เคมี - เคมี',NULL,'manual',NULL,'2025-11-14 07:36:42'),(3021,1,2,4,5,51,115,'เคมี - เคมี',NULL,'manual',NULL,'2025-11-14 07:36:46'),(3022,1,2,4,7,51,115,'เคมี - เคมี',NULL,'manual',NULL,'2025-11-14 07:36:51'),(3023,1,2,4,8,52,115,'เคมี - เคมี',NULL,'manual',NULL,'2025-11-14 07:36:54'),(3024,1,2,4,9,52,115,'เคมี - เคมี',NULL,'manual',NULL,'2025-11-14 07:36:54'),(3025,1,2,6,1,43,115,'เคมี - เคมี',NULL,'manual',NULL,'2025-11-14 07:37:01'),(3026,1,2,6,2,43,115,'เคมี - เคมี',NULL,'manual',NULL,'2025-11-14 07:37:01'),(3027,1,2,6,3,44,115,'เคมี - เคมี',NULL,'manual',NULL,'2025-11-14 07:37:05'),(3028,1,2,6,4,44,115,'เคมี - เคมี',NULL,'manual',NULL,'2025-11-14 07:37:05'),(3029,1,2,6,6,45,115,'เคมี - เคมี',NULL,'manual',NULL,'2025-11-14 07:37:08'),(3030,1,2,6,7,45,115,'เคมี - เคมี',NULL,'manual',NULL,'2025-11-14 07:37:08'),(3031,1,2,6,8,42,115,'เคมี - เคมี',NULL,'manual',NULL,'2025-11-14 07:37:11'),(3032,1,2,6,9,42,115,'เคมี - เคมี',NULL,'manual',NULL,'2025-11-14 07:37:11'),(3033,1,2,4,1,52,129,'คณิตศาสตร์ - คณิตศาสตร์',NULL,'manual',NULL,'2025-11-14 07:38:12'),(3034,1,2,4,2,52,129,'คณิตศาสตร์ - คณิตศาสตร์',NULL,'manual',NULL,'2025-11-14 07:38:12'),(3035,1,2,4,3,53,129,'คณิตศาสตร์ - คณิตศาสตร์',NULL,'manual',NULL,'2025-11-14 07:38:15'),(3036,1,2,4,4,53,129,'คณิตศาสตร์ - คณิตศาสตร์',NULL,'manual',NULL,'2025-11-14 07:38:15'),(3037,1,2,4,5,50,129,'คณิตศาสตร์ - คณิตศาสตร์',NULL,'manual',NULL,'2025-11-14 07:38:21'),(3038,1,2,4,7,50,129,'คณิตศาสตร์ - คณิตศาสตร์',NULL,'manual',NULL,'2025-11-14 07:38:30'),(3039,1,2,4,8,51,129,'คณิตศาสตร์ - คณิตศาสตร์',NULL,'manual',NULL,'2025-11-14 07:38:34'),(3040,1,2,4,9,51,129,'คณิตศาสตร์ - คณิตศาสตร์',NULL,'manual',NULL,'2025-11-14 07:38:34'),(3041,1,2,5,1,51,129,'คณิตศาสตร์ - คณิตศาสตร์',NULL,'manual',NULL,'2025-11-14 07:38:38'),(3042,1,2,5,2,51,129,'คณิตศาสตร์ - คณิตศาสตร์',NULL,'manual',NULL,'2025-11-14 07:38:38'),(3043,1,2,5,3,52,129,'คณิตศาสตร์ - คณิตศาสตร์',NULL,'manual',NULL,'2025-11-14 07:38:42'),(3044,1,2,5,4,52,129,'คณิตศาสตร์ - คณิตศาสตร์',NULL,'manual',NULL,'2025-11-14 07:38:42'),(3045,1,2,5,5,53,129,'คณิตศาสตร์ - คณิตศาสตร์',NULL,'manual',NULL,'2025-11-14 07:38:48'),(3048,1,2,5,7,53,129,'คณิตศาสตร์ - คณิตศาสตร์',NULL,'manual',NULL,'2025-11-14 07:39:11'),(3049,1,2,5,8,50,129,'คณิตศาสตร์ - คณิตศาสตร์',NULL,'manual',NULL,'2025-11-14 07:39:17'),(3050,1,2,5,9,50,129,'คณิตศาสตร์ - คณิตศาสตร์',NULL,'manual',NULL,'2025-11-14 07:39:17'),(3051,1,2,6,1,47,129,'คณิตศาสตร์ - คณิตศาสตร์',NULL,'manual',NULL,'2025-11-14 07:39:22'),(3052,1,2,6,2,47,129,'คณิตศาสตร์ - คณิตศาสตร์',NULL,'manual',NULL,'2025-11-14 07:39:22'),(3053,1,2,6,3,48,129,'คณิตศาสตร์ - คณิตศาสตร์',NULL,'manual',NULL,'2025-11-14 07:39:25'),(3054,1,2,6,4,48,129,'คณิตศาสตร์ - คณิตศาสตร์',NULL,'manual',NULL,'2025-11-14 07:39:25'),(3055,1,2,6,5,49,129,'คณิตศาสตร์ - คณิตศาสตร์',NULL,'manual',NULL,'2025-11-14 07:39:29'),(3056,1,2,6,7,49,129,'คณิตศาสตร์ - คณิตศาสตร์',NULL,'manual',NULL,'2025-11-14 07:39:34'),(3057,1,2,6,8,46,129,'คณิตศาสตร์ - คณิตศาสตร์',NULL,'manual',NULL,'2025-11-14 07:39:38'),(3058,1,2,6,9,46,129,'คณิตศาสตร์ - คณิตศาสตร์',NULL,'manual',NULL,'2025-11-14 07:39:38'),(3059,1,2,3,1,51,118,'เคมี - เคมี',NULL,'manual',NULL,'2025-11-14 07:40:21'),(3060,1,2,3,2,51,118,'เคมี - เคมี',NULL,'manual',NULL,'2025-11-14 07:40:22'),(3061,1,2,3,3,52,118,'เคมี - เคมี',NULL,'manual',NULL,'2025-11-14 07:40:24'),(3062,1,2,3,4,52,118,'เคมี - เคมี',NULL,'manual',NULL,'2025-11-14 07:40:24'),(3063,1,2,3,5,53,118,'เคมี - เคมี',NULL,'manual',NULL,'2025-11-14 07:40:29'),(3064,1,2,3,7,53,118,'เคมี - เคมี',NULL,'manual',NULL,'2025-11-14 07:40:34'),(3065,1,2,3,8,50,118,'เคมี - เคมี',NULL,'manual',NULL,'2025-11-14 07:40:38'),(3066,1,2,3,9,50,118,'เคมี - เคมี',NULL,'manual',NULL,'2025-11-14 07:40:38'),(3067,1,2,7,1,50,118,'เคมี - เคมี',NULL,'manual',NULL,'2025-11-14 07:40:44'),(3068,1,2,7,2,50,118,'เคมี - เคมี',NULL,'manual',NULL,'2025-11-14 07:40:44'),(3069,1,2,7,3,51,118,'เคมี - เคมี',NULL,'manual',NULL,'2025-11-14 07:40:48'),(3070,1,2,7,4,51,118,'เคมี - เคมี',NULL,'manual',NULL,'2025-11-14 07:40:48'),(3071,1,2,7,5,52,118,'เคมี - เคมี',NULL,'manual',NULL,'2025-11-14 07:40:52'),(3072,1,2,7,7,52,118,'เคมี - เคมี',NULL,'manual',NULL,'2025-11-14 07:40:57'),(3073,1,2,7,8,53,118,'เคมี - เคมี',NULL,'manual',NULL,'2025-11-14 07:41:00'),(3074,1,2,7,9,53,118,'เคมี - เคมี',NULL,'manual',NULL,'2025-11-14 07:41:00'),(3075,1,2,2,1,53,130,'คณิตศาสตร์ - คณิตศาสตร์',NULL,'manual',NULL,'2025-11-14 07:42:00'),(3076,1,2,2,2,53,130,'คณิตศาสตร์ - คณิตศาสตร์',NULL,'manual',NULL,'2025-11-14 07:42:00'),(3077,1,2,2,3,50,130,'คณิตศาสตร์ - คณิตศาสตร์',NULL,'manual',NULL,'2025-11-14 07:42:05'),(3078,1,2,2,4,50,130,'คณิตศาสตร์ - คณิตศาสตร์',NULL,'manual',NULL,'2025-11-14 07:42:05'),(3079,1,2,2,5,51,130,'คณิตศาสตร์ - คณิตศาสตร์',NULL,'manual',NULL,'2025-11-14 07:42:09'),(3080,1,2,2,7,51,130,'คณิตศาสตร์ - คณิตศาสตร์',NULL,'manual',NULL,'2025-11-14 07:42:14'),(3081,1,2,2,8,52,130,'คณิตศาสตร์ - คณิตศาสตร์',NULL,'manual',NULL,'2025-11-14 07:42:19'),(3082,1,2,2,9,52,130,'คณิตศาสตร์ - คณิตศาสตร์',NULL,'manual',NULL,'2025-11-14 07:42:19'),(3083,1,2,4,1,49,130,'คณิตศาสตร์ - คณิตศาสตร์',NULL,'manual',NULL,'2025-11-14 07:42:25'),(3084,1,2,4,2,49,130,'คณิตศาสตร์ - คณิตศาสตร์',NULL,'manual',NULL,'2025-11-14 07:42:25'),(3085,1,2,4,3,46,130,'คณิตศาสตร์ - คณิตศาสตร์',NULL,'manual',NULL,'2025-11-14 07:42:28'),(3086,1,2,4,4,46,130,'คณิตศาสตร์ - คณิตศาสตร์',NULL,'manual',NULL,'2025-11-14 07:42:28'),(3087,1,2,4,5,47,130,'คณิตศาสตร์ - คณิตศาสตร์',NULL,'manual',NULL,'2025-11-14 07:42:35'),(3088,1,2,4,7,47,130,'คณิตศาสตร์ - คณิตศาสตร์',NULL,'manual',NULL,'2025-11-14 07:42:41'),(3089,1,2,4,8,48,130,'คณิตศาสตร์ - คณิตศาสตร์',NULL,'manual',NULL,'2025-11-14 07:42:44'),(3090,1,2,4,9,48,130,'คณิตศาสตร์ - คณิตศาสตร์',NULL,'manual',NULL,'2025-11-14 07:42:44'),(3091,1,2,5,1,49,130,'คณิตศาสตร์ - คณิตศาสตร์',NULL,'manual',NULL,'2025-11-14 07:42:48'),(3092,1,2,5,2,49,130,'คณิตศาสตร์ - คณิตศาสตร์',NULL,'manual',NULL,'2025-11-14 07:42:48'),(3093,1,2,5,3,46,130,'คณิตศาสตร์ - คณิตศาสตร์',NULL,'manual',NULL,'2025-11-14 07:42:52'),(3094,1,2,5,4,46,130,'คณิตศาสตร์ - คณิตศาสตร์',NULL,'manual',NULL,'2025-11-14 07:42:52'),(3095,1,2,5,5,47,130,'คณิตศาสตร์ - คณิตศาสตร์',NULL,'manual',NULL,'2025-11-14 07:42:56'),(3096,1,2,5,7,47,130,'คณิตศาสตร์ - คณิตศาสตร์',NULL,'manual',NULL,'2025-11-14 07:43:02'),(3097,1,2,5,8,48,130,'คณิตศาสตร์ - คณิตศาสตร์',NULL,'manual',NULL,'2025-11-14 07:43:05'),(3098,1,2,5,9,48,130,'คณิตศาสตร์ - คณิตศาสตร์',NULL,'manual',NULL,'2025-11-14 07:43:05'),(3099,1,2,6,1,45,116,'เคมี - เคมี',NULL,'manual',NULL,'2025-11-14 07:45:27'),(3100,1,2,6,2,45,116,'เคมี - เคมี',NULL,'manual',NULL,'2025-11-14 07:45:27'),(3101,1,2,6,3,42,116,'เคมี - เคมี',NULL,'manual',NULL,'2025-11-14 07:49:24'),(3102,1,2,6,4,42,116,'เคมี - เคมี',NULL,'manual',NULL,'2025-11-14 07:49:24'),(3103,1,2,6,6,43,116,'เคมี - เคมี',NULL,'manual',NULL,'2025-11-14 07:49:30'),(3104,1,2,6,7,43,116,'เคมี - เคมี',NULL,'manual',NULL,'2025-11-14 07:49:30'),(3105,1,2,6,8,44,116,'เคมี - เคมี',NULL,'manual',NULL,'2025-11-14 07:49:35'),(3106,1,2,6,9,44,116,'เคมี - เคมี',NULL,'manual',NULL,'2025-11-14 07:49:35'),(3107,1,2,7,1,43,116,'เคมี - เคมี',NULL,'manual',NULL,'2025-11-14 07:49:39'),(3108,1,2,7,2,43,116,'เคมี - เคมี',NULL,'manual',NULL,'2025-11-14 07:49:39'),(3109,1,2,7,3,44,116,'เคมี - เคมี',NULL,'manual',NULL,'2025-11-14 07:49:43'),(3110,1,2,7,4,44,116,'เคมี - เคมี',NULL,'manual',NULL,'2025-11-14 07:49:43'),(3111,1,2,7,6,45,116,'เคมี - เคมี',NULL,'manual',NULL,'2025-11-14 07:49:46'),(3112,1,2,7,7,45,116,'เคมี - เคมี',NULL,'manual',NULL,'2025-11-14 07:49:46'),(3113,1,2,7,8,42,116,'เคมี - เคมี',NULL,'manual',NULL,'2025-11-14 07:49:49'),(3114,1,2,7,9,42,116,'เคมี - เคมี',NULL,'manual',NULL,'2025-11-14 07:49:49'),(3117,1,2,1,1,18,87,'เทคโนโลยี - เทคโนโลยี',64,'manual',NULL,'2025-11-14 07:57:18'),(3118,1,2,1,2,19,87,'เทคโนโลยี - เทคโนโลยี',64,'manual',NULL,'2025-11-14 07:57:45'),(3119,1,2,1,3,20,87,'เทคโนโลยี - เทคโนโลยี',64,'manual',NULL,'2025-11-14 07:57:49'),(3120,1,2,2,6,1,87,'เทคโนโลยี - เทคโนโลยี',64,'manual',NULL,'2025-11-14 07:57:53'),(3121,1,2,2,8,2,87,'เทคโนโลยี - เทคโนโลยี',64,'manual',NULL,'2025-11-14 07:57:57'),(3122,1,2,2,9,42,87,'เทคโนโลยี - เทคโนโลยี',63,'manual',NULL,'2025-11-14 07:58:01'),(3123,1,2,3,6,17,87,'เทคโนโลยี - เทคโนโลยี',64,'manual',NULL,'2025-11-14 07:58:11'),(3124,1,2,4,2,3,87,'เทคโนโลยี - เทคโนโลยี',64,'manual',NULL,'2025-11-14 07:58:18'),(3125,1,2,4,3,4,87,'เทคโนโลยี - เทคโนโลยี',64,'manual',NULL,'2025-11-14 07:58:21'),(3126,1,2,4,6,5,87,'เทคโนโลยี - เทคโนโลยี',64,'manual',NULL,'2025-11-14 07:58:26'),(3127,1,2,4,7,21,87,'เทคโนโลยี - เทคโนโลยี',64,'manual',NULL,'2025-11-14 07:58:29'),(3128,1,2,5,1,43,87,'เทคโนโลยี - เทคโนโลยี',63,'manual',NULL,'2025-11-14 07:59:18'),(3129,1,2,5,3,44,87,'เทคโนโลยี - เทคโนโลยี',63,'manual',NULL,'2025-11-14 07:59:27'),(3130,1,2,5,6,45,87,'เทคโนโลยี - เทคโนโลยี',63,'manual',NULL,'2025-11-14 07:59:31'),(3131,1,2,1,2,12,88,'เทคโนโลยี - เทคโนโลยี',63,'manual',NULL,'2025-11-14 08:03:46'),(3132,1,2,1,3,13,88,'เทคโนโลยี - เทคโนโลยี',63,'manual',NULL,'2025-11-14 08:03:55'),(3133,1,2,1,6,14,88,'เทคโนโลยี - เทคโนโลยี',63,'manual',NULL,'2025-11-14 08:04:08'),(3134,1,2,1,7,15,88,'เทคโนโลยี - เทคโนโลยี',63,'manual',NULL,'2025-11-14 08:04:14'),(3135,1,2,2,8,16,88,'เทคโนโลยี - เทคโนโลยี',63,'manual',NULL,'2025-11-14 08:04:28'),(3136,1,2,3,1,50,88,'เทคโนโลยี - เทคโนโลยี',63,'manual',NULL,'2025-11-14 08:04:39'),(3138,1,2,3,3,51,88,'เทคโนโลยี - เทคโนโลยี',63,'manual',NULL,'2025-11-14 08:05:20'),(3140,1,2,3,5,52,88,'เทคโนโลยี - เทคโนโลยี',63,'manual',NULL,'2025-11-14 08:05:50'),(3142,1,2,3,8,53,88,'เทคโนโลยี - เทคโนโลยี',63,'manual',NULL,'2025-11-14 08:06:06'),(3143,1,2,6,1,46,117,'เคมี - เคมี',NULL,'manual',NULL,'2025-11-14 08:06:09'),(3144,1,2,6,2,46,117,'เคมี - เคมี',NULL,'manual',NULL,'2025-11-14 08:06:09'),(3146,1,2,6,3,47,117,'เคมี - เคมี',NULL,'manual',NULL,'2025-11-14 08:06:13'),(3147,1,2,6,4,47,117,'เคมี - เคมี',NULL,'manual',NULL,'2025-11-14 08:06:13'),(3148,1,2,6,5,48,117,'เคมี - เคมี',NULL,'manual',NULL,'2025-11-14 08:06:17'),(3149,1,2,6,7,48,117,'เคมี - เคมี',NULL,'manual',NULL,'2025-11-14 08:06:21'),(3150,1,2,4,1,48,88,'เทคโนโลยี - เทคโนโลยี',63,'manual',NULL,'2025-11-14 08:06:22'),(3151,1,2,6,8,49,117,'เคมี - เคมี',NULL,'manual',NULL,'2025-11-14 08:06:25'),(3152,1,2,6,9,49,117,'เคมี - เคมี',NULL,'manual',NULL,'2025-11-14 08:06:25'),(3153,1,2,7,1,49,117,'เคมี - เคมี',NULL,'manual',NULL,'2025-11-14 08:06:30'),(3154,1,2,7,2,49,117,'เคมี - เคมี',NULL,'manual',NULL,'2025-11-14 08:06:30'),(3155,1,2,7,3,48,117,'เคมี - เคมี',NULL,'manual',NULL,'2025-11-14 08:06:35'),(3156,1,2,7,4,48,117,'เคมี - เคมี',NULL,'manual',NULL,'2025-11-14 08:06:35'),(3157,1,2,4,3,49,88,'เทคโนโลยี - เทคโนโลยี',63,'manual',NULL,'2025-11-14 08:06:38'),(3158,1,2,7,5,47,117,'เคมี - เคมี',NULL,'manual',NULL,'2025-11-14 08:06:40'),(3159,1,2,4,5,46,88,'เทคโนโลยี - เทคโนโลยี',63,'manual',NULL,'2025-11-14 08:06:44'),(3160,1,2,7,7,47,117,'เคมี - เคมี',NULL,'manual',NULL,'2025-11-14 08:06:44'),(3161,1,2,7,8,46,117,'เคมี - เคมี',NULL,'manual',NULL,'2025-11-14 08:06:47'),(3162,1,2,7,9,46,117,'เคมี - เคมี',NULL,'manual',NULL,'2025-11-14 08:06:47'),(3163,1,2,4,8,47,88,'เทคโนโลยี - เทคโนโลยี',63,'manual',NULL,'2025-11-14 08:06:52'),(3187,1,2,6,1,52,121,'ชีวะ - ชีวะ',NULL,'manual',NULL,'2025-11-14 08:26:04'),(3188,1,2,6,2,52,121,'ชีวะ - ชีวะ',NULL,'manual',NULL,'2025-11-14 08:26:04'),(3189,1,2,6,3,53,121,'ชีวะ - ชีวะ',NULL,'manual',NULL,'2025-11-14 08:26:08'),(3190,1,2,6,4,53,121,'ชีวะ - ชีวะ',NULL,'manual',NULL,'2025-11-14 08:26:08'),(3191,1,2,6,5,50,121,'ชีวะ - ชีวะ',NULL,'manual',NULL,'2025-11-14 08:26:17'),(3192,1,2,6,7,50,121,'ชีวะ - ชีวะ',NULL,'manual',NULL,'2025-11-14 08:26:24'),(3193,1,2,6,8,51,121,'ชีวะ - ชีวะ',NULL,'manual',NULL,'2025-11-14 08:26:28'),(3194,1,2,6,9,51,121,'ชีวะ - ชีวะ',NULL,'manual',NULL,'2025-11-14 08:26:28'),(3195,1,2,7,1,52,121,'ชีวะ - ชีวะ',NULL,'manual',NULL,'2025-11-14 08:26:37'),(3196,1,2,7,2,52,121,'ชีวะ - ชีวะ',NULL,'manual',NULL,'2025-11-14 08:26:37'),(3197,1,2,7,3,53,121,'ชีวะ - ชีวะ',NULL,'manual',NULL,'2025-11-14 08:26:40'),(3198,1,2,7,4,53,121,'ชีวะ - ชีวะ',NULL,'manual',NULL,'2025-11-14 08:26:40'),(3199,1,2,7,5,50,121,'ชีวะ - ชีวะ',NULL,'manual',NULL,'2025-11-14 08:27:46'),(3200,1,2,7,7,50,121,'ชีวะ - ชีวะ',NULL,'manual',NULL,'2025-11-14 08:27:54'),(3201,1,2,7,8,51,121,'ชีวะ - ชีวะ',NULL,'manual',NULL,'2025-11-14 08:27:58'),(3202,1,2,7,9,51,121,'ชีวะ - ชีวะ',NULL,'manual',NULL,'2025-11-14 08:27:58'),(3203,1,2,2,1,17,85,'เทคโนโลยี - เทคโนโลยี',64,'manual',NULL,'2025-11-14 08:31:05'),(3204,1,2,2,2,18,85,'เทคโนโลยี - เทคโนโลยี',64,'manual',NULL,'2025-11-14 08:31:10'),(3205,1,2,2,3,19,85,'เทคโนโลยี - เทคโนโลยี',64,'manual',NULL,'2025-11-14 08:31:14'),(3206,1,2,3,1,20,85,'เทคโนโลยี - เทคโนโลยี',64,'manual',NULL,'2025-11-14 08:31:20'),(3207,1,2,3,2,21,85,'เทคโนโลยี - เทคโนโลยี',64,'manual',NULL,'2025-11-14 08:31:23'),(3212,1,2,4,6,42,122,'ชีวะ - ชีวะ',NULL,'manual',NULL,'2025-11-14 08:33:19'),(3213,1,2,4,7,43,122,'ชีวะ - ชีวะ',NULL,'manual',NULL,'2025-11-14 08:33:24'),(3214,1,2,4,8,44,122,'ชีวะ - ชีวะ',NULL,'manual',NULL,'2025-11-14 08:33:28'),(3215,1,2,4,9,45,122,'ชีวะ - ชีวะ',NULL,'manual',NULL,'2025-11-14 08:33:32'),(3216,1,2,5,1,42,122,'ชีวะ - ชีวะ',NULL,'manual',NULL,'2025-11-14 08:33:36'),(3217,1,2,5,2,42,122,'ชีวะ - ชีวะ',NULL,'manual',NULL,'2025-11-14 08:33:36'),(3218,1,2,5,3,43,122,'ชีวะ - ชีวะ',NULL,'manual',NULL,'2025-11-14 08:33:39'),(3219,1,2,5,4,43,122,'ชีวะ - ชีวะ',NULL,'manual',NULL,'2025-11-14 08:33:39'),(3220,1,2,5,6,44,122,'ชีวะ - ชีวะ',NULL,'manual',NULL,'2025-11-14 08:33:43'),(3221,1,2,5,7,44,122,'ชีวะ - ชีวะ',NULL,'manual',NULL,'2025-11-14 08:33:43'),(3222,1,2,5,8,45,122,'ชีวะ - ชีวะ',NULL,'manual',NULL,'2025-11-14 08:33:46'),(3223,1,2,5,9,45,122,'ชีวะ - ชีวะ',NULL,'manual',NULL,'2025-11-14 08:33:46'),(3224,1,2,3,5,46,123,'ชีวะ - ชีวะ',NULL,'manual',NULL,'2025-11-14 08:34:35'),(3225,1,2,3,7,47,123,'ชีวะ - ชีวะ',NULL,'manual',NULL,'2025-11-14 08:34:39'),(3226,1,2,3,8,48,123,'ชีวะ - ชีวะ',NULL,'manual',NULL,'2025-11-14 08:34:43'),(3227,1,2,3,9,49,123,'ชีวะ - ชีวะ',NULL,'manual',NULL,'2025-11-14 08:34:47'),(3228,1,2,4,1,47,123,'ชีวะ - ชีวะ',NULL,'manual',NULL,'2025-11-14 08:34:51'),(3229,1,2,4,2,47,123,'ชีวะ - ชีวะ',NULL,'manual',NULL,'2025-11-14 08:34:51'),(3230,1,2,4,3,48,123,'ชีวะ - ชีวะ',NULL,'manual',NULL,'2025-11-14 08:34:55'),(3231,1,2,4,4,48,123,'ชีวะ - ชีวะ',NULL,'manual',NULL,'2025-11-14 08:34:55'),(3232,1,2,4,5,49,123,'ชีวะ - ชีวะ',NULL,'manual',NULL,'2025-11-14 08:35:01'),(3233,1,2,4,7,49,123,'ชีวะ - ชีวะ',NULL,'manual',NULL,'2025-11-14 08:35:06'),(3234,1,2,4,8,46,123,'ชีวะ - ชีวะ',NULL,'manual',NULL,'2025-11-14 08:35:09'),(3235,1,2,4,9,46,123,'ชีวะ - ชีวะ',NULL,'manual',NULL,'2025-11-14 08:35:09'),(3236,1,2,5,1,46,123,'ชีวะ - ชีวะ',NULL,'manual',NULL,'2025-11-14 08:35:13'),(3237,1,2,5,2,46,123,'ชีวะ - ชีวะ',NULL,'manual',NULL,'2025-11-14 08:35:13'),(3238,1,2,5,3,47,123,'ชีวะ - ชีวะ',NULL,'manual',NULL,'2025-11-14 08:35:18'),(3239,1,2,5,4,47,123,'ชีวะ - ชีวะ',NULL,'manual',NULL,'2025-11-14 08:35:18'),(3240,1,2,5,5,48,123,'ชีวะ - ชีวะ',NULL,'manual',NULL,'2025-11-14 08:35:23'),(3241,1,2,5,7,48,123,'ชีวะ - ชีวะ',NULL,'manual',NULL,'2025-11-14 08:35:28'),(3242,1,2,5,8,49,123,'ชีวะ - ชีวะ',NULL,'manual',NULL,'2025-11-14 08:35:31'),(3243,1,2,5,9,49,123,'ชีวะ - ชีวะ',NULL,'manual',NULL,'2025-11-14 08:35:31'),(3244,1,2,3,1,53,124,'ชีวะ - ชีวะ',NULL,'manual',NULL,'2025-11-14 08:36:24'),(3245,1,2,3,2,53,124,'ชีวะ - ชีวะ',NULL,'manual',NULL,'2025-11-14 08:36:24'),(3246,1,2,3,3,50,124,'ชีวะ - ชีวะ',NULL,'manual',NULL,'2025-11-14 08:36:27'),(3247,1,2,3,4,50,124,'ชีวะ - ชีวะ',NULL,'manual',NULL,'2025-11-14 08:36:27'),(3248,1,2,3,5,51,124,'ชีวะ - ชีวะ',NULL,'manual',NULL,'2025-11-14 08:36:31'),(3249,1,2,3,7,51,124,'ชีวะ - ชีวะ',NULL,'manual',NULL,'2025-11-14 08:36:37'),(3250,1,2,3,8,52,124,'ชีวะ - ชีวะ',NULL,'manual',NULL,'2025-11-14 08:36:39'),(3251,1,2,3,9,52,124,'ชีวะ - ชีวะ',NULL,'manual',NULL,'2025-11-14 08:36:39'),(3252,1,2,6,1,49,124,'ชีวะ - ชีวะ',NULL,'manual',NULL,'2025-11-14 08:36:46'),(3253,1,2,6,2,49,124,'ชีวะ - ชีวะ',NULL,'manual',NULL,'2025-11-14 08:36:46'),(3254,1,2,6,3,46,124,'ชีวะ - ชีวะ',NULL,'manual',NULL,'2025-11-14 08:36:50'),(3255,1,2,6,4,46,124,'ชีวะ - ชีวะ',NULL,'manual',NULL,'2025-11-14 08:36:50'),(3256,1,2,6,5,47,124,'ชีวะ - ชีวะ',NULL,'manual',NULL,'2025-11-14 08:36:54'),(3257,1,2,6,7,47,124,'ชีวะ - ชีวะ',NULL,'manual',NULL,'2025-11-14 08:36:59'),(3258,1,2,6,8,48,124,'ชีวะ - ชีวะ',NULL,'manual',NULL,'2025-11-14 08:37:03'),(3259,1,2,6,9,48,124,'ชีวะ - ชีวะ',NULL,'manual',NULL,'2025-11-14 08:37:03'),(3260,1,2,2,1,44,125,'ชีวะ - ชีวะ',NULL,'manual',NULL,'2025-11-14 08:39:01'),(3261,1,2,2,2,44,125,'ชีวะ - ชีวะ',NULL,'manual',NULL,'2025-11-14 08:39:01'),(3262,1,2,2,3,45,125,'ชีวะ - ชีวะ',NULL,'manual',NULL,'2025-11-14 08:39:03'),(3263,1,2,2,4,45,125,'ชีวะ - ชีวะ',NULL,'manual',NULL,'2025-11-14 08:39:03'),(3264,1,2,2,6,42,125,'ชีวะ - ชีวะ',NULL,'manual',NULL,'2025-11-14 08:44:06'),(3265,1,2,2,7,42,125,'ชีวะ - ชีวะ',NULL,'manual',NULL,'2025-11-14 08:44:06'),(3266,1,2,2,8,43,125,'ชีวะ - ชีวะ',NULL,'manual',NULL,'2025-11-14 08:44:09'),(3267,1,2,2,9,43,125,'ชีวะ - ชีวะ',NULL,'manual',NULL,'2025-11-14 08:44:09'),(3268,1,2,3,1,43,125,'ชีวะ - ชีวะ',NULL,'manual',NULL,'2025-11-14 08:44:13'),(3269,1,2,3,2,43,125,'ชีวะ - ชีวะ',NULL,'manual',NULL,'2025-11-14 08:44:13'),(3270,1,2,3,3,44,125,'ชีวะ - ชีวะ',NULL,'manual',NULL,'2025-11-14 08:44:53'),(3271,1,2,3,4,44,125,'ชีวะ - ชีวะ',NULL,'manual',NULL,'2025-11-14 08:44:53'),(3272,1,2,3,6,45,125,'ชีวะ - ชีวะ',NULL,'manual',NULL,'2025-11-14 08:44:56'),(3273,1,2,3,7,45,125,'ชีวะ - ชีวะ',NULL,'manual',NULL,'2025-11-14 08:44:56'),(3274,1,2,3,8,42,125,'ชีวะ - ชีวะ',NULL,'manual',NULL,'2025-11-14 08:44:58'),(3275,1,2,3,9,42,125,'ชีวะ - ชีวะ',NULL,'manual',NULL,'2025-11-14 08:44:58'),(3276,1,2,6,1,42,126,'คณิตศาสตร์ - คณิตศาสตร์',NULL,'manual',NULL,'2025-11-14 08:45:50'),(3277,1,2,6,2,42,126,'คณิตศาสตร์ - คณิตศาสตร์',NULL,'manual',NULL,'2025-11-14 08:45:50'),(3278,1,2,6,3,43,126,'คณิตศาสตร์ - คณิตศาสตร์',NULL,'manual',NULL,'2025-11-14 08:45:53'),(3279,1,2,6,4,43,126,'คณิตศาสตร์ - คณิตศาสตร์',NULL,'manual',NULL,'2025-11-14 08:45:53'),(3280,1,2,6,6,44,126,'คณิตศาสตร์ - คณิตศาสตร์',NULL,'manual',NULL,'2025-11-14 08:45:56'),(3281,1,2,6,7,44,126,'คณิตศาสตร์ - คณิตศาสตร์',NULL,'manual',NULL,'2025-11-14 08:45:56'),(3282,1,2,6,8,45,126,'คณิตศาสตร์ - คณิตศาสตร์',NULL,'manual',NULL,'2025-11-14 08:45:59'),(3283,1,2,6,9,45,126,'คณิตศาสตร์ - คณิตศาสตร์',NULL,'manual',NULL,'2025-11-14 08:45:59'),(3284,1,2,7,1,44,126,'คณิตศาสตร์ - คณิตศาสตร์',NULL,'manual',NULL,'2025-11-14 08:46:04'),(3285,1,2,7,2,44,126,'คณิตศาสตร์ - คณิตศาสตร์',NULL,'manual',NULL,'2025-11-14 08:46:04'),(3286,1,2,7,3,45,126,'คณิตศาสตร์ - คณิตศาสตร์',NULL,'manual',NULL,'2025-11-14 08:46:08'),(3287,1,2,7,4,45,126,'คณิตศาสตร์ - คณิตศาสตร์',NULL,'manual',NULL,'2025-11-14 08:46:08'),(3288,1,2,7,6,42,126,'คณิตศาสตร์ - คณิตศาสตร์',NULL,'manual',NULL,'2025-11-14 08:46:11'),(3289,1,2,7,7,42,126,'คณิตศาสตร์ - คณิตศาสตร์',NULL,'manual',NULL,'2025-11-14 08:46:11'),(3290,1,2,7,8,43,126,'คณิตศาสตร์ - คณิตศาสตร์',NULL,'manual',NULL,'2025-11-14 08:46:14'),(3291,1,2,7,9,43,126,'คณิตศาสตร์ - คณิตศาสตร์',NULL,'manual',NULL,'2025-11-14 08:46:14'),(3292,1,2,5,1,45,127,'คณิตศาสตร์ - คณิตศาสตร์',NULL,'manual',NULL,'2025-11-14 08:46:55'),(3293,1,2,5,2,45,127,'คณิตศาสตร์ - คณิตศาสตร์',NULL,'manual',NULL,'2025-11-14 08:46:55'),(3294,1,2,5,3,42,127,'คณิตศาสตร์ - คณิตศาสตร์',NULL,'manual',NULL,'2025-11-14 08:47:13'),(3295,1,2,5,4,42,127,'คณิตศาสตร์ - คณิตศาสตร์',NULL,'manual',NULL,'2025-11-14 08:47:13'),(3296,1,2,5,6,43,127,'คณิตศาสตร์ - คณิตศาสตร์',NULL,'manual',NULL,'2025-11-14 08:47:17'),(3297,1,2,5,7,43,127,'คณิตศาสตร์ - คณิตศาสตร์',NULL,'manual',NULL,'2025-11-14 08:47:17'),(3298,1,2,5,8,44,127,'คณิตศาสตร์ - คณิตศาสตร์',NULL,'manual',NULL,'2025-11-14 08:47:20'),(3299,1,2,5,9,44,127,'คณิตศาสตร์ - คณิตศาสตร์',NULL,'manual',NULL,'2025-11-14 08:47:20'),(3300,1,2,5,1,53,128,'คณิตศาสตร์ - คณิตศาสตร์',NULL,'manual',NULL,'2025-11-14 08:47:57'),(3301,1,2,5,2,53,128,'คณิตศาสตร์ - คณิตศาสตร์',NULL,'manual',NULL,'2025-11-14 08:47:57'),(3302,1,2,5,3,50,128,'คณิตศาสตร์ - คณิตศาสตร์',NULL,'manual',NULL,'2025-11-14 08:48:02'),(3303,1,2,5,4,50,128,'คณิตศาสตร์ - คณิตศาสตร์',NULL,'manual',NULL,'2025-11-14 08:48:02'),(3304,1,2,5,5,51,128,'คณิตศาสตร์ - คณิตศาสตร์',NULL,'manual',NULL,'2025-11-14 08:48:15'),(3305,1,2,5,7,51,128,'คณิตศาสตร์ - คณิตศาสตร์',NULL,'manual',NULL,'2025-11-14 08:48:20'),(3306,1,2,5,8,52,128,'คณิตศาสตร์ - คณิตศาสตร์',NULL,'manual',NULL,'2025-11-14 08:48:24'),(3307,1,2,5,9,52,128,'คณิตศาสตร์ - คณิตศาสตร์',NULL,'manual',NULL,'2025-11-14 08:48:24'),(3308,1,2,2,1,45,131,'ฟิสิกส์ - ฟิสิกส์',NULL,'manual',NULL,'2025-11-14 08:52:11'),(3309,1,2,2,2,45,131,'ฟิสิกส์ - ฟิสิกส์',NULL,'manual',NULL,'2025-11-14 08:52:11'),(3310,1,2,2,3,42,131,'ฟิสิกส์ - ฟิสิกส์',NULL,'manual',NULL,'2025-11-14 08:52:16'),(3311,1,2,2,4,42,131,'ฟิสิกส์ - ฟิสิกส์',NULL,'manual',NULL,'2025-11-14 08:52:16'),(3314,1,2,2,6,43,131,'ฟิสิกส์ - ฟิสิกส์',NULL,'manual',NULL,'2025-11-14 08:53:09'),(3315,1,2,2,7,43,131,'ฟิสิกส์ - ฟิสิกส์',NULL,'manual',NULL,'2025-11-14 08:53:09'),(3316,1,2,2,8,44,131,'ฟิสิกส์ - ฟิสิกส์',NULL,'manual',NULL,'2025-11-14 08:53:12'),(3317,1,2,2,9,44,131,'ฟิสิกส์ - ฟิสิกส์',NULL,'manual',NULL,'2025-11-14 08:53:12'),(3318,1,2,3,1,45,131,'ฟิสิกส์ - ฟิสิกส์',NULL,'manual',NULL,'2025-11-14 08:54:18'),(3319,1,2,3,2,45,131,'ฟิสิกส์ - ฟิสิกส์',NULL,'manual',NULL,'2025-11-14 08:54:18'),(3320,1,2,3,3,42,131,'ฟิสิกส์ - ฟิสิกส์',NULL,'manual',NULL,'2025-11-14 08:54:21'),(3321,1,2,3,4,42,131,'ฟิสิกส์ - ฟิสิกส์',NULL,'manual',NULL,'2025-11-14 08:54:21'),(3322,1,2,3,6,43,131,'ฟิสิกส์ - ฟิสิกส์',NULL,'manual',NULL,'2025-11-14 08:54:24'),(3323,1,2,3,7,43,131,'ฟิสิกส์ - ฟิสิกส์',NULL,'manual',NULL,'2025-11-14 08:54:24'),(3324,1,2,3,8,44,131,'ฟิสิกส์ - ฟิสิกส์',NULL,'manual',NULL,'2025-11-14 08:54:27'),(3325,1,2,3,9,44,131,'ฟิสิกส์ - ฟิสิกส์',NULL,'manual',NULL,'2025-11-14 08:54:27'),(3326,1,2,4,1,45,132,'ฟิสิกส์ - ฟิสิกส์',NULL,'manual',NULL,'2025-11-14 08:55:03'),(3327,1,2,4,2,45,132,'ฟิสิกส์ - ฟิสิกส์',NULL,'manual',NULL,'2025-11-14 08:55:03'),(3328,1,2,4,3,43,132,'ฟิสิกส์ - ฟิสิกส์',NULL,'manual',NULL,'2025-11-14 08:55:06'),(3329,1,2,4,4,43,132,'ฟิสิกส์ - ฟิสิกส์',NULL,'manual',NULL,'2025-11-14 08:55:06'),(3330,1,2,4,6,44,132,'ฟิสิกส์ - ฟิสิกส์',NULL,'manual',NULL,'2025-11-14 08:55:09'),(3331,1,2,4,7,44,132,'ฟิสิกส์ - ฟิสิกส์',NULL,'manual',NULL,'2025-11-14 08:55:09'),(3332,1,2,4,8,42,132,'ฟิสิกส์ - ฟิสิกส์',NULL,'manual',NULL,'2025-11-14 08:55:12'),(3333,1,2,4,9,42,132,'ฟิสิกส์ - ฟิสิกส์',NULL,'manual',NULL,'2025-11-14 08:55:12'),(3334,1,2,7,1,47,142,'ฟิสิกส์ - ฟิสิกส์',NULL,'manual',NULL,'2025-11-14 08:56:12'),(3335,1,2,7,2,47,142,'ฟิสิกส์ - ฟิสิกส์',NULL,'manual',NULL,'2025-11-14 08:56:12'),(3336,1,2,7,3,46,142,'ฟิสิกส์ - ฟิสิกส์',NULL,'manual',NULL,'2025-11-14 08:56:21'),(3337,1,2,7,4,46,142,'ฟิสิกส์ - ฟิสิกส์',NULL,'manual',NULL,'2025-11-14 08:56:21'),(3338,1,2,7,5,49,142,'ฟิสิกส์ - ฟิสิกส์',NULL,'manual',NULL,'2025-11-14 08:56:32'),(3339,1,2,7,7,49,142,'ฟิสิกส์ - ฟิสิกส์',NULL,'manual',NULL,'2025-11-14 08:56:42'),(3340,1,2,7,8,48,142,'ฟิสิกส์ - ฟิสิกส์',NULL,'manual',NULL,'2025-11-14 08:56:49'),(3341,1,2,7,9,48,142,'ฟิสิกส์ - ฟิสิกส์',NULL,'manual',NULL,'2025-11-14 08:56:49'),(3342,1,2,2,1,50,114,'ภาษาอังกฤษ - ภาษาอังกฤษ',NULL,'manual',NULL,'2025-11-14 08:59:45'),(3343,1,2,2,2,51,114,'ภาษาอังกฤษ - ภาษาอังกฤษ',NULL,'manual',NULL,'2025-11-14 08:59:51'),(3344,1,2,2,3,52,114,'ภาษาอังกฤษ - ภาษาอังกฤษ',NULL,'manual',NULL,'2025-11-14 08:59:55'),(3345,1,2,2,4,53,114,'ภาษาอังกฤษ - ภาษาอังกฤษ',NULL,'manual',NULL,'2025-11-14 09:00:06'),(3346,1,2,3,1,46,114,'ภาษาอังกฤษ - ภาษาอังกฤษ',NULL,'manual',NULL,'2025-11-14 09:00:14'),(3347,1,2,3,2,47,114,'ภาษาอังกฤษ - ภาษาอังกฤษ',NULL,'manual',NULL,'2025-11-14 09:00:22'),(3348,1,2,3,3,48,114,'ภาษาอังกฤษ - ภาษาอังกฤษ',NULL,'manual',NULL,'2025-11-14 09:00:25'),(3349,1,2,3,4,49,114,'ภาษาอังกฤษ - ภาษาอังกฤษ',NULL,'manual',NULL,'2025-11-14 09:00:29'),(3350,1,2,4,1,42,114,'ภาษาอังกฤษ - ภาษาอังกฤษ',NULL,'manual',NULL,'2025-11-14 09:00:35'),(3351,1,2,4,2,43,114,'ภาษาอังกฤษ - ภาษาอังกฤษ',NULL,'manual',NULL,'2025-11-14 09:00:38'),(3352,1,2,4,3,44,114,'ภาษาอังกฤษ - ภาษาอังกฤษ',NULL,'manual',NULL,'2025-11-14 09:00:41'),(3353,1,2,4,4,45,114,'ภาษาอังกฤษ - ภาษาอังกฤษ',NULL,'manual',NULL,'2025-11-14 09:00:45'),(3354,1,2,6,1,44,133,'ฟิสิกส์ - ฟิสิกส์',NULL,'manual',NULL,'2025-11-14 09:19:40'),(3355,1,2,6,2,44,133,'ฟิสิกส์ - ฟิสิกส์',NULL,'manual',NULL,'2025-11-14 09:19:40'),(3356,1,2,6,3,45,133,'ฟิสิกส์ - ฟิสิกส์',NULL,'manual',NULL,'2025-11-14 09:19:46'),(3357,1,2,6,4,45,133,'ฟิสิกส์ - ฟิสิกส์',NULL,'manual',NULL,'2025-11-14 09:19:46'),(3358,1,2,6,6,42,133,'ฟิสิกส์ - ฟิสิกส์',NULL,'manual',NULL,'2025-11-14 09:19:51'),(3359,1,2,6,7,42,133,'ฟิสิกส์ - ฟิสิกส์',NULL,'manual',NULL,'2025-11-14 09:19:51'),(3360,1,2,6,8,43,133,'ฟิสิกส์ - ฟิสิกส์',NULL,'manual',NULL,'2025-11-14 09:19:57'),(3361,1,2,6,9,43,133,'ฟิสิกส์ - ฟิสิกส์',NULL,'manual',NULL,'2025-11-14 09:19:57'),(3362,1,2,7,1,48,133,'ฟิสิกส์ - ฟิสิกส์',NULL,'manual',NULL,'2025-11-14 09:21:45'),(3363,1,2,7,2,48,133,'ฟิสิกส์ - ฟิสิกส์',NULL,'manual',NULL,'2025-11-14 09:21:45'),(3364,1,2,7,3,47,133,'ฟิสิกส์ - ฟิสิกส์',NULL,'manual',NULL,'2025-11-14 09:21:49'),(3365,1,2,7,4,47,133,'ฟิสิกส์ - ฟิสิกส์',NULL,'manual',NULL,'2025-11-14 09:21:49'),(3366,1,2,7,5,46,133,'ฟิสิกส์ - ฟิสิกส์',NULL,'manual',NULL,'2025-11-14 09:21:57'),(3367,1,2,7,7,46,133,'ฟิสิกส์ - ฟิสิกส์',NULL,'manual',NULL,'2025-11-14 09:22:02'),(3368,1,2,7,8,49,133,'ฟิสิกส์ - ฟิสิกส์',NULL,'manual',NULL,'2025-11-14 09:22:07'),(3369,1,2,7,9,49,133,'ฟิสิกส์ - ฟิสิกส์',NULL,'manual',NULL,'2025-11-14 09:22:07'),(3370,1,2,2,1,48,134,'ฟิสิกส์ - ฟิสิกส์',NULL,'manual',NULL,'2025-11-14 09:24:50'),(3371,1,2,2,2,48,134,'ฟิสิกส์ - ฟิสิกส์',NULL,'manual',NULL,'2025-11-14 09:24:50'),(3372,1,2,2,3,49,134,'ฟิสิกส์ - ฟิสิกส์',NULL,'manual',NULL,'2025-11-14 09:24:52'),(3373,1,2,2,4,49,134,'ฟิสิกส์ - ฟิสิกส์',NULL,'manual',NULL,'2025-11-14 09:24:52'),(3374,1,2,2,5,46,134,'ฟิสิกส์ - ฟิสิกส์',NULL,'manual',NULL,'2025-11-14 09:25:00'),(3375,1,2,2,7,46,134,'ฟิสิกส์ - ฟิสิกส์',NULL,'manual',NULL,'2025-11-14 09:25:05'),(3376,1,2,2,8,47,134,'ฟิสิกส์ - ฟิสิกส์',NULL,'manual',NULL,'2025-11-14 09:25:11'),(3377,1,2,2,9,47,134,'ฟิสิกส์ - ฟิสิกส์',NULL,'manual',NULL,'2025-11-14 09:25:11'),(3378,1,2,4,1,50,134,'ฟิสิกส์ - ฟิสิกส์',NULL,'manual',NULL,'2025-11-14 09:25:17'),(3379,1,2,4,2,50,134,'ฟิสิกส์ - ฟิสิกส์',NULL,'manual',NULL,'2025-11-14 09:25:17'),(3380,1,2,4,3,51,134,'ฟิสิกส์ - ฟิสิกส์',NULL,'manual',NULL,'2025-11-14 09:25:21'),(3381,1,2,4,4,51,134,'ฟิสิกส์ - ฟิสิกส์',NULL,'manual',NULL,'2025-11-14 09:25:21'),(3382,1,2,4,5,52,134,'ฟิสิกส์ - ฟิสิกส์',NULL,'manual',NULL,'2025-11-14 09:25:27'),(3383,1,2,4,7,52,134,'ฟิสิกส์ - ฟิสิกส์',NULL,'manual',NULL,'2025-11-14 09:25:34'),(3384,1,2,4,8,53,134,'ฟิสิกส์ - ฟิสิกส์',NULL,'manual',NULL,'2025-11-14 09:25:42'),(3385,1,2,4,9,53,134,'ฟิสิกส์ - ฟิสิกส์',NULL,'manual',NULL,'2025-11-14 09:25:42'),(3386,1,2,6,1,48,135,'ฟิสิกส์ - ฟิสิกส์',NULL,'manual',NULL,'2025-11-14 09:29:25'),(3387,1,2,6,2,48,135,'ฟิสิกส์ - ฟิสิกส์',NULL,'manual',NULL,'2025-11-14 09:29:25'),(3388,1,2,6,3,49,135,'ฟิสิกส์ - ฟิสิกส์',NULL,'manual',NULL,'2025-11-14 09:29:30'),(3389,1,2,6,4,49,135,'ฟิสิกส์ - ฟิสิกส์',NULL,'manual',NULL,'2025-11-14 09:29:30'),(3390,1,2,6,5,46,135,'ฟิสิกส์ - ฟิสิกส์',NULL,'manual',NULL,'2025-11-14 09:29:34'),(3391,1,2,6,7,46,135,'ฟิสิกส์ - ฟิสิกส์',NULL,'manual',NULL,'2025-11-14 09:29:39'),(3392,1,2,6,8,47,135,'ฟิสิกส์ - ฟิสิกส์',NULL,'manual',NULL,'2025-11-14 09:29:42'),(3393,1,2,6,9,47,135,'ฟิสิกส์ - ฟิสิกส์',NULL,'manual',NULL,'2025-11-14 09:29:42'),(3394,1,2,6,1,53,136,'ฟิสิกส์ - ฟิสิกส์',NULL,'manual',NULL,'2025-11-14 09:33:40'),(3395,1,2,6,2,53,136,'ฟิสิกส์ - ฟิสิกส์',NULL,'manual',NULL,'2025-11-14 09:33:40'),(3396,1,2,6,3,50,136,'ฟิสิกส์ - ฟิสิกส์',NULL,'manual',NULL,'2025-11-14 09:33:44'),(3397,1,2,6,4,50,136,'ฟิสิกส์ - ฟิสิกส์',NULL,'manual',NULL,'2025-11-14 09:33:44'),(3398,1,2,6,5,51,136,'ฟิสิกส์ - ฟิสิกส์',NULL,'manual',NULL,'2025-11-14 09:33:50'),(3399,1,2,6,7,51,136,'ฟิสิกส์ - ฟิสิกส์',NULL,'manual',NULL,'2025-11-14 09:33:55'),(3400,1,2,6,8,52,136,'ฟิสิกส์ - ฟิสิกส์',NULL,'manual',NULL,'2025-11-14 09:33:59'),(3401,1,2,6,9,52,136,'ฟิสิกส์ - ฟิสิกส์',NULL,'manual',NULL,'2025-11-14 09:33:59'),(3402,1,2,7,1,53,136,'ฟิสิกส์ - ฟิสิกส์',NULL,'manual',NULL,'2025-11-14 09:34:03'),(3403,1,2,7,2,53,136,'ฟิสิกส์ - ฟิสิกส์',NULL,'manual',NULL,'2025-11-14 09:34:03'),(3404,1,2,7,3,50,136,'ฟิสิกส์ - ฟิสิกส์',NULL,'manual',NULL,'2025-11-14 09:34:07'),(3405,1,2,7,4,50,136,'ฟิสิกส์ - ฟิสิกส์',NULL,'manual',NULL,'2025-11-14 09:34:07'),(3406,1,2,7,5,51,136,'ฟิสิกส์ - ฟิสิกส์',NULL,'manual',NULL,'2025-11-14 09:34:13'),(3407,1,2,7,7,51,136,'ฟิสิกส์ - ฟิสิกส์',NULL,'manual',NULL,'2025-11-14 09:34:17'),(3408,1,2,7,8,52,136,'ฟิสิกส์ - ฟิสิกส์',NULL,'manual',NULL,'2025-11-14 09:34:21'),(3409,1,2,7,9,52,136,'ฟิสิกส์ - ฟิสิกส์',NULL,'manual',NULL,'2025-11-14 09:34:21'),(3410,1,2,7,1,51,137,'ฟิสิกส์ - ฟิสิกส์',NULL,'manual',NULL,'2025-11-14 09:36:15'),(3411,1,2,7,2,51,137,'ฟิสิกส์ - ฟิสิกส์',NULL,'manual',NULL,'2025-11-14 09:36:15'),(3412,1,2,7,3,52,137,'ฟิสิกส์ - ฟิสิกส์',NULL,'manual',NULL,'2025-11-14 09:36:19'),(3413,1,2,7,4,52,137,'ฟิสิกส์ - ฟิสิกส์',NULL,'manual',NULL,'2025-11-14 09:36:19'),(3414,1,2,7,5,53,137,'ฟิสิกส์ - ฟิสิกส์',NULL,'manual',NULL,'2025-11-14 09:36:25'),(3415,1,2,7,7,53,137,'ฟิสิกส์ - ฟิสิกส์',NULL,'manual',NULL,'2025-11-14 09:36:29'),(3416,1,2,7,8,50,137,'ฟิสิกส์ - ฟิสิกส์',NULL,'manual',NULL,'2025-11-14 09:36:34'),(3417,1,2,7,9,50,137,'ฟิสิกส์ - ฟิสิกส์',NULL,'manual',NULL,'2025-11-14 09:36:34'),(3418,1,2,6,1,50,138,'ดาราศาสตร์ - ดาราศาสตร์',NULL,'manual',NULL,'2025-11-14 09:37:11'),(3419,1,2,6,2,50,138,'ดาราศาสตร์ - ดาราศาสตร์',NULL,'manual',NULL,'2025-11-14 09:37:11'),(3420,1,2,6,3,51,138,'ดาราศาสตร์ - ดาราศาสตร์',NULL,'manual',NULL,'2025-11-14 09:37:15'),(3421,1,2,6,4,51,138,'ดาราศาสตร์ - ดาราศาสตร์',NULL,'manual',NULL,'2025-11-14 09:37:15'),(3422,1,2,6,5,52,138,'ดาราศาสตร์ - ดาราศาสตร์',NULL,'manual',NULL,'2025-11-14 09:37:22'),(3423,1,2,6,7,52,138,'ดาราศาสตร์ - ดาราศาสตร์',NULL,'manual',NULL,'2025-11-14 09:37:29'),(3424,1,2,6,8,53,138,'ดาราศาสตร์ - ดาราศาสตร์',NULL,'manual',NULL,'2025-11-14 09:37:32'),(3425,1,2,6,9,53,138,'ดาราศาสตร์ - ดาราศาสตร์',NULL,'manual',NULL,'2025-11-14 09:37:32'),(3426,1,2,7,1,46,138,'ดาราศาสตร์ - ดาราศาสตร์',NULL,'manual',NULL,'2025-11-14 09:37:35'),(3427,1,2,7,2,46,138,'ดาราศาสตร์ - ดาราศาสตร์',NULL,'manual',NULL,'2025-11-14 09:37:35'),(3428,1,2,7,3,49,138,'ดาราศาสตร์ - ดาราศาสตร์',NULL,'manual',NULL,'2025-11-14 09:37:49'),(3429,1,2,7,4,49,138,'ดาราศาสตร์ - ดาราศาสตร์',NULL,'manual',NULL,'2025-11-14 09:37:49'),(3430,1,2,7,5,48,138,'ดาราศาสตร์ - ดาราศาสตร์',NULL,'manual',NULL,'2025-11-14 09:37:53'),(3431,1,2,7,7,48,138,'ดาราศาสตร์ - ดาราศาสตร์',NULL,'manual',NULL,'2025-11-14 09:37:59'),(3432,1,2,7,8,47,138,'ดาราศาสตร์ - ดาราศาสตร์',NULL,'manual',NULL,'2025-11-14 09:38:02'),(3433,1,2,7,9,47,138,'ดาราศาสตร์ - ดาราศาสตร์',NULL,'manual',NULL,'2025-11-14 09:38:02'),(3434,1,2,7,1,45,139,'ดาราศาสตร์ - ดาราศาสตร์',NULL,'manual',NULL,'2025-11-14 09:39:23'),(3435,1,2,7,2,45,139,'ดาราศาสตร์ - ดาราศาสตร์',NULL,'manual',NULL,'2025-11-14 09:39:23'),(3436,1,2,7,3,42,139,'ดาราศาสตร์ - ดาราศาสตร์',NULL,'manual',NULL,'2025-11-14 09:39:27'),(3437,1,2,7,4,42,139,'ดาราศาสตร์ - ดาราศาสตร์',NULL,'manual',NULL,'2025-11-14 09:39:27'),(3438,1,2,7,6,43,139,'ดาราศาสตร์ - ดาราศาสตร์',NULL,'manual',NULL,'2025-11-14 09:39:30'),(3439,1,2,7,7,43,139,'ดาราศาสตร์ - ดาราศาสตร์',NULL,'manual',NULL,'2025-11-14 09:39:30'),(3440,1,2,7,8,44,139,'ดาราศาสตร์ - ดาราศาสตร์',NULL,'manual',NULL,'2025-11-14 09:39:34'),(3441,1,2,7,9,44,139,'ดาราศาสตร์ - ดาราศาสตร์',NULL,'manual',NULL,'2025-11-14 09:39:34'),(3442,1,2,2,1,49,140,'สังคม - สังคม',NULL,'manual',NULL,'2025-11-14 09:40:23'),(3443,1,2,2,2,49,140,'สังคม - สังคม',NULL,'manual',NULL,'2025-11-14 09:40:23'),(3444,1,2,2,3,46,140,'สังคม - สังคม',NULL,'manual',NULL,'2025-11-14 09:40:27'),(3445,1,2,2,4,46,140,'สังคม - สังคม',NULL,'manual',NULL,'2025-11-14 09:40:27'),(3446,1,2,2,5,47,140,'สังคม - สังคม',NULL,'manual',NULL,'2025-11-14 09:40:32'),(3447,1,2,2,7,47,140,'สังคม - สังคม',NULL,'manual',NULL,'2025-11-14 09:40:37'),(3448,1,2,2,8,48,140,'สังคม - สังคม',NULL,'manual',NULL,'2025-11-14 09:40:40'),(3449,1,2,2,9,48,140,'สังคม - สังคม',NULL,'manual',NULL,'2025-11-14 09:40:40'),(3450,1,2,3,1,44,140,'สังคม - สังคม',NULL,'manual',NULL,'2025-11-14 09:40:44'),(3451,1,2,3,2,44,140,'สังคม - สังคม',NULL,'manual',NULL,'2025-11-14 09:40:44'),(3452,1,2,3,3,45,140,'สังคม - สังคม',NULL,'manual',NULL,'2025-11-14 09:40:47'),(3453,1,2,3,4,45,140,'สังคม - สังคม',NULL,'manual',NULL,'2025-11-14 09:40:47'),(3454,1,2,3,6,42,140,'สังคม - สังคม',NULL,'manual',NULL,'2025-11-14 09:43:53'),(3455,1,2,3,7,42,140,'สังคม - สังคม',NULL,'manual',NULL,'2025-11-14 09:43:53'),(3456,1,2,3,8,43,140,'สังคม - สังคม',NULL,'manual',NULL,'2025-11-14 09:43:59'),(3457,1,2,3,9,43,140,'สังคม - สังคม',NULL,'manual',NULL,'2025-11-14 09:43:59'),(3458,1,2,5,1,52,140,'สังคม - สังคม',NULL,'manual',NULL,'2025-11-14 09:44:09'),(3459,1,2,5,2,52,140,'สังคม - สังคม',NULL,'manual',NULL,'2025-11-14 09:44:09'),(3460,1,2,5,3,53,140,'สังคม - สังคม',NULL,'manual',NULL,'2025-11-14 09:44:13'),(3461,1,2,5,4,53,140,'สังคม - สังคม',NULL,'manual',NULL,'2025-11-14 09:44:14'),(3462,1,2,5,5,50,140,'สังคม - สังคม',NULL,'manual',NULL,'2025-11-14 09:44:18'),(3463,1,2,5,7,50,140,'สังคม - สังคม',NULL,'manual',NULL,'2025-11-14 09:44:24'),(3464,1,2,5,8,51,140,'สังคม - สังคม',NULL,'manual',NULL,'2025-11-14 09:44:27'),(3465,1,2,5,9,51,140,'สังคม - สังคม',NULL,'manual',NULL,'2025-11-14 09:44:27'),(3466,1,2,6,1,51,141,'ภาษาไทย - ภาษาไทย',NULL,'manual',NULL,'2025-11-14 09:45:06'),(3467,1,2,6,2,51,141,'ภาษาไทย - ภาษาไทย',NULL,'manual',NULL,'2025-11-14 09:45:06'),(3468,1,2,6,3,52,141,'ภาษาไทย - ภาษาไทย',NULL,'manual',NULL,'2025-11-14 09:45:09'),(3469,1,2,6,4,52,141,'ภาษาไทย - ภาษาไทย',NULL,'manual',NULL,'2025-11-14 09:45:09'),(3470,1,2,6,5,53,141,'ภาษาไทย - ภาษาไทย',NULL,'manual',NULL,'2025-11-14 09:45:14'),(3471,1,2,6,7,53,141,'ภาษาไทย - ภาษาไทย',NULL,'manual',NULL,'2025-11-14 09:45:19'),(3472,1,2,6,8,50,141,'ภาษาไทย - ภาษาไทย',NULL,'manual',NULL,'2025-11-14 09:45:21'),(3473,1,2,6,9,50,141,'ภาษาไทย - ภาษาไทย',NULL,'manual',NULL,'2025-11-14 09:45:21'),(3474,1,2,2,1,42,113,'ภาษาอังกฤษ - ภาษาอังกฤษ',NULL,'manual',NULL,'2025-11-14 09:46:45'),(3475,1,2,2,2,42,113,'ภาษาอังกฤษ - ภาษาอังกฤษ',NULL,'manual',NULL,'2025-11-14 09:46:45'),(3476,1,2,2,3,43,113,'ภาษาอังกฤษ - ภาษาอังกฤษ',NULL,'manual',NULL,'2025-11-14 09:46:48'),(3477,1,2,2,4,43,113,'ภาษาอังกฤษ - ภาษาอังกฤษ',NULL,'manual',NULL,'2025-11-14 09:46:48'),(3478,1,2,2,6,44,113,'ภาษาอังกฤษ - ภาษาอังกฤษ',NULL,'manual',NULL,'2025-11-14 09:46:51'),(3479,1,2,2,7,44,113,'ภาษาอังกฤษ - ภาษาอังกฤษ',NULL,'manual',NULL,'2025-11-14 09:46:51'),(3480,1,2,2,8,45,113,'ภาษาอังกฤษ - ภาษาอังกฤษ',NULL,'manual',NULL,'2025-11-14 09:46:54'),(3481,1,2,2,9,45,113,'ภาษาอังกฤษ - ภาษาอังกฤษ',NULL,'manual',NULL,'2025-11-14 09:46:54'),(3482,1,2,3,1,52,113,'ภาษาอังกฤษ - ภาษาอังกฤษ',NULL,'manual',NULL,'2025-11-14 09:46:58'),(3483,1,2,3,2,52,113,'ภาษาอังกฤษ - ภาษาอังกฤษ',NULL,'manual',NULL,'2025-11-14 09:46:58'),(3484,1,2,3,3,53,113,'ภาษาอังกฤษ - ภาษาอังกฤษ',NULL,'manual',NULL,'2025-11-14 09:47:01'),(3485,1,2,3,4,53,113,'ภาษาอังกฤษ - ภาษาอังกฤษ',NULL,'manual',NULL,'2025-11-14 09:47:01'),(3486,1,2,3,5,50,113,'ภาษาอังกฤษ - ภาษาอังกฤษ',NULL,'manual',NULL,'2025-11-14 09:47:05'),(3487,1,2,3,7,50,113,'ภาษาอังกฤษ - ภาษาอังกฤษ',NULL,'manual',NULL,'2025-11-14 09:47:10'),(3488,1,2,3,8,51,113,'ภาษาอังกฤษ - ภาษาอังกฤษ',NULL,'manual',NULL,'2025-11-14 09:47:14'),(3489,1,2,3,9,51,113,'ภาษาอังกฤษ - ภาษาอังกฤษ',NULL,'manual',NULL,'2025-11-14 09:47:14'),(3490,1,2,4,1,46,113,'ภาษาอังกฤษ - ภาษาอังกฤษ',NULL,'manual',NULL,'2025-11-14 09:47:18'),(3491,1,2,4,2,46,113,'ภาษาอังกฤษ - ภาษาอังกฤษ',NULL,'manual',NULL,'2025-11-14 09:47:18'),(3492,1,2,4,3,47,113,'ภาษาอังกฤษ - ภาษาอังกฤษ',NULL,'manual',NULL,'2025-11-14 09:47:21'),(3493,1,2,4,4,47,113,'ภาษาอังกฤษ - ภาษาอังกฤษ',NULL,'manual',NULL,'2025-11-14 09:47:21'),(3494,1,2,4,5,48,113,'ภาษาอังกฤษ - ภาษาอังกฤษ',NULL,'manual',NULL,'2025-11-14 09:47:43'),(3495,1,2,4,7,48,113,'ภาษาอังกฤษ - ภาษาอังกฤษ',NULL,'manual',NULL,'2025-11-14 09:47:49'),(3496,1,2,4,8,49,113,'ภาษาอังกฤษ - ภาษาอังกฤษ',NULL,'manual',NULL,'2025-11-14 09:48:29'),(3497,1,2,4,9,49,113,'ภาษาอังกฤษ - ภาษาอังกฤษ',NULL,'manual',NULL,'2025-11-14 09:48:29'),(3498,1,2,5,2,43,85,'QQEnglish - QQEnglish',63,'manual',NULL,'2025-11-14 10:27:13'),(3499,1,2,5,4,44,85,'QQEnglish - QQEnglish',63,'manual',NULL,'2025-11-14 10:27:18'),(3500,1,2,5,7,45,85,'QQEnglish - QQEnglish',63,'manual',NULL,'2025-11-14 10:27:21'),(3501,1,2,5,8,42,85,'QQEnglish - QQEnglish',63,'manual',NULL,'2025-11-14 10:27:24'),(3502,1,2,2,1,51,67,'ดนตรี/นาฏศิลป์ - ดนตรี/นาฏศิลป์',NULL,'manual',NULL,'2025-11-14 10:37:28'),(3503,1,2,2,2,52,67,'ดนตรี/นาฏศิลป์ - ดนตรี/นาฏศิลป์',NULL,'manual',NULL,'2025-11-14 10:37:31'),(3504,1,2,2,5,53,67,'ดนตรี/นาฏศิลป์ - ดนตรี/นาฏศิลป์',NULL,'manual',NULL,'2025-11-14 10:37:35'),(3505,1,2,2,7,50,67,'ดนตรี/นาฏศิลป์ - ดนตรี/นาฏศิลป์',NULL,'manual',NULL,'2025-11-14 10:37:38'),(3506,1,2,3,1,49,67,'ดนตรี/นาฏศิลป์ - ดนตรี/นาฏศิลป์',NULL,'manual',NULL,'2025-11-14 10:37:42'),(3507,1,2,3,2,48,67,'ดนตรี/นาฏศิลป์ - ดนตรี/นาฏศิลป์',NULL,'manual',NULL,'2025-11-14 10:37:46'),(3508,1,2,3,3,47,67,'ดนตรี/นาฏศิลป์ - ดนตรี/นาฏศิลป์',NULL,'manual',NULL,'2025-11-14 10:37:50'),(3509,1,2,3,7,46,67,'ดนตรี/นาฏศิลป์ - ดนตรี/นาฏศิลป์',NULL,'manual',NULL,'2025-11-14 10:37:54'),(3510,1,2,4,1,44,67,'ดนตรี/นาฏศิลป์ - ดนตรี/นาฏศิลป์',NULL,'manual',NULL,'2025-11-14 10:37:58'),(3511,1,2,4,2,42,67,'ดนตรี/นาฏศิลป์ - ดนตรี/นาฏศิลป์',NULL,'manual',NULL,'2025-11-14 10:38:01'),(3512,1,2,4,3,45,67,'ดนตรี/นาฏศิลป์ - ดนตรี/นาฏศิลป์',NULL,'manual',NULL,'2025-11-14 10:38:05'),(3513,1,2,4,8,43,67,'ดนตรี/นาฏศิลป์ - ดนตรี/นาฏศิลป์',NULL,'manual',NULL,'2025-11-14 10:38:09'),(3514,1,2,4,2,48,86,'QQEnglish - QQEnglish',63,'manual',NULL,'2025-11-14 11:56:02'),(3515,1,2,4,4,49,86,'QQEnglish - QQEnglish',63,'manual',NULL,'2025-11-14 11:56:07'),(3516,1,2,4,7,46,86,'QQEnglish - QQEnglish',63,'manual',NULL,'2025-11-14 11:56:11'),(3517,1,2,4,9,47,86,'QQEnglish - QQEnglish',63,'manual',NULL,'2025-11-14 11:56:14'),(3518,1,2,3,2,50,88,'QQEnglish - QQEnglish',63,'manual',NULL,'2025-11-14 11:56:50'),(3519,1,2,3,4,51,88,'QQEnglish - QQEnglish',63,'manual',NULL,'2025-11-14 11:56:54'),(3520,1,2,3,7,52,88,'QQEnglish - QQEnglish',63,'manual',NULL,'2025-11-14 11:56:59'),(3521,1,2,3,9,53,88,'QQEnglish - QQEnglish',63,'manual',NULL,'2025-11-14 11:57:03'),(3522,1,2,5,1,12,88,'QQEnglish - QQEnglish',64,'manual',NULL,'2025-11-14 11:57:19'),(3523,1,2,5,2,13,88,'QQEnglish - QQEnglish',64,'manual',NULL,'2025-11-14 11:57:24'),(3524,1,2,5,4,14,88,'QQEnglish - QQEnglish',64,'manual',NULL,'2025-11-14 11:57:34'),(3525,1,2,5,7,15,88,'QQEnglish - QQEnglish',64,'manual',NULL,'2025-11-14 11:57:47'),(3526,1,2,5,8,16,88,'QQEnglish - QQEnglish',64,'manual',NULL,'2025-11-14 11:57:52'),(3527,1,2,1,5,1,89,'QQEnglish - QQEnglish',64,'manual',NULL,'2025-11-17 07:47:19'),(3528,1,2,1,7,2,89,'QQEnglish - QQEnglish',64,'manual',NULL,'2025-11-17 07:47:42'),(3529,1,2,1,8,3,89,'QQEnglish - QQEnglish',64,'manual',NULL,'2025-11-17 07:47:48'),(3530,1,2,1,9,4,89,'QQEnglish - QQEnglish',64,'manual',NULL,'2025-11-17 07:47:54'),(3531,1,2,2,9,5,64,'ศิลปะ - ศิลปะ',NULL,'manual',NULL,'2025-11-17 07:49:26'),(3532,1,2,3,9,5,89,'QQEnglish - QQEnglish',64,'manual',NULL,'2025-11-17 07:49:43'),(3533,1,2,2,1,36,89,'เทคโนโลยี - เทคโนโลยี',115,'manual',NULL,'2025-11-17 07:49:55'),(3534,1,2,2,2,37,89,'เทคโนโลยี - เทคโนโลยี',115,'manual',NULL,'2025-11-17 07:50:02'),(3535,1,2,2,6,39,89,'เทคโนโลยี - เทคโนโลยี',115,'manual',NULL,'2025-11-17 07:50:16'),(3536,1,2,2,8,41,89,'เทคโนโลยี - เทคโนโลยี',115,'manual',NULL,'2025-11-17 07:50:22'),(3537,1,2,3,1,31,89,'เทคโนโลยี - เทคโนโลยี',115,'manual',NULL,'2025-11-17 07:50:31'),(3538,1,2,3,3,30,89,'เทคโนโลยี - เทคโนโลยี',115,'manual',NULL,'2025-11-17 07:50:38'),(3539,1,2,4,1,32,89,'เทคโนโลยี - เทคโนโลยี',115,'manual',NULL,'2025-11-17 07:50:53'),(3540,1,2,4,2,59,89,'เทคโนโลยี - เทคโนโลยี',115,'manual',NULL,'2025-11-17 07:51:06'),(3541,1,2,5,3,38,89,'เทคโนโลยี - เทคโนโลยี',115,'manual',NULL,'2025-11-17 07:51:19'),(3542,1,2,5,6,40,89,'เทคโนโลยี - เทคโนโลยี',115,'manual',NULL,'2025-11-17 07:51:32'),(3543,1,2,4,9,35,89,'เทคโนโลยี - เทคโนโลยี',115,'manual',NULL,'2025-11-17 07:51:39'),(3544,1,2,4,8,34,89,'เทคโนโลยี - เทคโนโลยี',115,'manual',NULL,'2025-11-17 07:51:46'),(3545,1,2,4,6,33,89,'เทคโนโลยี - เทคโนโลยี',115,'manual',NULL,'2025-11-17 07:51:52'),(3546,1,2,5,1,60,89,'เทคโนโลยี - เทคโนโลยี',115,'manual',NULL,'2025-11-17 07:52:18'),(3547,1,2,5,2,61,89,'เทคโนโลยี - เทคโนโลยี',115,'manual',NULL,'2025-11-17 07:52:24');
/*!40000 ALTER TABLE `timetable_slots` ENABLE KEYS */;
UNLOCK TABLES;

--
-- Table structure for table `users`
--

DROP TABLE IF EXISTS `users`;
/*!40101 SET @saved_cs_client     = @@character_set_client */;
/*!40101 SET character_set_client = utf8 */;
CREATE TABLE `users` (
  `id` int(10) unsigned NOT NULL AUTO_INCREMENT,
  `name` varchar(100) NOT NULL,
  `username` varchar(190) NOT NULL,
  `password_hash` varchar(255) NOT NULL,
  `role` enum('admin','user') NOT NULL DEFAULT 'admin',
  `created_at` timestamp NOT NULL DEFAULT current_timestamp(),
  PRIMARY KEY (`id`),
  UNIQUE KEY `email` (`username`),
  UNIQUE KEY `username` (`username`)
) ENGINE=InnoDB AUTO_INCREMENT=10 DEFAULT CHARSET=utf8mb4 COLLATE=utf8mb4_general_ci;
/*!40101 SET character_set_client = @saved_cs_client */;

--
-- Dumping data for table `users`
--

LOCK TABLES `users` WRITE;
/*!40000 ALTER TABLE `users` DISABLE KEYS */;
INSERT INTO `users` VALUES (1,'Administrator','admin','$2y$10$j3r.Ioc4HefUNURM/D6roOJT.zNJ0V5/WFD.oSCDVpg7CIMzXlcBa','admin','2025-10-21 01:35:51'),(4,'user','user','$2y$10$LKjGj0vLodtDc186zjTJDuSe.OvYIeD6sjKLtJuNqd58S5rEhgQRC','user','2025-10-27 01:39:10'),(5,'นายปรมัย สัมเภาว์มาลย์','t00466','$2y$10$G/nZv.48FFGzuIdwil8eM.RhAAb3vQsIVVPDCFU5155pVqHjKOYGm','user','2025-11-14 03:51:39'),(6,'นายธนา บุญชู','t00241','$2y$10$Avsx7b41u6wY34q5EH4hz.r03Bl3QyBJpOqYD5b.6DElPDG//3zue','admin','2025-11-14 03:53:43'),(7,'นายพรพจน์ พฤกษานันท์','t00254','$2y$10$nUhtT/n3mgyJgCtT.FWMnu4rWjsaW8fGJLRJgfEbozewiBeWqBqzy','admin','2025-11-14 03:54:49'),(8,'นายขวัญชัย เณรแตง','t00423','$2y$10$FfQOMUtsSGbhp4Np5AYP/uIMEuquuKdezBahvnGxZtldv9aprNkP.','user','2025-11-17 07:19:10'),(9,'นายสุเมธ พงษ์ภีละ','t00418','$2y$10$iTzmo1CzXF.sV4CQuaFjEe.pqc76xlUpo4A4KdCPklRw/Efvtmg3q','user','2025-11-17 07:20:06');
/*!40000 ALTER TABLE `users` ENABLE KEYS */;
UNLOCK TABLES;
/*!40103 SET TIME_ZONE=@OLD_TIME_ZONE */;

/*!40101 SET SQL_MODE=@OLD_SQL_MODE */;
/*!40014 SET FOREIGN_KEY_CHECKS=@OLD_FOREIGN_KEY_CHECKS */;
/*!40014 SET UNIQUE_CHECKS=@OLD_UNIQUE_CHECKS */;
/*!40101 SET CHARACTER_SET_CLIENT=@OLD_CHARACTER_SET_CLIENT */;
/*!40101 SET CHARACTER_SET_RESULTS=@OLD_CHARACTER_SET_RESULTS */;
/*!40101 SET COLLATION_CONNECTION=@OLD_COLLATION_CONNECTION */;
/*!40111 SET SQL_NOTES=@OLD_SQL_NOTES */;

-- Dump completed on 2025-11-19 15:54:05
